Review_Text,Sentiment_Class
ഞാനും i phone വാങ്ങി .BUT Android feel miss ച്ചെ യുന്നു,Mixed Feelings
Esim ആക്റ്റീവ് ചെയ്യാൻ പറ്റുന്ന കുറഞ്ഞ ഫോൺ പറയാവോ? പിന്നെ ഐഫോൺ ഇഷ്ടമല്ല മലയാളത്തിൽ മയിൽ എന്ന് എഴുതിയാൽ ---വരും... മലയാളം കൂടി നല്ലപോലെ ടൈപ്പ് ചെയ്യാൻ കഴിഞ്ഞെങ്കിൽ ഞാൻ ഐഫോൺ എടുത്തേനേ,Mixed Feelings
@games channel കവീഡിയോ  ഒരു  രക്ഷയുമില്ല.!  ഫോട്ടോഗ്രഫിയിലും  വിഡിയോയിലും ഞാൻ  സാറ്റിസ്‌ഫൈഡ്  ആണ് .   ഇത്തിരി  കൂടെ  പെർഫോമെൻസ്  ഫോക്കസ്‌  ഒക്കെ  വേണമെങ്കിൽ  13 പ്രോ  ആയിരിക്കും  ബെറ്റർ,Mixed Feelings
iPhone എന്നും പുലിയാ  പക്ഷെ  പണം?,Mixed Feelings
applnte ഒരു ബിസിനസ് ഭാഗം ആയിട്ടാണ് 12/13 ഒക്കെ ഇറക്കുന്നത് പുതിയ device വാങ്ങുന്നവർ ഒരിക്കലും 13 എടുക്കരുത് 256 ജിബി ഏകദേശം 90 thusnd rupees വരുന്നുണ്ട്. ഒരു 15 അതികം കൊടുത്താൽ പ്രൊ കിട്ടും അത് എടുത്തോ അല്ലെങ്കിൽ ബിഗ്‌ബിലിയോൺ days എന്നും പറഞ്ഞു അവന്മ്മാര് നമ്മളെ മൂൻജ്ജിക്കും,Mixed Feelings
ഒരേ ഒരു ഗുണം വീഡിയോ powli ആണ്😊..ഫോട്ടോ ബെറ്റർ ആകുന്നത് s23 ultra aanu ..Best phone i think iqoo nte phn medikkuka kodukkunna paisakku muthal aakunna ithupole oru phn vere illa,Mixed Feelings
ഞാൻ ആദ്യമായി ഒരു apple product വാങ്ങി. Apple productsil value for money എന്ന് തോന്നിയ ഒരേ ഒരു സാധനം..Ipad Air 5 with M1 processor. 50k..iOS nu ഒരുപാട് limitation ഉണ്ടെന്നു മനസിലായി.,Mixed Feelings
"samsung ഒരു cheap ബ്രാൻഡ് ആണ്... എത്രയോ local phones ഇറക്കീട്ടുണ്ട്, samsung ന്റെ budget phones പലതും oppo ആയിട്ട് പോലും compare ചെയ്യാൻ പറ്റില്ല ... samsung A 71 ആണെന്ന് തോന്നുന്നു online class attend ചെയ്യാൻ ഒരു കുട്ടിക്ക് വാങ്ങിച്ചു കൊടുത്തിട്ട് 1year ആകുന്നെന് മുൻപേ complaint ആയിട്ട് ഒരു oppo phone വാങ്ങിച്ചു കൊടുത്തു ഇപ്പഴും അത്‌ അവൻ ഉപയോഗിക്കുന്നു ഒരു കുഴപ്പവും ഇല്ല ...😂 apple ന്റെ ഏത് product ആണെങ്കിലും ഒരു മിനിമം quality അവർ keep ചെയ്യും iphone 6 ഇപ്പഴും complaint ഇല്ലാതെ വീട്ടിൽ ഇരിക്കുന്നുണ്ട്.. അതാണ് brand .. 14 പ്രൊ, max okke വെയിറ്റ് കൂടുതലാണ് എന്നതൊഴിച്ചാൽ ഒരു കുറ്റവും പറയാനില്ല .... ഒരു samsung😂😂",Mixed Feelings
Instagram റീൽസിന് വേണ്ടി മാത്രം ഇത് വാങ്ങിയ same എന്റെ അവസ്ഥ. ആകെ വീഡിയോ camera മാത്രം. അത് ഒരു രക്ഷയുമില്ല. ബാക്കി പരുപാടിക്ക് full android തന്നെ വേണം. ഇതിൽ ഒരു പണിയും നടപ്പില്ല 😢,Mixed Feelings
Look Iphone 6... 6s നും ആയിരുന്നു..🔥🔥🔥. ഇത് ആദ്യകാല ഐഫോണിന്റെ ഡിസൈൻ 🤣,Mixed Feelings
"ഐഫോൺ ഉണ്ടെങ്കിൽ rich ഫീൽ ആണ്,പക്ഷെ ജോലിയും കൂലിയും ഒന്നും ഇല്ലാതെ ഇതും കൊണ്ട് നടന്നാൽ ഒരു പട്ടി പോലും വില തരത്തില്ല 🤣🤣🤣",Mixed Feelings
"നല്ല ബാറ്ററി &amp; weight കുറഞ്ഞ വലിയ ഐഫോൺ, കൊള്ളാം 🎉 വില കുറച്ചു കൂടി പോയി refresh rate അറിയാൻ ഉണ്ട്",Mixed Feelings
പകുതി കടിച്ച ആപ്പിൾ ആണെങ്കിലും ആളുകൾക്ക് ഇത് മതി...... ക്യാമറ ഡിപ്പാർട്മെന്റ് ഉം സൗണ്ടും ഒഴിച്ച് നിർത്തിയാൽ iphone വൻ തോൽവി ആണ്,Mixed Feelings
S20 complaint വന്നു android മടുത്ത് iphone 14  വാങിയാലോ,Mixed Feelings
@BruceWayne  ഒരു സാധാരണ ഉപഭോക്താവിന് എന്ത് പ്രയോജനം 🤔 ഈ ഓൺലൈനിൽസ്വാധീനിക്കുന്നവർ അവർക്കൊക്കെ ചിലപ്പോ ഉണ്ടായേക്കാം അതും ഉറപ്പില്ല,Mixed Feelings
ദെ വീണ്ടും confusion.. Android എടുക്കാൻ വേണ്ടി ആലോചിച്ചു നടക്കുമ്പോഴാണ് ee video കണ്ടത്.. Iphone വാങ്ങേണ്ടി വരുമോ ഇനി 🙄😇,Mixed Feelings
തേർഡ് റൈറ്റ് ചെറ്റ എന്ന്  പറഞ്ഞത് 100% ഇഷ്ടമായി ... അത് തന്നെയാണ് സത്യവും ... ഐഫോൺ 4 മുതൽ ഇങ്ങോട്ട് എല്ലാ മോഡലും use ചെയ്ത ഒരു ആപ്പിൾ ഫാൻ ആണ് ഞാൻ ...❤,Mixed Feelings
ട 23 Ultra heating issue ഉണ്ട് but കുറവാണ് എന്നാലും അത്യാവശ്യം ഉണ്ട് എന്നാൽ എല്ലായി പോയും ഇല്ല ...കഴിഞ്ഞ month update ചെയ്തത് മുതൽ battry drain issue ഉണ്ട്  full day normal use 100% കിട്ടുന്നുണ്ട്...bugg ഉണ്ട് camara click button lag ഉണ്ട്.my own -ves .അല്ലാതെ വെറെ issue ഒന്നും കണ്ടില്ല. ഇനി warranty  കഴിഞാൻ Samsung അതിന്റെ സ്വഭാവം കണിക്കും Samsung  user ക്ക് മനസിലവും അതും flagship Phone use ചെയ്യുന്നവർക്ക്,Mixed Feelings
23ultra എടുക്കാൻവേണ്ടി ഷോപ്പിൽ പോയതാണ്... ഓവർ വലിപ്പം തോന്നി.. പ്രത്യേകിച്ച് കാമറ റിങ്ങൊക്കെ വല്ലാതെ തള്ളി നിൽക്കുന്നു.. ഭാരവും നല്ലോണമുണ്ട്.. പിന്നെ ഒന്നും നോക്കിയില്ല ഉള്ളതിൽ കുഞ്ഞനായ s23 എടുത്തു... അടിപൊളി.. ഉപയോഗിക്കാൻ എന്തൊരു സുഖമാണെന്നോ... അപ്ഗ്രേഡ് ഓഫർ ഉള്ളതിനാൽ 70k ക്ക് കിട്ടി...,Mixed Feelings
കയ്യിൽ എടുത്ത് നോക്കിയിരുന്നു premium look 🔥 flagship 😍.പക്ഷെ കയ്യിൽ ഇരിക്കില്ല...😉,Mixed Feelings
"എല്ലാം കൊള്ളാം... സാംസങ്....ബാറ്ററിയുടെ കാര്യത്തിൽ ഇനിയും സാംസങ് മുൻപോട്ട് പോവേണ്ടതുണ്ട്... എന്നാണ് എന്റെ ഒരിത്... അത് കൂടി ക്ലിയർ ചെയ്‌താൽ സാംസങ്... പൊളി പൊളി!..ലക്ഷങ്ങൾ വില... ചാർജ്ജർ ഇല്ല, ഇയർഫോൺ ഇല്ല... പിന്നെ എന്തിനു ഇത്രയും വില.... ഒൺലി ബ്രാൻഡ് നെയിം വെച്ചുള്ള കളികൾ.... അല്ല വാങ്ങുവാൻ ആളുകൾ ഉള്ളപ്പോൾ ഇനിയു കളികൾ തുടരും!",Mixed Feelings
സംഭവം കൊള്ളാം .. .പക്ഷെ..ഒന്ന് താഴെവീണ്Displayപോയാൽ .കഴിഞ്ഞു കഥ,Mixed Feelings
Price കേട്ടപ്പോൾ ഒന്ന് ഞെട്ടി. phone Kidu👏🏻👏🏻👏🏻👌🏼👌🏼👌🏼,Mixed Feelings
Galaxy s21 ultra vaanganamennulla മോഹവുമായി കുറെ നാളായി  ഇപ്പൊ S22  കണ്ടപ്പോ അത് വാങ്ങാൻ ആഗ്രഹിക്കുന്നു use ചെയ്തിട്ടുള്ള video ഉടൻ പ്രതീക്ഷിക്കുന്നു  Samsung ഫോണുകളെല്ലം ഒരേ പോളിയല്ലെ  പക്ഷേ ഇതിൻ്റെ ഒക്കെ price ആണ് വിഷയം സാതരകാരന്  വാങ്ങാൻ കുറച്ചു ബുദ്ധിമുട്ടാണ്😌😌😌,Mixed Feelings
Ntea kayyil s23 aanu 2 month aayi meadichitt poli phone but ഹീറ്റ് aavanund 🥲,Mixed Feelings
Performance  എല്ലാം അടിപൊളി യാണ് ..But battery backup one day കിട്ടണമെങ്കിൽ Screen Time അത്രയും കുറവായിരിക്കണം.Max Screen Time 4.5 hr ..No gaming .No 5 g.Only Social Media using.എന്നിട്ടും Heating Undd ..100% ഉണ്ടങ്കിൽ നമുക്ക് കിട്ടാവുന്ന Maximum Screen Time .6.30 Hr ..Go for S23 plus..Wifi ആണെങ്കിൽ കുറച്ചു കൂടി backup kittum,Mixed Feelings
രണ്ടും കൊള്ളാം.Pakshe oru twist ond.S22ultra cheriya worm aavum.Pakshe good s23...Randum kollam........നിങ്ങളുടെ  ഇഷ്ട്ടം 😜,Mixed Feelings
Photographyക്ക് നോക്കുന്നവർ നോക്കി എടുക്കുക.Hyperlapes 30 fps ആണ്.. 30 മിനുറ്റ് full brightness കുറഞ്ഞു hyperlapes എടുത്തു set ചെറുതായി ചൂടാവുന്നുണ്ട്.. photo 3x പൊളി...,Mixed Feelings
ഓ സാംസങ് ആണോ അതു lag ആണ് പക്ഷെ worldil ഏറ്റവും sale ആപ്പിൾ &amp; സാംസങ് റേഞ്ച് 🥰🥰🥰🥰,Mixed Feelings
@Batman_94  ഞാൻ പറഞ്ഞല്ലോ ബ്രോ chipset അടിപൊളി ആണ് ബാക്കിയുള്ള specs വെത്യാസം ഇല്ലെന്നാണ് ഞാൻ പറഞ്ഞത് innovetions peak leval എത്താറായി,Mixed Feelings
S22 സീരിസും s23 തമ്മിൽ വലിയ വെത്യാസം ഇല്ല...... S24 വരുമ്പോൾ നല്ലൊരു upgread പ്രതീക്ഷിക്കുന്നു.... ❤️  [ chip set മാറ്റി നിർത്തിയാൽ ],Mixed Feelings
"Mrwhostheboss ന്റെ unboxing ങ്ങും കണ്ടു. പുള്ളി പറഞ്ഞത് apple airpod നെക്കാളും നല്ല സൗണ്ട് ക്വാളിറ്റിയും, comfort ഉം ഇതിനാണെന്നാണ്. ഒരെണ്ണം വാങ്ങണം എന്നുണ്ട്, പക്ഷെ കയ്യിൽ കാശില്ല.😊",Mixed Feelings
Marquez brownlee video കണ്ടതേ ഒള്ളു. Kuzappamilla എന്നാണ്‌ പറയുന്നത്‌ hype അനുസരിച്ച് ഇല്ല എന്നാണ്‌,Mixed Feelings
Mic ൻറെ കാര്യത്തിൽ എനിക്കും സംശയമുണ്ടായിരുന്നു വാങ്ങിക്കുമ്പോൾ പക്ഷേ ഉപയോഗിച്ചു തുടങ്ങിയപ്പോൾ മനസ്സിലായി അതൊരു വിഷയമേയല്ല. മൈക്ക് നിങ്ങൾ പറഞ്ഞ പോലെ മൗത്ത് പീസിൽ നിന്നല്ല വോയ്സ് caputure ചെയ്യുന്നത്. Buds ൻ്റെ ഉള്ളിൽ ഉൾഭാഗത്തുള്ള sensors വഴി ഉള്ളിലൂടെ ആണ് വോയിസ് ക്യാപ്ചർ ചെയ്യുന്നത് അതുകൊണ്ടാണ് മുഴക്കം. പക്ഷേ സൗണ്ട് കോളിറ്റിയിൽ കോംപ്രമൈസ് ഒന്നുമില്ല.,Mixed Feelings
Xiaomi yude ഫോണിൽ pairing cheythath കൊണ്ടാണ് ഇത്രയും കിടു ആയി കിട്ടിയത്... Samsiungil ഇത്രയും കിട്ടില്ല,Mixed Feelings
എന്റെ കയ്യിൽ ഉണ്ട് galaxy buds pro (6599 rs)😎😎ഒരൊറ്റ പ്രശ്നമേ ഉള്ളൂ 😕😕case just ഒന്ന് ഒരഞ്ഞ എടുത്ത് കാണിക്കും 🥱🥱🔥🔥case കവർ വാങ്ങിച്ചു ഇട്ട് ഇപ്പോ no problom🔥🔥1 year ന്റെ മുകളിൽ ആയി ഇത് വരെ കുഴപ്പങ്ങൾ ഒന്നും ഇല്ല sound കിടിലം anc ഒക്കെ ചുമ്മാ 🔥🔥,Mixed Feelings
ഈ tws റൂമിൽ ഇരുന്നു call ചെയ്തു വിളിച്ചാൽ ക്ലാരിറ്റി കാണും.... പുറത്തിറങ്ങി road സൈഡിൽ നിന്നോ സിറ്റിയിൽ നിന്നോ കാൾ ചെയ്യുക അല്ലേൽ ബസിൽ... ഒന്നും കേൾക്കില്ല.... വീട്ടിൽ ഇരുന്നു വിളിച്ചിട്ട് ക്ലാരിറ്റി ചെക്ക് ചെയ്തിട്ടു കാര്യമില്ല... പിന്നെ പാട്ട് കേൾക്കാൻ കൊള്ളാം...,Mixed Feelings
ആശിച്ച് മോഹിച് റിവ്യൂ എല്ലാം നോക്കി JBL LIVE 660 NC എന്ന ഓവർഹെഡ് ഹെഡ്ഫോൺ വാങ്ങി.. ആദ്യം വിചാരിച്ചു ഫോണിൽ ഈക്വലൈസറിന്റെയോ അല്ലെങ്കിൽ JBL അപ്പിന്റെ വല്ല പ്രശ്നമായിരിക്കുമെന്നാണ്.. ശേഷം വാങ്ങിയ കടയിൽ തന്നെ പോയി കാര്യം പറഞ്ഞു അവർക്ക് കേൾപ്പിച്ചു കൊടുത്തു .. വളരെ മോശം എക്സ്പീരിയൻസ് ആയിരുന്നു.. റൈറ്റ് സൈഡിലെ സ്പീക്കർ ഓവർബാസ് വന്ന് ചിതറുകയായിരുന്നു.. റിട്ടേൺ കൊടുത്തു വീണ്ടും പുതിയത് വന്നു.. അതേ പ്രശ്നം വീണ്ടും ആവർത്തിച്ചു.. വീണ്ടും JBL സർവീസ് സെന്ററിൽ പോയി അവരെ വീണ്ടും അത് ബോധ്യപ്പെടുത്തി രണ്ടാമത്തെ ഹെഡ് ഫോണാണ് ഇതേ പ്രശ്നം വീണ്ടും വരുന്നത്.. അവർ അവരുടെ ഫോണിലും കണക്ട് ചെയ്തു നോക്കി അതേ ഇഷ്യൂ വീണ്ടും കാണിച്ചു.. റിട്ടേൺ എടുത്തു വീണ്ടും പുതിയത് അയച്ചുതന്നു ഇപ്പോഴും ആ പ്രശ്നം അതിനുണ്ട് റീഫണ്ട് ഓപ്ഷൻ ഇല്ലാത്തതിനാൽ ഒന്നും ചെയ്യാനും പറ്റുന്നില്ല.. ഇടയ്ക്ക് വല്ലപ്പോഴും ഒരു മനസ്സമാധാനം കിട്ടാൻ ഉപയോഗിക്കും.. ഏറ്റവും കൂടുതൽ പ്രശ്നം തോന്നിയിട്ടുള്ളത് ഹെഡ്ഫോൺ വെച്ച് കിടന്നു പാട്ട് കേൾക്കുമ്പോൾ ആണ്.. കോൾ കോളിറ്റിയും ANC യും എല്ലാം അടിപൊളിയാണ് പക്ഷേ സ്പീക്കർ ചിതറുന്നത് ഒരു വല്ലാത്ത എക്സ്പീരിയൻസ് ആയിരുന്നു തന്നത്.. ബിൽഡ് ക്വാളിറ്റിയും ഡിസൈനും എല്ലാം നന്നായായിരുന്നു പക്ഷേ ഇങ്ങനെ ഒരു പണി ഒരിക്കലും പ്രതീക്ഷിച്ചിരുന്നില്ല.. ഒന്നും ചെയ്യാനും പറ്റില്ല.. ഹെഡ് ഫോണുകൾ എടുക്കുമ്പോൾ പരമാവധി കേട്ട് നോക്കി എടുക്കാൻ ശ്രമിക്കുക എന്ന് മാത്രമേ എല്ലാവരോടും പറയാനുള്ളൂ.. നമ്മുടെ നാട്ടിൽ അതിനുള്ള ഓപ്ഷൻ വളരെ കുറവുമാണ് എന്നത് മറ്റൊരു യാഥാർത്ഥ്യമാണ്..,Mixed Feelings
പണ്ട് tune 500 ഉണ്ടായിരുന്നു കിടിലൻ സാധനം ആണ് വാരന്റി തീരുന്നതിനു 2 ദിവസം മുന്നേ ഒരു സൈഡ് dead ആയി. സർവീസ് സെന്റർ പോവാൻ നോക്കിയപ്പോ ആയിരുന്നു ആദ്യത്തെ lockdown. പിന്നത്തെ കാര്യം സ്വാഹ,Mixed Feelings
"I&#39;m using soundcore, single buds 9hrs കിട്ടുന്നുണ്ട് with case almost 90hrs കിട്ടും ആകെ ഉള്ള പ്രശ്നം mic തീരെ പോര എന്നതാണ്",Mixed Feelings
@നട്ടപ്രാന്തൻ gaming illel MacBook aanu better . But storege 256 pora i cloud undel kuzhappam illa,Mixed Feelings
മച്ചാനെ ഞാൻ വാങ്ങി വീഡിയോ കോൾ ചെയ്യുമ്പോൾ ചെറിയ ഹീറ്റ് ഇഷ്യു ഉണ്ട് തല കുത്തി നോക്കിയിട്ട് ആപ്പ് ഒന്നും ഓർഡർ ൽ വെക്കാൻ ഉള്ള മാർഗം ഒന്നും ഇല്ല അവിടെ ഇവിടെ ഒക്കെ കിടക്കും ഫ്രണ്ട് ക്യാമറ ബാഡ് ചാർജിങ് ടൈം naice ആയി ഹീറ്റ് ഉണ്ട് അത് അടാപ്റ്ററിനു ഉണ്ട് ഓഫ് ചെയ്യ്തു ചെയ്താൽ 1 മിനിറ്റിൽ 3 പ്രസന്റെജ് കേറും സൗണ്ട് നൈസ്,Mixed Feelings
"പ്രശ്നം ഇതൊന്നും അല്ലാ ഞാൻ ഉപയോഗിക്കുന്നത് Motorolla Edge 20 Lite ആണ്, ഫോൺ പെർോർമൻസ് base ഒക്കെ പക്കാ സാധനം ആണെങ്കിലും സർവീസ് ഇന്ത്യയിൽ ഇല്ലാത്തതാണ് ഏറ്റവും വലിയ പ്രശ്നം.😢😢😢 എൻ്റെ display August aavumbo oru വർഷം ആവുന്നു അന്ന് display nokk തുടങ്ങിയതാണ് ഇന്ന് വരെ കിട്ടീട്ടില്ല 😢😢😢😢😔😭",Mixed Feelings
"🎯Bro മോട്ടോറോള ഫോൺ ഒക്കെ അടിപൊളി തന്നെയാണ്. പക്ഷേ no service. എൻറെ Motorola edge 20 fusion phone screen പൊട്ടി. ഇടാൻ കേരളം മൊത്തം Motorola സർവീസ് സെൻറിൽ വിളിച്ചുചോദിച്ചു. ഒരിടത്തും സർവീസ് സെൻറ്ററിൽ പോലും സ്ക്രീൻ ഇല്ലാ എന്ന്. പുതിയ ഫോൺ ആണ്. ഒരു വർഷം പോലും ആയിട്ടില്ലായിരുന്നു. എന്നിട്ട് പോലും സ്ക്രീൻ അവൈലബിൾ അല്ലാ. പിന്നെ ഏറ്റവും വലിയ പ്രശ്നം വളരെ മോശം Camera അണ്. ഞാനിപ്പോൾ ഉപയോഗിക്കുന്ന 14,000₹ യൂടെ Samsung M14ൻ്റെ ക്യാമറയുടെ പാതി കോളിറ്റി ഉണ്ടായിരുന്നില്ല ഞാൻ ഒരു വർഷം മുമ്പ് എടുത്ത Motorola edge 20 fusionന്. കൂടാതെ നല്ല ഹാങ് ആവുന്നു ഉണ്ടായിരുന്നു ഒരു വർഷം കഴിഞ്ഞപ്പോൾ തന്നേ. ഇനി samsung മാത്രമേ ഞാൻ എടുക്കുന്നുള്ളൂ. എവിടെ തിരിഞ്ഞാലും സർവീസ് സെൻറർ ഉണ്ടല്ലൊ. പോരാത്തതിന് നല്ല കിടിലൻ camera. Performanceസും നല്ലതാണ്.🎯",Mixed Feelings
ബ്രോ ഞാൻ edge30 യും moto g 82 ഉം തമ്മിൽ നോക്കിയപ്പോ camra edge 30 ൽ ആണ് നല്ലതായി തോന്നിയത്. പക്ഷെ ബാറ്ററി 4020 ഉള്ളു. മാത്രമല്ല ഫോണിന് ഒട്ടും weight തോന്നിയില്ല. ജീൻസിന്റ പോക്കറ്റിൽ ഒക്കെ ഇട്ടാൽ വളയുമോ എന്നൊരു പേടിയുണ്ട്.,Mixed Feelings
Prathap bro ഇതു എടുത്താൽ പണി ആകുമോ എനിക്ക് moto phn ഇഷ്ടം ആണ്‌ ഡിസൈൻ പണ്ട് wife moto phn എടുത്തു പണി കിട്ടിട്ടു ഉണ്ട് അതാ ഒരു പേടി. പിന്നെ ഞാൻ ഒരു games കളിക്കുന്ന ആള് അല്ല.എടുത്താൽ കൊള്ളാം എന്ന് ഉണ്ട് reply me,Mixed Feelings
"ഞാൻ ഒരു വർഷം ആയി ഉപയോഗിക്കുന്നു, ഇതു വരെ ഒരു കുഴപ്പവും തോന്നിയില്ല, ഞാൻ അധികവും fb, whats App, you tube എന്നീ സോഷ്യൽ മീഡിയകളാണ് ഉപയോഗിക്കാറുള്ളത്, പിന്നെ പ്രതാപ് ചേട്ടൻ പറഞ്ഞത് സത്യമാണ് ഫാസ്റ്റ് ചർജിങ് ഒന്നും അല്ല, കൂടിയാൽ മൂന്ന് മണിക്കൂർ എടുക്കുന്നു 100 % ആവണമെങ്കിൽ ...",Mixed Feelings
"എല്ലാം കൊള്ളാം, camera കൊള്ളില്ല. എല്ലാ infinix ഫോണും ഇത് തന്നെ അവസ്ഥ",Mixed Feelings
ഞാൻ ഒരു infinix യൂസർ ആണ്. I Love it. Service ന്റെ കാര്യത്തിൽ മാത്രമേ -ve ഉള്ളു. Spare കിട്ടാനും കുറച്ച് ബുദ്ധിമുട്ട് ആണ്. Phone കുറേകാലം ഉപയോഗിക്കാം ഒരു പ്രശ്നവും ഇല്ലാതെ.❤,Mixed Feelings
"Infinix 📱 supr aanu സർവീസ് ആണ് ശോകം , itel, techno, infinix ithin ellam koodi oru service center aanu",Mixed Feelings
ക്യാമറ കൂടി അടിപൊളി ആയാൽ INFINIX പിന്നെ വേറെ ലെവൽ ആയിരിക്കും....... 🔥,Mixed Feelings
"ഈ 7 പ്ലസ് ഒക്കെ ഇപ്പൊ പോരാ . ram കുറവാണ്. multitasking പോരാ. 4 കൊല്ലം പഴുത് ആണ്. മാർക്കറ്റ് ഇൽ ഇപ്പൊ ഇല്ല.. camera ഡീസന്റ്, അത്രേ ഉള്ളു..",Mixed Feelings
"ഒറ്റ പ്രോബ്ലം മാത്രേ കാണുന്നുള്ളൂ, ചാർജ് കപ്പാസിറ്റി വളരെ കുറവാണ്.. ക്യാമറ പെർഫോമൻസ് and ഡിസൈൻ ഒക്കെ പൊളിയാണ്...",Mixed Feelings
vivek kuthanur ഹെവി യൂസ് ഒന്നും ഇല്ല ബ്രോ ചാർജ് പോയ്കൊണ്ടിരിക്കും ബാറ്ററി ഐഫോൺ പോരാ but ഹാങ്ങ് ഒരിക്കലും ആവില്ല ഇനി എടുക്കാനെകിൽ 11pro ബാറ്ററി pakkaya,Mixed Feelings
ഞാനും വാങ്ങി ചാർജർ അടക്കം 42000 ക്യാമറ ദുരന്തം പക്ഷെ ഡിസ്പ്ലേ 👍👍👍👍.ക്യാമറ പോരാ എന്ന് അറിയാമായിരുന്നു ഇതിന്റെ ഡിസ്പ്ലേ ആണ് മെയിൻ,Mixed Feelings
സംസ്‌ങ്ങിനെ വെല്ലാൻ ഇതുവരെ ഒരു applum വന്നിട്ടില്ല...curve ഡിസ്‌പ്ലൈ ഒരു പോരായ്മ ആണ് A73.. Disply സംസ്‌ങ്ങിനെ വെല്ലാൻ ഒരു കുഞ്ഞും ഇന്ന് markettil ഇല്ല,Mixed Feelings
Same.. Phone.. No other complaints.. Pakshe. Battery week aaayi ഒന്നര വർഷം ആയി പക്ഷെ 1 day കിട്ടിയ കിട്ടി. 🤧 പിന്നെ ഡിസ്പ്ലേ കാര്യങ്ങൾ ഒക്കെ അടിപൊളിയാണ് ക്യാമറ കുറച്ചു വീക്ക്‌ ആണ്. ചെറിയ nickling issue okke kaaanunnund.. Automatically... Kai onnu nananja touch work aakila😂..Lag ithuvare vannittillla.. Ennaalum upgrade cheyyanam 😊😊😊m51 max 1.6 yrs,Mixed Feelings
"Hi bro. Good review. Bro ഞാന്‍ ഈ phone use ചെയ്യുന്നുണ്ട്. എന്റെ ഫോണിൽ എനിക്ക് ഒരു problem ഉണ്ട്. ഈ ഫോണിന് stereo speaker ആണല്ലൊ Samsung കൊടുത്തിട്ടുള്ളത്. ഈ ഫോണിൽ ഏതു media work ചെയ്യുമ്പോളും dual speaker work ചെയ്യും. പക്ഷേ ഒരു call ചെയ്യുമ്പോൾ, ആ call ഞാന്‍ loud speaker il ഇട്ടാല്‍ ഒരു speaker മാത്രമേ work ആവുള്ളു. ഇത് എന്റെ ഫോണിന് മാത്രമുള്ളതാണോ അതോ ഈ model എല്ലാ ഫോണിലും ഉള്ളതാണോ?.ഈ ഒരു problem ഒഴികെ, this phone is marvelous in performance, camera, display and in all other aspects. ..Please Reply...",Mixed Feelings
സാംസങ് A 72 ഉള്ളതുപോലെ ഒരു ടെലിഫോട്ടോ ലെൻസിൻ്റെ കുറവ് ഉണ്ട് ഇതിൽ.. അതു കൂടി ഉണ്ടായിരുന്നെങ്കിൽ ഇത് പൊളിച്ചേനെ..,Mixed Feelings
വർഷങ്ങളായി samsung phone ഉപയോഗിക്കുന്നു.ഇവരുടെ വീഡിയോ quality നല്ലതും picture quality വളരെ മോശവുമാണ് അത് നന്നാക്കാതെ സാധാരണക്കാരൻ ഒരിക്കലും ഈ വിലക്ക് ഈ മോഡൽ അംഗീകരിക്കുമെന്ന് തോന്നുന്നില്ല,Mixed Feelings
"ഐഫോൺ 14 pro യി ൽ always display off ആക്കാം ( display &amp; brightness - always off )..ക്യാമറ upgrade ഇതുകൂടി പറയണം .ഒരു ഫോട്ടോ 100 MB യാണ്,.കൂടുതൽ ഫോട്ടോസ് എടുക്കുവാൻ വേണ്ടി 1 TB വാങ്ങണം 😃",Mixed Feelings
"Build quality ഒക്കെ ഉണ്ട്, പിന്നെ optimised ആയിട്ടുള്ള top level processor and videography - that&#39;s all, അവിടെ തീർന്നു iphone..Android അങ്ങനെ അല്ല. എല്ലാം ഉണ്ട്. More features better photography UI etc",Mixed Feelings
ഒരു കാര്യം ഒഴിച്ച്.Processor.....Game കളിക്കുന്നവർക്ക് അത്ര നല്ല option അല്ല.But camera.അവരുടെ പുതിയ zooming technology പൊളി ആണ്,Mixed Feelings
Android കിട്ടുന്ന രസം ഒന്നും I phonil കിട്ടില്ല privacy orianted ane Bro രണ്ടും രണ്ടും ടൈപ്പ് ആണ്,Mixed Feelings
Back ക്യാമറ അല്ല front camera പോലും വീഡിയോക്ക് i phone ആണ് അടിപൊളി. But സെൽഫി camera അത് pro സീരീസ് ആയാലും ശോകം ആണ്,Mixed Feelings
"<a href=""https://www.youtube.com/watch?v=5v_dWlK01iU&amp;t=9m57s"">9:57</a> indoor ഇൽ എന്തിനാണ് ദാസാ ultrawide? അതൊക്കെ out door ഇൽ അല്ലെ main use.... 😁.ഇത് വാങ്ങണം എന്നുണ്ട് റീസൺ എന്താ ചോദിച്ചാൽ ഡെഡിക്കേറ്റഡ് മാക്രോ ഇല്ല 😁.2 ക്യാമറ മാത്രേ ഉള്ളൂ.....പിന്നെ സ്റ്റോക്ക് ആൻഡ്രോയ്ഡ്..Light ഒന്നും ഞാൻ use ചെയ്യാൻ പോവുന്നില്ല എറിപോയാൽ 1 day use ചെയ്യും...വേറെ ഈ പറഞ്ഞതുപോലെ വേറെ ഏതെങ്കിലും ഫോൺ ഉണ്ടോ ആൻഡ്രോയ്ഡ് ഇൽ....Zenfone 9 വരുന്നുണ്ട് ബട്ട്‌ price കൂടുതൽ ആയിരിക്കും...Bro ചുമ്മാ ❤️ ഇത്പോലെ അടിച്ചു പോവാതെ ഒരു റിപ്ലൈ തരണേ......",Mixed Feelings
എനിക്ക് ഇഷ്ടപ്പെട്ടു... ബോക്സി ഡിസൈൻ... നല്ല ui... നല്ല ക്യാമറ... വില കുറച്ച് കൂടുതൽ ആണ് എന്നത് ആണ് പ്രശ്നം...,Mixed Feelings
Nothing ഞാനും ഉപയോഗിക്കുന്നു .3 Updation വരെ കുഴപ്പമില്ലായിരുന്നു.നാലാമത് വന്ന അപ്‌ഡേഷന് ശേഷം ഇത്തിരി ഹീറ്റാവുന്നുണ്ട്...ഇത് എത്ര watt charger സപ്പോർട്ട് ചെയ്യും?,Mixed Feelings
Moto nalla phone ആണ് പക്ഷേ service center തീരെ കുറവാ... Keralathil തന്നെ കുറച്ചേ ഉള്ളു..അത് scean ആണ്...,Mixed Feelings
Phone 📱 is very good.Price കുറയണം...😉😀,Mixed Feelings
ആ ലൈറ്റ് കത്തൽ ഒഴിച്ചാൽ ബാക്കി മൊത്തം എനിക്കിഷ്ടപ്പെട്ടു .... സൂപ്പറാണ്.❤❤❤💪💪💪🔥🔥🔥,Mixed Feelings
Now using battery backup മാത്രം issue ആയി തോന്നി ബാക്കി എല്ലാം over all good,Mixed Feelings
Iqoo 9 pro യിൽ വീഡിയോ കാണുന്ന ഞാൻ 😌😌 പ്രൊസസർ മാത്രം കൊള്ളാം... ക്യാമറ സ്പെക്ക് എല്ലാം 9 പ്രൊ ക്കും താഴെ,Mixed Feelings
ഞാൻ poco m2 pro 2 years 6 months ആയി ഉപയോഗിച്ചുവരുന്നു good പെർഫോമൻസ് നോ ലാഗ് ക്യാമറ പഴയ ക്ലാരിറ്റി തോന്നുന്നില്ല.എനിക്കും f5 എടുക്കണം എന്നാഗ്രഹമുണ്ട്.,Mixed Feelings
"13k യ്ക്ക് worth ആണ് ബ്രോ. ഇപ്പോ 30K യ്ക്ക് ഒക്കെ ഇറങ്ങുന്ന ഫോണിനെക്കാൾ നല്ല ക്യാമറ ആണ്. Modern features like fast charging, full screen display compromise ചെയ്യാമെങ്കിൽ എടുത്തോളൂ",Mixed Feelings
Display ഒകെ കൊള്ളാം....എന്ന് ലൈൻ അടിക്കും 🙏🏻..പെർഫോമൻസ് ഒകെ കൊള്ളാം.പക്ഷെ എന്ന് അടിച്ചു പോകും 🤔🙏🏻,Mixed Feelings
x3 pro ആയിരുന്നില്ല nteth.. X3 ആയിരുന്നു.. 2 കൊല്ലം sugayitt oodi.. With small small bugs... 😜😅... Last 2.5 കൊല്ലം കഴിഞ്ഞ ശേഷം update വന്നപ്പോ കൊറേ പേര്‍ക്ക് പണി കിട്ടി... കൂട്ടത്തിൽ nkm... അത് വരെയുളള updation ഇല്‍ heating issue &amp,Mixed Feelings
POCO X3 pro user ആണ് ഞാൻ ഒന്നരവർഷമായി ഈ ഫോൺ ഞാൻ ഉപയോഗിക്കുന്നു. തകർപ്പൻ പെർഫോമൻസ് അണ്. എൻ്റെ എല്ലാ പരിപടികളിലും നടക്കും. പക്ഷേ രണ്ടു ആഴ്ച മുമ്പ് എൻ്റെ ഫോൺ dead ayi. Mi repair shop ചെന്നപ്പോൾ CPU issue ahn reball ചെയ്യണം എന്നു പറഞ്ഞു. ഒരു ആഴ്ച എടുത്തു റിപ്പയർ ചെയ്ത് കിട്ടാൻ.😢😢. അത് പോലെ നല്ല rate ഉണ്ട് repair work nu.,Mixed Feelings
ഞാൻ ഇത് നേരിട്ട് Test ചെയ്തതാണ് Overall Good പക്ഷെ Camera Dissatisfied ആണ്,Mixed Feelings
"ക്യാമറ ക്വാളിറ്റി ഇഷ്ട്ടപെട്ടു, but ക്യാമറ ഡിസൈൻ എനിക്ക് ഇഷ്ടപ്പെട്ടില്ല 😑",Mixed Feelings
Nice phone camera 📸 🔥🙌.But front camera 😌😅.Flagship specifications എല്ലാം ഉണ്ടല്ലോ..✌️,Mixed Feelings
Punch hole + stereo speakers ആയിരുന്നേൽ പൊളി ആയനെ ബാക്കി എല്ലാം ok ആണ് 👍,Mixed Feelings
ഈ ഫോണിന് സ്റ്റീരിയോ ഇഫക്ട് ഇല്ല. അതൊരു പോരായ്മയാണ്. Else 👍.❤️,Mixed Feelings
Vivo X series ..my fav vivo phones❤.Blotware കൂടെ ഒഴിവാക്കിയാൽ നല്ലതാരുന്നു,Mixed Feelings
പക്ഷേ ഭയങ്കര വിലയല്ലേ 😭. vivo എപ്പോഴും ക്യാമറ സൂപ്പർ പെർഫെക്ഷൻ ആയിരിക്കും👌,Mixed Feelings
Front Cameraയിൽ ഇവർ എന്തിനാണ് ഇങ്ങനെ പിശുക്ക് കാണിക്കുന്നത് എന്നാ മനസ്സിലാവാത്തത്.processorൻ്റെ problem ഒന്നും ഇല്ലല്ലോ .... Samsung ഒക്കെ S10 മുതലേ front camഇൽ 4k @60 തന്നുകൊണ്ടിരികുന്നു . Minimum 4k@30 and 1080@60 fps enkilum vende?? By the by IR blaster is such an underrated feature ... Kudos for adding it 👌👌👌👌👌,Mixed Feelings
"Software experience വേറെ level, പക്ഷെ റേഞ്ച് ഇല്ല 😅",Mixed Feelings
infinix അടിപൊളി ആണ്. ക്യാമറ അത്ര പോര,Mixed Feelings
"Everything is good except storage and WEIGHT…storage 128 will surely not be enough in the long run…. And weight..oru nalla screen guardum nalla caseum ittaal കാൽ കിലോ ഉള്ള ഫോൺ കയ്യിൽ പിടിക്കാം….. pixel fan, but sadly had to settle with iphone 13 , as i was in search of a long lasting 256 gb lightweight phone….in 3 weeks i have found more than 2 big bugs in it…😅 and ios software(other than security) is so boring to say the least when compared with stock android ❤",Mixed Feelings
"ഞാൻ android heavy ucer ആണ്. പക്ഷെ കുറെ കാലം ആയി ആഗ്രഹിക്കുന്നു, നല്ലൊരു വലിയ display അല്ലാത്ത or iPhone ഉപയോഗിക്കണം എന്ന്.... ഇപ്പൊ ഈ iPhone 12 mini കണ്ടപ്പോൾ ഇതിനോട് വല്ലാത്തൊരു ഇഷ്ടം ആയിട്ടുണ്ട്, പിന്നെ യഥാർത്ഥ വിശയം battery back up കുറവാണെന്ന് കണ്ടു, പിന്നെ iPhone starting ucer ആയത്തിനാൽ game ഓക്കെ കുറവായിരിക്കും, എന്തന്നാൽ game ഓക്കെ android ഇൽ തന്നെ playing ചെയ്യാൻ ആണ് എനിക്കിഷ്ടം, ആയതിനാൽ ഈ വീഡിയോ കണ്ടു പ്രചോദനം ആയ സ്ഥിതിക്ക് അതികം വൈകാതെ തന്നെ ഒരു iPhone 12 mini തന്നെ എടുക്കണം എന്ന് വിചാരിക്കുന്നു.... പിന്നെ ഒരു ചെറിയ power bank കൂടെ കയ്യിൽ കരുതുകയാണെങ്കിൽ battery issue solve ആവുകയും ആവുമല്ലോ...........😍",Mixed Feelings
broo ഞാൻ കുറെ സാംസങ് ഫോണും റെഡ്മി ഇi phonum ok use ചെയ്തത്. iphone വേറെ ലെവൽ സാംസങ് വെറുത്തു പോയി ഉള്ള കാര്യം പറയാലോ ഒടുക്കത്തെ വെറുപ്പിക്കൽ ആണ് ലാഗ് ആണ് മെയിൻ പ്രശനം. ഐ phonil ചാർജിങ് പ്രശനം മാത്രമേ ഉള്ളു,Mixed Feelings
Poli poli 😘 charger um head phone um കിട്ടാത്തത് വലിയ പണി ആയി പോയി. കൂടുതൽ price akunnilley 12 serious വാങ്ങുമ്പോൾ😢😜😘😘😘,Mixed Feelings
"2 വർഷമായി x ഉപയോഗിക്കുന്നു . ബാറ്ററി 85 % ഉണ്ട് , വേഗത്തിൽ ചാർജ് തീർന്നു പോകുന്നു , ബാറ്ററി മാറ്റാൻ സമയം ആയോ ? Performance ഇപ്പോഴും അടിപൊളിയാണ് , പുതിയ ഒറിജിനൽ ബാറ്റെറിക്ക് എത്രയാവും ??",Mixed Feelings
"iPhone 6s touch complaint ഉണ്ട്‌ സ്കീൻ ചൂടായാൽ പിന്നെ ടച്ച്‌ വർക്ക്‌ ചെയ്യില്ല, നിരന്തരമായ്‌ ഏടുത്ത്‌ എറിയൽ മൂലം സ്കീൻ ഇളകിയിട്ടുണ്ട്‌,.പക്ഷേ iPhone 5s ultimate ഐറ്റം തന്നെയാണു 5 വർഷം ആയിട്ട്‌ കയ്യിലുണ്ട്‌ still working perfectly .But camera ക്ലാരിറ്റി വളരെ കുറവാണു iphone 6നെ അപേക്ഷിച്ച്‌ പിന്നെ മെമ്മറി വളരെ കുറവാണു",Mixed Feelings
ഇതുവരെ ഇല്ല... പെർഫോമൻസും ഓക്കേ... Bt ബാറ്ററി ഒരുപാടൊന്നും പ്രധീക്ഷിക്കണ്ട.,Mixed Feelings
"അയ്യോ മതി തള്ളിയത്.എന്റെയും 11 തന്നെയാ.smoothness,camera ,build quality കൊള്ളാം അല്ലാതെ വേറെ എന്ത് തേങ്ങയാണ് ഉള്ളത്.പിന്നെ ഉപകാരം ഉള്ളത് ബാറ്ററിയെ പേടിച്ചു use ചെയ്യണം😆😂",Mixed Feelings
എൻ്റെ ഒരു അഭിപ്രായത്തിൽ iphone 11 നല്ലൊരു ഫോൺ ആണ്.പക്ഷേ അതിൽ ഒരു പോരായ്മ ആയിട്ടുള്ളത് അതിൻ്റെ portrait അത്ര നല്ലതല്ല .edge detection not perfect..this my personal opinion..pls reply,Mixed Feelings
camera best ആണ് പക്ഷെ ഇതിന്റെ LCD ഡിസ്പ്ലേ ആയത് കൊണ്ട് ഈ ഫോണിനെക്കാളും മികച്ചു നിൽക്കുകയാണ് X ഒക്കെ ആണ് .amoled ആണേൽ കുറച്ചൂടെ നന്നായേനെ 😌,Mixed Feelings
ഫോൺ കിടു ആണെന് ഇത് കണ്ടപ്പോ മനസിലായി നല്ല പെർഫോമൻസ് ഫീൽ ചെയ്ത്..Power bank കൂടെ വാങ്ങേണ്ടി വരും ല്ലേ,Mixed Feelings
Firstly liked that you included others user experiences 🤍.About Iphone 12 series .Charging adapter excluded was not fair..Too much Curved corners that annoyed mobile gaming experience..Boxy design really nice and fingerprint magnet again annoyed. .Dolby vision il എടുത്ത videos edit ചെയ്യാൻ ഇപ്പോഴത്തെ most softwares not supported. So the amazing videos you shot want to edit. Do it in phone itself for now. .Need 12 Pro Max for complete camera capabilities. Which they didn&#39,Mixed Feelings
"സത്യം പറഞ്ഞാൽ ഒരു iphone 7, SE model ഉള്ളവർക്ക് തന്നെ pubg പോലുള്ള വലിയ game smooth ആയി കളിക്കാനും അത് youtube ലേക്ക് stream ചെയ്യാനും സാധിക്കും ഇതായിരിക്കാം ഒരു mobile ഫോണിലേക്ക് കൊടുക്കാവുന്ന വലിയ ഒരു task.A14 chip ഒക്കെ വരുമ്പോൾ അത്ര മാത്രം ചെയ്യാൻ പറ്റുന്ന task കളും വരണം എന്നാൽ അല്ലെ അതിന്റെ use ഉള്ളൂ.പിന്നെ main ആയിട്ടുള്ള കാര്യം ആണ് video / photos അതിന് ഒരു gopro പുതിയ model എടുത്താൽ പോരെ അതാവുമ്പോ battery extra ഇടാം നല്ല quality ആയിരിക്കും.അപ്പൊ പിന്നെ ഇപ്പോൾ iphone 11, X, Xs, SE ഒക്കെ എടുത്തവർ 12 എടുക്കേണ്ട കാര്യം ഇല്ല എന്ന് തന്നെ പറയാം .ഇതിൽ ഒരു wow factor ആയി തോന്നിയത് ഈ phone ന്റെ look ആണ്...അടുത്ത iphone ഇലും camera യുടെ quality മാറും display improve ചെയ്യും കൊറച്ചൂടെ scratch, water, dust resistant ആയിരിക്കും....Apple ന്റെ ads ഇൽ കൂടുതൽ promote ചെയ്തത് 5G ആണ്.കാള പെറ്റു എന്ന് കേട്ടപ്പോഴേ കയർ എടുക്കല്ലേ 😁.5G ഒക്കെ വന്നാൽ വന്ന്.മൊത്തത്തിൽ ഒരു wow fact or വിപ്ലവകരമായ ഒരു മാറ്റം മിസ്സ് ആയി ( charger എടുത്തുമാറ്റിയത് ഒരു വിപ്ലവകരമായ മാറ്റം aye 😁)",Mixed Feelings
സ്ഥിരം ആപ്പിൾ ഫോൺസ് അപ്ഗ്രേഡ് ചെയ്യുന്നവരെ നോക്കുകയാണെങ്കിൽ 12 seriesൽ ചാർജിങ്ങ് ബ്രിക്ക് കൊടുക്കാണ്ടിരിക്കുന്നത് നല്ലൊരു മാറ്റം തന്നെയാണെങ്കിൽ കൂടി പുതിയതായി ഐഫോൺ വാങ്ങിക്കുന്നവർക്ക് മുടക്കേണ്ടി വരുന്ന പണത്തിന്റെ കണക്ക് നോക്കുമ്പോൾ ആപ്പിൾ കമ്പനിക്ക് അത് വമ്പൻ ലാഭം തന്നെ നൽകും.,Mixed Feelings
Mallu in techie world 6th Gen too supports Apple Pencil ( but first gen pencil only ) ..There is not much difference b/w 6th and 7th except the small screen size diff. ..Performance is almost the same. ..7th Gen was released last year but they retained the chip ( A10 ) !!!!! ..ഭാരം കുറവാണ് . അതൊരു ഇഷ്യൂ അല്ല എങ്കിൽ 6th ആകും ഭേദം . ..8th സെപ്റ്റംബറിൽ ഇറക്കുമെങ്കിൽ 7th ന്റെ വില കുറയേണ്ടതാണ് .,Mixed Feelings
ഞാൻ airpodpro വാങ്ങിയത് ഈ വീഡിയോ കണ്ടിട്ടാണ് .. everything is great.. except battery back up.. !!,Mixed Feelings
"ഇത് രണ്ടുവർഷം മുൻപ് ചെയ്ത വീഡിയോ ആണ്. ഇത് September 12, 2019 റിലീസ് ചെയ്ത ഒരു കാമറയാണ്. അന്നത്തെ ടെക്നോളജി ആൻഡ് features നോക്കിയാൽ ഏറ്റവും അഡ്വാൻസ്ഡ് ആയിട്ടുള്ള ക്യാമറയായിരുന്നു ഇത്. .ആദ്യം തന്നെ പറയട്ടെ. നിങ്ങൾ പറഞ്ഞിരിക്കുന്ന കാര്യങ്ങൾ ശരിതന്നെയാണ്. വീഡിയോയുടെ തുടക്കത്തിൽത്തന്നെ ഞാൻ പറയുന്നുണ്ട്, ഇതൊരു എൻട്രി ലെവൽ ക്യാമറയാണ്. അപ്പോൾ അതിന്റേതായ ലിമിറ്റേഷൻസ് ഉണ്ടാകും എന്നകാര്യം ഓർക്കുക . ചെറിയ ബോഡി ക്യാമറയിൽ ഹൈ കപ്പാസിറ്റി ബാറ്ററി കൊടുക്കുക എന്നുള്ളത് അപ്രായോഗികമായ കാര്യമാണ് .അതിനാണ് എക്സ്ട്രാ ബാറ്ററി കയ്യിൽ കരുതേണ്ടത്. കൂടാതെ USB വഴി ചാർജ് ചെയ്തുകൊണ്ട് ഉപയോഗിക്കാനും പറ്റും എന്ന കാര്യവും വീഡിയോയിൽ പറഞ്ഞിട്ടുണ്ട്. 2021 തൊട്ടാണ് unlimited റെക്കോർഡിങ് ചെയ്യാൻ പറ്റുന്ന ക്യാമെറകൾ ഇറങ്ങിത്തുടങ്ങുന്നത്. Overheating തടയാനുള്ള കൂളിംഗ് സിസ്റ്റവും ടാറ്റ ട്രാൻസ്ഫർ സ്പീഡ് കൂട്ടുവാനുള്ള കംപ്രഷൻ ഫോര്മാറ്റുകളും ഇതുനുശേഷം വന്ന ക്യാമെറകളിലാണ് impliment ചെയ്തുതുടങ്ങിയത്. ഓവർ Heating തടയാനാണ് ഇതിൽ റെക്കോർഡിങ് ലിമിറ്റിഡ് കൊടുത്തിട്ടുള്ളതും. പുതിയ ഐഫോണുകൾ ഇറങ്ങുമ്പോൾ പഴയ മോഡൽസ് നമ്മുക്ക് affordable ആവുമല്ലോ, ആ ഒരു രീതിയിൽ ഈ ക്യാമറ വാങ്ങാം. അത്രതന്നെ.",Mixed Feelings
"Iphone 11 ill deep fusion എന്നൊരു featurure update ലുടെ വരുന്നുണ്ട്, iphone also has cinematic stabilization in 4k 30, or 60, 1080, 720 fps, extended dynamic range 4k, 30, or 60 fps, also has cinematic video in 24 fps, front cam also has 4k, 30 or 60 fps and extended dynamic range in 30 fps, yah its the king in video, recording, പിന്നെ ഒരു tripod ഉപയോഗിക്കുകയാണേൽ, phone automatically, detect ചെയുകയും 5 to 8 second അല്ലാത്ത 28-30 shutter ഓപ്പൺ ആവുകയും better night ഫോട്ടോ കിട്ടും, even better night photos than pixel ijustine youtuber combration ill കാണിക്കുന്നണ്ട്, best water resistance in a phone upto 4 meters, and the raw power or A13 is unbeaten by any other chips പക്ഷെ വില ആണ് പ്രശ്നം",Mixed Feelings
സാംസങ് 2ഉം കല്പിച്ചു iragayaal 🥰🥰.. മോനെ തീർന്നു... പക്ഷെ വില ആണ് പ്രശ്നം...,Mixed Feelings
"ഞാൻ samsung S21 FE ആണ് use ചെയ്യുന്നത് but എല്ലാരും പറയുന്നപോലെ camera അത്ര ഗംഭീരമായിട്ട് തോന്നിയില്ല Day light വീഡിയോ super ആണ്, ഫോട്ടോ കൊഴപ്പില്ല...night video ഉം photo ഉം പോര.. എല്ലാരും online പൊക്കുന്ന കണ്ടിട്ടാണ് വാങ്ങിയെ അതും 39000 ന്.. എനിക്ക് പിന്നീം ഇഷ്ടമായത് ഈ range il Oneplus 9rt and Oneplus nord ആയിരുന്നു athil IMX 766 sensor ആണ്..9rt day &amp; night super ആണ്.. എന്നിട്ടും ഈ phone നെ ഇങ്ങനെ പൊക്കുന്നത് മനസിലായില്ല😔",Mixed Feelings
"ഞാനെന്റെ Realmel 5 Pro ഉപയോഗിക്കാൻ തുടങ്ങിയിട്ട് മൂന്ന് വർഷമായി. ഇതുവരെ ഒരു കുഴപ്പവുമില്ല. നല്ല കട്ട ഗെയിമിംഗ്, ക്യാമറ. നോർമൽ heating only. പക്ഷെ ലേറ്റസ്റ്റ് അപ്ഡേറ്റ് ചെയ്യരുത് ഫിംഗർ പ്രിന്റ് സ്കാനർ വർക്കാവില്ല.",Mixed Feelings
"വാങ്ങി 2 days ആയപ്പോ display യിൽ 3 line , ചാർജ് 50 % ആയപ്പോ just plug in ചെയ്ത് plug out ആക്കിയപ്പോ , 70 % anyway അടിപൊളി ഫോൺ ആണ് , good experience 👏",Mixed Feelings
പറ്റുന്നുണ്ട് man നല്ല quality ഉണ്ട് but Sonyde sensor ഇല്ലെന്ന് മാത്രം.. ഇതിന്റെ കൂടിയ variant ൽ sonyde sensor വരുന്നുണ്ട്,Mixed Feelings
ഞാൻ ഒരുമാസം ഉപയോഗിച്ചു എനിക്ക് നല്ലതായി തോന്നി... ഒന്നാമതായി ബാറ്ററി ബാക്കപ്പ് സൂപ്പർ ഡിസ്പ്ലേ നല്ല സോഫ്റ്റ്‌വെയർ കുഴപ്പമില്ലാത്ത ക്യാമറ ഗുഡ് ഹാൻഡ് ഫീൽ നല്ല പെർഫോമൻസ് .....ബഗ്സ് ഉണ്ടായിരിന്നു അപ്ഡേറ്റിൽ ക്ലിയർ ആയി... രസകരമായ കാര്യം ഐഫോൺ 12pro s20 poco x2 ഇതൊക്കെയാണ് അടുത്തായി ഉപയോഗിച്ചിരുന്നത് ഒരാളും ആ ഫോണൊന്നും മൈന്റ് ചെയ്തിട്ടുപോലും ഇല്ല പക്ഷെ ഇപ്പൊ ഒരു ദിവസം ഒരാളെങ്കിലും ചോദിക്കും Nothing അണോ ന്ന് 😊😊 കാൾ പേ യുടെ idea ഒരു രക്ഷയുമില്ല 👍....Pro ഗെയിമിങ്ങിനു പറ്റില്ല 😥,Mixed Feelings
എനിക്ക് ഇതു 15000 nu കിട്ടി ഇൻഫിനിസ് സെയിം features ആണ് ടെക്ണോ നൈസ് ഫോൺ ആണ് ഞാൻ ഇപ്പോഴാണെകിൽ ഞാൻ infinix എടുത്തേനേ കുറച്ചു features കൂടുതൽ ഉണ്ട് ടെക്ണോ ഗെയിംസ് ചെറുതായി heat ഉണ്ട് അഡ്ജസ്റ്റ് ചെയ്യാം,Mixed Feelings
ഞാൻ realme 10 pro plus 5g എടുത്തു 3 മാസം ആയി പക്ഷേ ഫോണിൽ ഇടക്ക് ഒരു മിന്നൽ ഉണ്ട് flickering .ath എന്താ ചെയ്യുക,Mixed Feelings
"ഞാൻ റെഡ്മി നോട്ട് 3 തൊട്ട്, നോട്ട് 7 പ്രോ വരെ വാങ്ങി നിർത്തി...പിന്നെ നേരെ പോയി ടെക്നോ എടുത്തു. ക്യാമറ ഒഴികെ ബാക്കി എല്ലാം പൊളി.",Mixed Feelings
നല്ല ഫോൺ with koora front camera,Mixed Feelings
Front camera 😌.ബാക്കി എല്ലാം pwoli 😉😍✌️.English sub is back ♥️👍,Mixed Feelings
Sony Xperia z ഉണ്ടായിരുന്നു എന്റമ്മോ തീ ആയിരുന്നു camera ഒക്കെ 🔥. But service cheyyan കൊടുത്താൽ കഴിഞ്ഞ് സാധനം കൈയിൽ കിട്ടാൻ 1 മാസം എടുക്കുവായിരുന്നു അന്നൊക്കെ. 🥲,Mixed Feelings
"പഴയ സോണി എക്സ്പീരിയ ഉപയോഗിച്ച ആളാണ് ഞാൻ,സൗണ്ട് സൂപ്പർ, വീഡിയോ ക്വാളിറ്റി ok, പക്ഷേ അന്നത്തെ build quality തല്ലിപ്പൊളി നമ്പർ വൺ",Mixed Feelings
"Worth Aanu, പിന്നെ ഒരു കാര്യം ഫോണിൻ്റെ Display,frame വല്ലതും പൊട്ടിയാൽ നിക്കറു കീറും So Repair Cost Afford ചെയ്യാൻ പറ്റുമെങ്കിൽ എടുത്തോ...",Mixed Feelings
"കൊറേ ഒക്കെ ഫ്ലാഗ്ഷിപ് ഫോണുകൾ ഉപയോഗിച്ചാൽ ഇത് പോലെ കുറ്റം മാത്രമേ പറയാൻ ഉണ്ടാവുള്ളു എന്തെ പോന്നു ഇക്ക. ഞാൻ ഈ ഫോൺ എടുത്തിട്ട് 7 മാസായി (ഇതിന് മുമ്പ് ഉപയോഗിച്ചത് ഒരു Moto C Plus ആയിരുന്നു, അതൊക്കെ റിവ്യൂ ചെയ്യാൻ നിന്നാൽ നിങ്ങളൊക്കെ അ ഫോൺ എടുത്ത് ഏറിഞ്ഞെനെ) അതിൻ്റെ ഇടയിൽ ഒരു 3 major updates ഉണ്ടായിട്ടുണ്ട് അതിന് ശേഷം ഫോൺ സ്മൂതായിട്ട് പോയി..റിവ്യൂ ഉദ്ദേശിച്ചത് പോലെ ചില കാര്യങ്ങളിൽ വാസ്തവം ഉണ്ട്..1) ഫിംഗർപ്രിൻ്റ് ഉദ്ദേശിച്ചത് പോലെ വെറും ശോകം ആണ് especially കൊടും വെയിലത്ത് use ചെയ്യുമ്പോൾ, അപ്പോൾ ഒരിക്കലും unlock ആവില്ല. ..2) ചാർഗിങ് പേസ് മോശം തന്നെയാ പക്ഷേ നിങ്ങൾ പറയാൻ വിട്ടു പോയത് പെട്ടീൻ്റെ അകത്ത് ചാർജർ ബ്രിക് ഇല്ല അതുകൊണ്ട് ഒറിജിനൽ ചാർജർ വാങ്ങിക്കാൻ നിന്നാൽ ഒരു ₹4000 ആവും. . .3) ഹീറ്റിങ് ഇഷ്യൂസ് ഉണ്ടായിട്ടുണ്ട് പക്ഷേ ഒരു update കഴിഞ്ഞപ്പോൾ അത് ഒക്കേ അങ്ങ് പോയ്യി. GTA San Andreas എല്ലാം Ultra settings ഇട്ട് കളിക്കാം...ഇനി നിങൾ ഇട്ട എനിക്ക് യോജിക്കാൻ പറ്റാത്ത പരാമർശങ്ങൾ. ..1) ഡിസ്പ്ലേ റിഫ്രഷ് റേറ്റ്: അതെ 60hz തന്നെയാ ഫോൺ ഓടുന്നത്, അതെ ഇതിൻ്റെ പകുതി വിലയുള്ള മിക്ക ഫോണുകളും 120hz പാനൽ ഉണ്ട്, പക്ഷേ എൻ്റെ അഭിപ്രായത്തിൽ ഇത് ശെരിക്കും ഒരു വേണ്ടാത്ത ഒരു argument ആണ് കാരണം ഒരു സർവ സാധാരണ User ഇത് വല്യ കാര്യമായിട്ട് എടുക്കില്ല. എടുക്കുന്ന ആൾകാർ നമ്മളെ പോലെ വളരെ ടെക് ഫോർവേർഡ് ആയിട്ടുള്ള ആൾകാർ ആയിരിക്കും. പിന്നെ ഈ ഫോൺ ഒക്കെ 60hz-il ഓടുന്നത് കൊണ്ട് ബാറ്ററി ഹേൽതിൻ നല്ലതല്ലേ? അതും അല്ല updates കാരണം ബാറ്ററി ലൈഫ് കൂടിയിട്ടെളു...2) ബാറ്ററി ഡ്രൈൻ: എന്ത് കോപ്പിലെ യൂണിറ്റ് ആൺ നിങ്ങള്ക്ക് കിട്ടിയത് എൻ്റെ അനുഭവത്തിൽ, സംഭവം രാവിലെ 7 മണിക്ക് ഫുൾ ചാർജ് ആയാൽ പിന്നെ ചാർജ് തീരാ കേവലം ഒരു രാത്രി എട്ട് മണി ആവുമ്പോളാണ്.",Mixed Feelings
എന്ത് നെഗറ്റീവ് ആണ് ബ്രോ.....ബാറ്ററി 50% ഉള്ളത് രാവിലെ 20%aavum🤣! ഞാൻ one month ആയി യൂസ് ചെയുന്നു... അടിപൊളി എക്സ്പീരിയൻസ് ആണ്..After android 13 update Finger print better aanu slow alla.Camera👌👍 grain&#39,Mixed Feelings
"ഞാൻ എന്റെ മൊബൈലിന്റെ കാര്യം ആണ് പറഞ്ഞത്.. വീഡിയോ ക്യാമറ ഓണ് ചെയ്ത് 15മിനുട്ട് കഴിയുമ്പോൾ ഹീറ്റിങ് ഉണ്ടാകും, അല്ലാതെ ഗെയിം കളിയ്ക്കുമ്പോൾ ഒരു ഹീറ്റിങ് ഇല്ല.. ബാറ്ററി 1 &amp; half dayഉപയോഗിക്കാൻ പറ്റും.. എങ്ങും ഒരു ലാഗും ഇല്ല.. ഫോണിന്റെ പെർഫോമൻസ് ഒരു രക്ഷയും ഇല്ല.. താൻ പറഞ്ഞ സിദ്ധാന്തം എന്റെ ഫോണിന് ഇതുവരെ ഉണ്ടായിട്ടില്ല പിന്നെ ഞാൻ എന്തിന് പറയണം.. എന്റെ അനുഭവത്തിൽ നിന്നാണ് ഞാൻ പറഞ്ഞത്, ഇനി സാറിന് ഇഷ്ട പെടുന്ന രീതിയിൽ പറയാൻ എനിക്ക് താല്പര്യം ഇല്ല.. പിന്നെ iphone ലൗവർക്ക് സാംസങിനോട് ദേഷ്യം ഉണ്ടാകും സ്വാഭാവികം..",Mixed Feelings
വീഡിയോ പിടിയ്ക്കുമ്പോൾ 20മിനുട്ട് കഴിയുമ്പോൾ നല്ല heating ഉണ്ടാകും പിന്നെ ക്യാമറ കുറച്ചു നേരം shut down ആകും.. അത് മാത്രമാണ് ഇത്രയും നാൾ എനിക്ക് ഉണ്ടായ ഒരേ ഒരു നെഗറ്റീവ്.. ബാക്കി എല്ലാം വേറെ ലെവൽ ആണ്.. വളോഗ് ചെയ്യുന്നവർക്കു പറ്റിയ ഫോണ് അല്ല...,Mixed Feelings
ഈ വിലക്ക് iphone 13 വർത് ആണെന്ന് പറയാനുള്ള കാരണം എന്ത 🙄.. S22+ സിന്റെ അത്രയും feautures onnum അതിൽ കിട്ടുന്നില്ല.. വളരെ എക്സ്പീൻസിവും ആണ്... പിന്നെ എന്ത് കൊണ്ടാണ് ആ വിലക് iphone 13 എന്ന് പറയുന്നത്.. Camera.. ഡിസൈൻ എല്ലാം s22+ അല്ലെ നല്ലത്.. പെർഫോമൻസ് basil മാത്രം അല്ലേ 13 മുന്നിൽ ഉള്ളു.,Mixed Feelings
"ഞാൻ S22 plus ഉപയോഗിക്കുന്നു . ഞാൻ കണ്ട ചെറിയ issues..1. Wifi നല്ല network നോക്കി automatic connect ആകുന്നില്ല ഞാൻ മുൻപ് ഉപയോഗിച്ച ഫോണുകളിൽ ആ feature കണ്ടിട്ടുണ്ട്..2. Instagram ഉപയോഗിക്കുമ്പോൾ വീഡിയോ load ആകുന്നില്ല എന്താണ് problem എന്ന് ഒരു പിടിയും ഇല്ല.3. ബാറ്ററി 5 to 7 hr screen on time കിട്ടുന്നുണ്ടെങ്കിലും heavy user ആയ കൊണ്ട് day രണ്ടു വട്ടം ചാർജ് ചെയ്യണം.4. Internet speed wifi stable alla കുറഞ്ഞും കൂടിയും വരുന്നുണ്ട്.5. Stero speaker ആണെങ്കിലും ഒരു quality കുറവ് feel ചെയ്തു base അധികം ഇല്ല.6. ഹാപ്റ്റിക് feedback പോരാ അതും ഒരു രസമില്ല.ബാക്കി എല്ലാം കൊള്ളാം especially camera, പെർഫോമൻസ്, Ram management. Display, സൂപ്പർ ആണ്.",Mixed Feelings
എൻറെ കയ്യിൽ ഇരിക്കുനത് a boat 141കുഴപ്പമില്ല product driver size 8mm ഉള്ളു.,Mixed Feelings
ക്യാമറ പോരാ.. Game കളിക്കാനും പാട്ട് കേൾക്കാനും കൊള്ളാം...,Mixed Feelings
തപ്പി തപ്പി അവസാനം ഞാൻ കോയമ്പത്തൂർ നിന്ന് ഇന്നലെ പൊക്കി 22+  . Nice. but battery 😁 echiri shogam.Bakki ellam kinnam fec,Mixed Feelings
ഞാൻ one plus 9R 8GB 128 aan use ആകുന്നെ but അത് വലിയ performance onnum enik തോന്നുന്നില്ല എന്നാലും heat ആകുന്നില്ല camera 📸 poli aan ഒരു രക്ഷയും ഇല്ല 🥰 use aakan nice aan but 8GB RAM അതിനുള്ള മൊതല് ഇല്ല 🥰🥰,Mixed Feelings
Finally after 7 pro ഒരു നല്ല oneplus but ente realme ഉള്ള same coloros 🥲,Mixed Feelings
Realme ഏറ്റവും ശോകം image processing ആണ് main camera poli ബാക്കി എല്ലാം gimik ആണ്,Mixed Feelings
"കൊള്ളാം.. വെറൈറ്റി ആയിട്ടുണ്ട്. Xiaomi യുടെ hardware ഒക്കെ top notch ആണ്. പക്ഷേ Software, they need a hell lot of work to do on it. They have bundled a hell lot of customization features on their UI. But, the problem is optimization..👎👎",Mixed Feelings
"bass okke und.... പക്ഷേ...ഒന്നും play aayittillangil...cheriya reethiyil oru മൂളക്കം und ...kee kkere kee...ചെറുതായിട്ട് കേൾക്കൂ....പാട്ട് , game കളിക്കുമ്പോൾ....sceene ഇല്ല....but charge നിൽക്കുന്നുണ്ട്..,അതാണ്...main",Mixed Feelings
"<a href=""https://www.youtube.com/watch?v=vndsOB-ck4o&amp;t=5m19s"">5:19</a> maybe product ൻ്റെ ആവും. എനിക്ക് latency പ്രശനം ഇല്ല. Instagram ഒക്കെ പക്ക ആയിട്ട് reels കാണാൻ പറ്റുന്നുണ്ട്. Even game കളിക്കുമ്പോൾ പോലും latency feel ചെയ്തിട്ടില്ല. Apex legends ഒരു lag ഉം ഇല്ലാതെ work ആവുന്നുണ്ട്. Shaz അണ്ണന് കിട്ടിയ product nte ആവും അത്...എടുക്കാൻ പോകുന്നവരോട് -.ചാർജ് ഇറങ്ങുന്നുണ്ട്..Case വലുതാണ്..Calling സൂപ്പർ നല്ല clear aayi കേൾക്കാം.",Mixed Feelings
bro. Sound leakage ഒഴിച്ച് നിർത്തിയാൽ. ബാക്കി എല്ലാം പൊളി ആണോ. Comfort and sound quality. പിന്നേ movie കാണാൻ ഒക്കെ എങ്ങനെ,Mixed Feelings
okay bro.. network problem matrame ആളുകൾ പറയുന്നതിൽ problem ullu..ath chila piece nte matram complaints anenkil Backy ellam adjust cheyyam,Mixed Feelings
May be yours is a defective piece..I still dont feel any of these issues other than heating. Happy with camera and UI..Gaming down ആണ്..Camera കാഴ്ചയിൽ കാണുന്ന സുഖം raw ഫയൽ എഡിറ്റ് ചെയ്യുമ്പോൾ കിട്ടുന്നില്ല. എന്നാൽ വീഡിയോ കിടു ഡെപ്ത് ആണ് : റീൽസ് ഒക്കെ ഈസി...S22 ഉപയോഗിച്ച് നോക്കിയില്ല : സൊ ബെറ്റർ ആണോ എന്നറിയില്ല,Mixed Feelings
"ആ mi 11 ultra പോരെ ആയിരുന്ന 😌😌സത്യം പറഞ്ഞാൽ ആ ഫോൺ കിടിലം ആയിരുന്നു,nice cam and perfomance only problem in update😂",Mixed Feelings
"Note 10 pro max, android 12 update ന് ശേഷം ചെറുതായിട്ട് ads കാണുന്നുണ്ട് (getsapp ന് ഉള്ളിൽ മാത്രം). മുൻപ് ഉപയോഗിച്ച s9 plus ആയിട്ട് compare ചെയ്യുമ്പോൾ ബെസ്റ്റ് ആണ്. നോ lag, battery good, nice camera quality.... പിന്നെ redmi അയതുകൊണ്ട് ഡാറ്റ സെക്യൂരിറ്റി യെ കുറിച്ച് ചോദിച്ചാൽ അറിയില്ല",Mixed Feelings
Redmi Note 8 ഉപയോഗിക്കുന്ന എന്നോടോ ബാല ...Software side 👎 ബാക്കി എല്ലാം കുഴപ്പമില്ല... അത്യാവശ്യം കാര്യങ്ങൾ നടക്കുന്നുണ്ട് എന്തായാലും ....,Mixed Feelings
8|256.Got for 16.5k ❣️..കൊള്ളാം......ആകെ negative ആയി തോന്നിയത് wide&amp,Mixed Feelings
bro realme narzo N55 NICE aanu 12 rupakk worth aanu.bloatwares ozich നിർത്തിയാൽ. പിന്ന ഇതിൻ്റെ look enik ഇഷ്ടപ്പെട്ടില്ല.So Ath എടുത്ത്,Mixed Feelings
"<a href=""https://www.youtube.com/watch?v=eDYF2psahUE&amp;t=6m46s"">6:46</a> ബ്രോ പറഞ്ഞ realme C55/ narzo N55 athil aanu njn bgmi and Cod കളിക്കുന്നത്.4gb.current ACE DOMINATOR🙂.it&#39;s not that bad on the price.Pretty decent..pinne flagship il ultra HD okka itt കളിക്കുന്നവർക്കെ ഇതൊക്കെ ശോകം ആയി തോന്നു.ഒള്ളത് കൊണ്ട് ഓണം പോലെ😅😅🥰",Mixed Feelings
"11R വാങ്ങി. over-all performance is ok. But camera ശോകം ആണ് night il പ്രത്യേകിച്ച്. Zoom ചെയ്ത് നോക്കുമ്പോൾ ഒട്ടും clear അല്ലാത്ത feeling varum, video , photo രണ്ടും.",Mixed Feelings
"Samsung, ഐഫോൺ,ഡിസ്പ്ലേ കംപ്ലയിന്റ് ലൈൻ വരുന്നത് പോലെ പണി കിട്ടി ക്യാഷ് പോയത്.. പോലെ സോണിക്കു പോയിട്ട് ഇല്ല... ചൂട് ആയിട്ട് പൊട്ടി തെറിച്ചൂട്ടും ഇല്ല,, ക്യാഷ് പോകുന്നത് ഞാൻ നോക്കിട്ട് സാംസങ്, ഐഫോൺ ഒക്കെ ഉള്ളു സോണിയുടെ Quality Best ആണ് പിന്നെ 5G മാത്രം ആണ് ഇപ്പോ ഉള്ള പ്രശ്നം!! കംപ്ലയിന്റ് വരാതെ അഞ്ചും ആറും വർഷം ഒക്കെ പോകുന്നത് ലോകത്തു അന്നും ഇന്നും അത് സോണി തന്നെ....",Mixed Feelings
S 23 യിൽ എടുത്ത ഫോട്ടോയും xperia 1 V or 5 iv or 5 ii ഇതിൽ എടുത്ത ഫോട്ടോയും Zoom ചെയ്താൽ അറിയാം quality. പിന്നെ xperia യുടെ ഈ പറഞ്ഞ മോഡലുകളിൽ എല്ലാം 4k 120 fps ൽ Slowmotion video record ചെയ്യാൻ പറ്റും അതും HDR ൽ. അത് ഒരൊന്നൊന്നര feature ആണ്.പിന്നെ ആകെയുള്ള ഒരു പോരായ്മ HDR 10+ support ഇല്ലാത്തതാണ്.പിന്നെ software update 2 വർഷത്തേക്ക് ഉള്ളൂ. മുമ്പ് കണ്ട reviews ൽ ഒന്നും heating issue report ചെയ്തിരുന്നില്ല. അങ്ങനെയുള്ളപ്പോ ഈ phone നെ ഇങ്ങനെ degrade ചെയ്യേണ്ട കാര്യമുണ്ടോ എന്നാണ് ഞാൻ ചിന്തിക്കുന്നത് ?,Mixed Feelings
എല്ലാം കൊള്ളാം....But But But......the prize 🤭,Mixed Feelings
ഞാൻ update ചെയ്തില്ല bro ....Dark mode issue ഉണ്ട് ..വേറെ ഒന്നും ഇല്ല ഇതുവരെ ....MI അയൊണ്ട് update പയ്യെ ചെയ്യാം എന്ന് കരുതി🤗,Mixed Feelings
Xiomi ഇടയ്ക്കിടയ്ക്ക് അപ്ഡേറ്റ് തന്നില്ലെങ്കിലും ഏറെക്കുറെ പ്രശ്നക്കാരായ ബഗ്ഗുകളി്ലാത്ത സ്റ്റേബിൾ സാധനമാണ് തരിക..അതൊരു ആശ്വാസമാണ്..ചെറിയ ഒപ്റ്റിമൈസേഷൻ ഇഷ്യൂസൊക്കെ ഉണ്ടാകും..I&#39,Mixed Feelings
"Xiaomi software ഒന്നു ശരിയക്കിയാൽ നല്ല products ആണ്.. miui 12 update ശേഷം ആണ് phone ൽ ഇത്രിയും problems.. അത് എന്ന് fix ചെയ്യുമോ ആവോ ......<a href=""http://www.youtube.com/results?search_query=%23r4amhser"">#r4amhser</a>",Mixed Feelings
One plus 9 vangi 2 month ആയി.ബാറ്ററി drain ആണ് മെയിൻ പ്രോബ്ലം വാക്കി എല്ലാം ബെസ്റ്റ് ആണ്,Mixed Feelings
Supperb review bhai.. ente കയ്യിൽ ഉള്ളത് Galaxy S20 plus aanu. അതിനും ഈ same issue aanu. But QHD resolution select ചെയ്താലേ ഈ പ്രോബ്ലം ഉള്ളൂ. Full HD+ aanu use ചെയ്യുന്നതെങ്കിൽ നോ issue. Also QHD resolution select ചെയ്താൽ heating issue ഉണ്ടു,Mixed Feelings
ഇതുപോലുള്ള റിവ്യൂസ് കേട്ട് ഞാൻ buds 2 pro വാങ്ങി. Build quality അടിപൊളി പക്ഷെ സൗണ്ട് വളരെ കുറവാണ് .... ഫുൾ സൗണ്ട് പോലും കുറവ്... പകുതി volume ആണെങ്കിൽ ഒട്ടും കേൾക്കുന്നില്ല .. Any tips to increase sound??? (nb:എന്റെ ചെവിക്ക്‌ ഇതുവരെ പ്രശ്നമൊന്നുമില്ല ) please reply...@shazam,Mixed Feelings
Samsung oom bich. Galaxy buds live ലും ഉണ്ട് 360 feature but കൊളാം എന്ന് മാത്രമെ പറയാൻ പറ്റും കാരണം ANC good എന്ന് പറയാൻ പറ്റില്ല,Mixed Feelings
"4 മാസമായി ഉപയോഗിക്കുന്നു 5 ദിവസം കൂടുമ്പോൾ charge ചെയ്താൽ മതി, bus ൽ പോകുമ്പോൾ call ചെയ്താൽ ഒരു പാടു ബുദ്ധിമുട്ടാണ്, connect ആവുമ്പോളേ തനിയെ പാട്ട് play ആകുന്നുണ്ട്,beast mode കിടു , Enx technology ഒഴിച്ച് നിർത്തിയാൽ verall പൊളി സാധനം,",Mixed Feelings
ദോഷം പറയരുത് ...Boat ഇൻ്റെ സൗണ്ട് clarity oru രക്ഷയും ഇല്ല....service maatram🥲🥲👎👎👎👎,Mixed Feelings
"എന്റെ പൊന്നു മക്കളെ , calling എന്ന ഉദ്ദേശ കൊണ്ട് എടുക്കുന്നവർ ആണേൽ നോക്കേണ്ട 5 month ayi use ചെയ്യുന്നു, ഞാനും frnd um വാങ്ങിയേ 2 month കഴിഞ്ഞപ്പോൾ അവന്റെ കത്തി പോയി തീയും പുകയും ഒക്കെ വന്നു,, warrenty കിട്ടി (ആ കാര്യത്തിൽ പക്കാ ) പിന്നെ പ്രോബ്ലം വന്നിട്ടില്ല ... Charging പൊളി ആണ്‌ 7 day full time use charge നികും... ഇതിലെ തൊലിഞ ഒരു sensor ഉണ്ട് , ചെവി ഇരുന്നു ഒന്നു അനങ്ങിയാൽ song pouse ആകും, തനിയെ play ആകും ചെയ്യും, njgal aboard ആണ്‌ , watsapp call ചെയ്യുമ്പോ ഇത് അങ്ങിയാൽ voice phone speaker ആകും, പിന്നെ നമ്മൾ phone unlock ചെയ്തു Bluetooth connct ചെയ്തു കൊടുക്കണം uff ഇതുപോലെ മെനക്കേട് ഉള്ള പരുപാടി... ഇതിൽ വെറുത്തു പോയത് ഈ sensor &amp; കോപ്പിലെ വലുപ്പം ആണ്‌ , ചെവി ഇരിക്കുമ്പോൾ robot പോലെ ഇരിക്കും , കിടന്നു കൊണ്ട് call, movie ഒന്നും പറ്റില്ല , പിന്നെ കൂട്ടത്തിൽ ഇരുന്നു സംസാരിക്കുക ആണെങ്കിൽ നിങ്ങൾ പറയുന്നേ ഒഴിച് ബാക്കി എല്ലാം opposite ഉള്ള ആളിന് കേൾക്കാൻ കഴിയും 😶😶💆‍♂️ ⚠️ sound clarity oke പൊളി, charging poli",Mixed Feelings
"ബ്രോയുടെ വീഡിയോ കണ്ടാണ് boult rover വാങ്ങിയത്. വാച്ച് ഒക്കെ കൊള്ളാം , പക്ഷേ ആപ്പിൽ അവർ തരുന്ന വാച്ച് ഫേസ് ഗുമ്മില്ല. എല്ലാം ഒരുമാതിരി കൂറ വാച്ച് ഫേസുകൾ",Mixed Feelings
ഫോൺ കൊള്ളാം RS:3000രൂപ കൂടുതൽ വേണമെങ്കിലും കൊടുക്കാം പക്ഷെ 5G യും LED display കൂടി ആയെങ്കിൽ പൊളിച്ചേനെ..,Mixed Feelings
bro camera കൊള്ളില്ല.Saturation ഒക്കെ കൂടുതലാ.പിന്നെ pro mode use ചെയ്താൽ കൊള്ളാം,Mixed Feelings
സിനിമ kannan kollam.. 👌🏻👌🏻👌🏻 പാട്ട് kelakan കൊള്ളൂല,Mixed Feelings
"ബ്രോ ഞാൻ സെബ്രോണിക്സ്‌ 9400 പ്രൊ എടുത്തതിനു ശേഷം ഫ്രണ്ടിന്റെ ഇലക്ട്രോണിക്സ് ഷോപ്പിൽ പോയി സോണി വെറുതെ ഒന്ന് നോക്കിയിരുന്നു....എനിക്ക് തോന്നിയത് വിലയിലായാലും, പെർഫോമൻസിലായാലും സെബ്രോണിക്സാണ് അടിപൊളി.....സെബ്രോണിക്സിന്റെ ഒരു പോരായ്മ പറയാതിരിക്കാൻ പറ്റില്ല 35നു മുകളിൽ ശബ്ദം വച്ചാൽ ചെറിയ രീതിയിൽ ക്ലാരിറ്റി പോകുന്നുണ്ട്.....എന്നാലും സോണിയേക്കാൾ മികച്ചത് സെബ്രോണിക്സ്‌... 👌",Mixed Feelings
"ബ്രോ ഞാനും 9400പ്രോ ആണ് യൂസ് ചെയ്യുന്നത്..വ്യക്തത ഉള്ള സൗണ്ട് ആണ്. കൃത്യമായ ബാസ്സ്, ട്രിബിൾ ആണ്...ഇതിൽ കറക്റ്റ് ഡോൾബി 5.1 മാത്രമേ സപ്പോർട്ട് ചെയ്യുകയുള്ളൂ...dts, aac 5.1 സപ്പോർട്ട് ചെയ്യില്ല...",Mixed Feelings
സംഭവം ഒക്കെ കൊള്ളാം. But Money ആണ് പ്രശ്നം 😌,Mixed Feelings
Camera Kidu ആണ് colour Boosting ഒക്കെ ഉണ്ട് wideangle അത്ര പോരാ..... Clarity കുറവ് ഉണ്ട്,Mixed Feelings
ഇത് വാങ്ങിയ ഞാൻ കുടുങ്ങി....ഇതിന്റെ ഫ്രണ്ട് and ബാക്കും ക്യാമറ വർക്ക്‌ ആകുന്നില്ല.ബട്ട്‌ നല്ല സ്പീഡ് ആണ്....👍,Mixed Feelings
രണ്ടും കൊള്ളാം.A series ഒരുപാട് features ഉണ്ടാകും... അത് പോലെ പല കളറുകളിൽ ഇറങ്ങുന്നുണ്ട്.... പിന്നെ പ്രതേകം പറയാനുള്ളത് അതിന്റെ Knox security ആണ്..പക്ഷേ m series കൂടുതൽ features and knox security ഉണ്ടാകില്ല.... പക്ഷേ കൂടുതല് mah ഉള്ള battery അത് m series ഫോണുകളിൽ ആണ്,Mixed Feelings
Reverse charging M21 പോലുള്ള ചില ഫോണുകളിൽ ഉണ്ടായിരുന്നെങ്കിലും type c to type C cable ആദ്യമായിട്ടാണ് കാണുന്നത്..ഇത്രയും വിലയുണ്ടായിട്ടും Gorilla glass 3യിൽ ഒതുക്കിയത് 5 എങ്കിലും കൊടുക്കാമായിരുന്നു,Mixed Feelings
mobile speed unden arinju .but battery draining issue undenn പറയുന്നു,Mixed Feelings
after updation speed und ennarinju but battery drain akumnu ennu പറയുന്നു,Mixed Feelings
ചൈന ഫോണുകളുടെ കൂതിക്കടിക്കാൻ ആർക്കെങ്കിലും പറ്റുമെങ്കിൽ അത് സാംസങ്ങ് ആരിക്കും .Exinos procesor മാത്രം ഒന്ന് മാറ്റിയാൽ മതി,Mixed Feelings
ഫോൺ കൊള്ളാം. പക്ഷെ വില ഇത്തിരി കൂടുതലാണോ എന്നൊരു സംശയം. ഈ വിലയിൽ SNAPDRAGON 855+ ചിപ്സറ്റ് ഉള്ള മറ്റു ഫോണുകൾ ലഭ്യമാണ്.,Mixed Feelings
ജയരാജേട്ടാ സാംസങ്ങ് മൊബെെലുകള്‍ മറ്റു മൊബെെലുകളേ അപേക്ഷിച്ച് നെറ്റ്വര്‍ക്ക് വലിക്കുന്ന കാര്യത്തില്‍ ഇച്ചിരി പിറകിലാണെന്ന് തോന്നുന്നു .ഞാന്‍ ഇതേ Mസീരിസിലേ M21 യൂസ് ചെയ്യുമ്പോള്‍ എനിക്ക് മനസിലായതാണ്. ബാക്കിയെല്ലാം നല്ല പെര്‍ഫോമന്‍സാണ്... നെറ്റ്വര്‍ക്ക് വലിക്കാത്തത് വലിയൊരു പോരായ്മയാണ്.. .facebook groupല്‍ ഇതിനെ കുറിച്ച് പറഞ്ഞപ്പോള്‍.. 90% Samsung യൂസര്‍മ്മാര്‍ക്കും ഈ പ്രോബ്ളം ഫീല്‍ ചെയ്യുന്നതായി പറയുന്നു.. റേഡിയേഷന്‍ കുറക്കാന്‍ വെണ്ടിയാണെന്നാണ് പറയുന്നത്,Mixed Feelings
ഈ ഫോൺ 14000 രൂപ ക്ക് കൊടുത്തിരുന്നു എങ്കിൽ ഇത് മറ്റു ചൈന ഫോണുകളെ കേൾ മാർക്കറ്റ് കിട്ടിയേനെ ഇത് ആണ് samsg ന്റെ തോൽവി,Mixed Feelings
90HZ refreshrate. കൂടെ ഉണ്ടായിരുന്നേൽ pwoli ആയേനെ,Mixed Feelings
ഈ വിലക്കു stereo speaker ഉം 90hz റിഫ്രഷ് rate ആയിരുന്നെങ്കിൽ valu for money ആയേനെ.....,Mixed Feelings
5G കൂടെ ഉണ്ടായിരുന്നെങ്കിൽ ✌,Mixed Feelings
Samsung galaxy M51 ഫോൺ നല്ല ഫോൺ ആണ്. പക്ഷേ ഈ ഫോൺ 5G ആണെങ്കിൽ നന്നായിരുന്നു.,Mixed Feelings
"സാംസംഗിനു സ്വാഗതം.!.എനിക്കിഷ്ട്ടപ്പെട്ടത്‌., 👍ബാറ്ററി,ഡിസ്പ്ലേ,പ്രോസസർ,ക്യാമറ,സിം ട്രേ,വില...ഇഷ്ട്ടപെടാത്തത്‌.,👎.ബാക്ക്‌ കെയ്യ്സ്‌ ഇല്ല,റിഫ്രഷിംഗ്‌ റേറ്റ്‌,സ്പീക്കർ,5Gഇല്ലായ്മ,ഫെയ്സ്‌,ടച്ച്‌ അൺലോക്ക്‌....ഈ അഭിപ്രായത്തോട്‌ യോജിക്കുന്നവർ ഉണ്ടോ.?",Mixed Feelings
ഇതിൽ f m radio ഇല്ലാത്തതു ഒരു നിരാശ ഉണ്ട്. പിന്നെ 90ഹെഡ്സ് റീഫ്രഷ്‌ റേറ്റ് കൂടി ഉണ്ടാവാമയിരുന്നു എങ്കിലും എന്റെ അഭിപ്രായത്തിൽ എല്ലാം തികഞ്ഞ ഒരു ഫോൺ ആയേനെ എന്നാലും ok good. ജയരാജ്‌ ഏട്ടാ ഇതിൽ മുമ്പ് ഉള്ള സാംസങ് ഫോണിലേതു പോലെ വീഡിയോ ഷുട്ട് ചെയ്യുമ്പോൾ ഫോക്കസ് ഹണ്ടിങ് ഉണ്ടോ എന്നു കൂടി വിശദമാക്കണേ. പിന്നെ fm radio ലഭിക്കാൻ എന്ത് ചെയ്യാൻ പറ്റും? നിങ്ങളുടെ വീഡിയോ സൂപ്പർ തന്നെ സാർ 👌,Mixed Feelings
5G ആണേൽ പൊളിച്ചെനെ,Mixed Feelings
ഈ ഫോൺ overpriced ആണ്.. Processor മാറ്റിയത് എന്തായാലും കൊള്ളാം.. 7000mAh battery ചാർജ് ചെയ്യാൻ കുറച്ചുകൂടെ കൂടിയ charger കൊടുക്കാമായിരുന്നു.. ബാക്കി എല്ലാം ഒരേ പൊളി..,Mixed Feelings
"പക്ഷെ realme 7pro ഒത്ത എതിരാളി ആണ്.. അതുപോലെ വരാൻ പോകുന്ന realme x7&amp; x7 pro കൂടി, 7000 mah battery കൊണ്ട് മാത്രം പിടിച്ചു നിൽക്കാൻ ആവുമോ.. indisplay ഫിംഗർപ്രിന്റ് ഇല്ലാത്തതു ഡീഗ്രേഡ് ആയി, അത് പോലെ fast ചാർജിങ്ങും ഡീഗ്രേഡ്, glass back ഇല്ല,",Mixed Feelings
5G + min 90 Hz or 120 Hz display koodi undel... മാരകം ആയേനെ,Mixed Feelings
Weight കൂടുതൽ ആണ് 216gm..👎😒.Display in Fingerprint vechaa madhiyarnnu...... .25W maatti 30/33W aakkamayirunnu.. ..Baaki ellaam👌👌💪💪🔥🔥🔥❤️❤️❤️,Mixed Feelings
5g support കൂടെ ഉണ്ടായിരുന്നെങ്കിൽ ഈ ഫോൺ പക്കാ OKay,Mixed Feelings
ഒരു 5g എങ്കിലും കൊടുക്കാം ആയിരുന്നു. പിന്നെ .Case &amp,Mixed Feelings
5G നൽകണമായിരുന്നു,Mixed Feelings
Ufff awesome phone chetta .. 👌👌 വില കുറച്ച് കൂടുതാലാണ് എന്നൊരു = point മാത്രേ എനിക്ക് തോന്നിയുള്ളു. ജയരാജേട്ടാ ഈ ഫോണിന്റെ ഒരു detailed review ഉം അതുപോലെ തന്നെ ഇതും m31s ഉം ആയിട്ടുള്ള ഒരു. Comparison വീഡിയോയും കൂടി ചെയ്യണേ ചേട്ടാ pls... ഇത് എന്റെ ഒരു request ആണ്,Mixed Feelings
5G യും ഉണ്ടെഗിൽ പൊളിച്ചെനെ 😜😜😜😜😜,Mixed Feelings
Samsung snapdagon കൊണ്ട് വന്നില്ലേ അപ്പൊ ഇത് ഒന്നൊന്നര device തന്നെ ആയിരിക്കും 💯. With 7000 mah battery💥 5G feature കൂടി നൽകാമായിരുന്നു എന്ന് തോന്നി 😇,Mixed Feelings
കിടിലം handset.. but camera pratheekshicha athre illa... waiting for ur detailed review Jayarajetta..😍,Mixed Feelings
എന്റെ note7 Pro യുടെ ക്യാമറ ആണ് ചില്ല് പൊട്ടി. പക്ഷേ.. ഡിസ്പ്ലേ അത് ഒന്നൊന്നര protection ആണ്. ഒരുപാട് തവണ വീണിട്ടുണ്ട്. എന്നിട്ടും ഡിസ്പ്ലേ ക്ക്‌ ഒരു പോറൽ പോലും വന്നിട്ടില്ല. Gorillgallss 5 ആണ്.,Mixed Feelings
ഇത് 5g ആണെകിൽ വാങ്ങാമായിരുന്നു.... 😒😒,Mixed Feelings
എന്റെ അഭിപ്രായത്തിൽ .Note 9 പ്രോയ്ക്ക് 64 mp cam.Pro മാക്സിന് അതിൽ കൂടിയ oru cam കൂടി ഉണ്ടായിരുന്നു എങ്കിൽ കുറച്ചു കൂടി better ആയേനെ.... .പിന്നെ ഇതുവരെ amoled display കൊണ്ട് വരാത്തതും ഒരു പോരായ്‌മ തന്നെയാണ്..,Mixed Feelings
"ഫോൺ പോളി സാധനമാണ്..But, വില കുറച്ചു കൂടി ഒന്ന് കമ്മി ആകുകയാണെങ്കി പോളി പോളി ആവുമായിരുന്നു🔥🔥🔥🔥🔥🔥",Mixed Feelings
പ്രൈസ് കുറക്കാൻ ചില ഫീച്ചറിൽ compromise ചെയേണ്ടതുണ്ടല്ലോ.. 765G ഡീസന്റ് perfromance തന്നെ ആണ്..,Mixed Feelings
കൊള്ളാം ഇതിന്റെ front camera waterdrop notch ആയിരുന്നെങ്കിൽ കാണാൻ കുറേ കൂടി നന്നായിരുന്നു എന്നാണ് എനിക്ക് തോന്നുന്നത്. ഇത് എന്റെ ഒരു വ്യക്തിപരമായ അഭിപ്രായമാണ്,Mixed Feelings
Cash ഉണ്ട്.. പക്ഷേ ഇത്രേം വില കൊടുത്ത് ഒരു ഫോൺ വാങ്ങണോ ന്ന് confusion,Mixed Feelings
"iPhone 12 Pro Max battery capacity 2815mAh ullu. ഇതിലും ഭേദം Samsung Note 20 Ultra മെടിക്കുന്നത. പക്ഷേ പെർഫോർമൻസ് 12 Pro Max കില്ലാടി തന്നെ. അല്ലേൽ OnePlus 8T മെടിച്ചാലും മതി, SD 865 5G Processor, 12 GB RAM, 256GB Storage, 48MP Camera, 65W Fast Charging ellam ഉണ്ട് അതും 50,000 - തിന് താഴെ",Mixed Feelings
കിടില൦ ഫോൺ ആണ് IPhone 12 pro max. പക്ഷേ charger ഇല്ലാത്ത ഫോൺ എന്ത് ഫോൺ.,Mixed Feelings
ഞാൻ ഉപയോഗിക്കുന്നത് A70s ആണ്.Heating issue ഭയങ്കരം ആണ്.game 10മിനിറ്റ് കളിക്കുമ്പോൾ തന്നെ ഓവർ heat ആവുന്നു .ബാക്കി ഒക്കെ സൂപ്പർ ആണ് specilay ഡിസ്പ്ലേ,Mixed Feelings
Phone അടിപൊളി. പക്ഷേ പ്രൈസ് ഒരു പ്രശ്നമാണ്.,Mixed Feelings
എല്ലാം set ബട്ട്‌ വാങ്ങാൻ വീട് പണയം വെക്കേണ്ടി വരും 😂🙏,Mixed Feelings
Phone വേറെ ലെവൽ But Money എന്നെക്കൊണ്ട് താങ്ങില്ലാ 😭,Mixed Feelings
ഇഷ്ടായി but cash😂,Mixed Feelings
ഫോൺ ഒരു കിടു ഐറ്റം തന്നെ...👍.പക്ഷേ. Charger ഇല്ല headphones ഇല്ലാ....അടുത്ത ഫ്ലാഗ്ഷിപിൽ box ഉം കാണില്ല only phone 😂😂,Mixed Feelings
ഫോൺ നൈസ് തന്നെ പക്ഷെ ചാർജർ.പിടിച്ചു പറി തന്നെ,Mixed Feelings
Jayetta എനിക്കും തോന്നിയത് അങ്ങനെ തന്നെ 5G കൂടി ആക്കിയിരുന്നെങ്കില്‍,Mixed Feelings
"Redmi note 10 pro max മൊത്തത്തിൽ കുഴപ്പമില്ല. But as a pro max user, ഇനി എന്നോട് ആരെങ്കിലും ക്യാമറയെക്കുറിച്ച് ചോദിച്ചാൽ ഞാൻ പറയും photo പോരാ, video പൊളി ആണെന്ന്. കാരണം 108 mp ക്യാമറയൊന്നും still ഫോട്ടോഗ്രഫിക്ക് പറ്റില്ല (വലിയ sensor ആയത് കൊണ്ട് details കൂടുതലാണ്). എന്നാൽ videography ഇഷ്ടപ്പെടുന്നവർക്ക് ഇത് ഏറ്റവും നല്ല choice ആണ്....NB : ഒരു phone വാങ്ങിക്കുമ്പോൾ നല്ലപോലെ review കണ്ട് ആലോചിച്ചു തീരുമാനമെടുക്കുക...",Mixed Feelings
"ഞാൻ use ചെയ്യുന്നത് Redmi 10 T pro ആണ്, phone adipoli ആണ്. But ഫോൺ ഓവർ heat ആണ്. Like Iron box..എന്തെങ്കിലും solution undo Jayaraj etta..",Mixed Feelings
indisplay fingerprint scanner റും ... 5g യും കൂടെ ഉണ്ടായിരുന്നേൽ... ചുമ്മാ തീ🔥🔥🔥,Mixed Feelings
6000 mah bettery കൂടെ ആയിരുന്നേൽ ഇവനെ വെല്ലാൻ ഈ price range ഇൽ വേറെ ഒരു ഫോണും വരില്ല എന്നുള്ളവർ 👇,Mixed Feelings
"ഇവമ്മാർക്കിത് 5G ആക്കികൂടെ എല്ലാം പൊളിച്ചു വന്നപ്പോൾ 5G ഇല്ല,😔",Mixed Feelings
5G support ആയിരുന്നെങ്കിൽ,Mixed Feelings
എല്ലാം better .പക്ഷെ .5g അല്ല എന്നത് മാത്രം മോശം ആയി തോന്നി . ---smk🥰🚴🚴🚴,Mixed Feelings
5G ആണേന്കിൽ പോളിച്ചേനേ👍👍👍👍,Mixed Feelings
"ഇതിനൊക്കെക്കൂടെ dual 5G sapport,5G sapport prososor കൂടി ഒണ്ടാരുന്നേൽ വേറെ level phone ആയേനെ redmi note 10 pro max",Mixed Feelings
Radmi ഉയിർ 😉 പരസ്യം ഒഴിച്ച് ബാക്കിയെല്ലാം ok 👌,Mixed Feelings
4g തന്നെ ധാരാളം.NFC അത് വേണമായി രുന്നു,Mixed Feelings
5g യുടെയും nfc യുടെയും പോരായ്മ ഫീൽ ചെയ്തു ബാക്കി എല്ലാം ok യാണ്,Mixed Feelings
പ്രൊ മാക്സില് 5G കൂടെ ഉണ്ടായിരുനെൽ പൊളിച്ചേനെ 💓🔥🔥,Mixed Feelings
5G കൂടി ആയെങ്കിൽ പൊളിച്ചേനെ 👍👍👍👍❤,Mixed Feelings
5g ആണെങ്കിൽ പോളിച്ചേനെ.,Mixed Feelings
അതെ.... Water drop noch ഒഴിവാക്കാമായിരുന്നു...‼️.Ufff🔥 Ejjathy phone 😱⚡️,Mixed Feelings
spec nallathan bro ads pinne bugs kozhapam illekil kidilan phone ann,Mixed Feelings
Price.കൊള്ളാം പക്ഷേ notch.,Mixed Feelings
Punch hole കൂടി ഉണ്ടെങ്കിൽ വേറെ ലെവൽ ആയേനെ😁,Mixed Feelings
1Year ന് മുൻപ് വന്ന Android11.പിന്നെയും New Series Phone ൽ 2022 🥴..Android12 Out Of The Box കൊടുക്കണം ആയിരിന്നു..ഇത് Bor ആണ് 100%..Design ബാക്കി Features എല്ലാം വേറെ ലെവൽ❣️,Mixed Feelings
ക്യാമറ പോരാ ബാക്കി full സെറ്റ് 😍😍😍😍,Mixed Feelings
"Pakkam bro.1+ ഇന്റെ രണ്ടു ഫോൺ ഉള്ളു 25000.Nord ce, nord 2 ce.പിന്നെ camera important ആണേൽ 1+ നെൽ ക്കാളും nallathu Galaxy M52 ആണ്..25000 രൂപക്ക് അതിനെ കഴിഞ്ഞേ ഉള്ളു വേറെ ഏതു ഫോണും ക്യാമെറക്ക്..ക്യാമെറക്ക് മാത്രമല്ല.Snapdragon 778.One ui 4.1.5000 mah ബാറ്ററി.ഇത്രേം കൊണ്ട് ഒരു നല്ല ഫോണാ..പിന്നെ Sterio സ്പീക്കർ ഇല്ല.",Mixed Feelings
സ്റ്റീരിയോ 5g കൊടുക്കാർന്നു,Mixed Feelings
Very good.... സ്റ്റീരിയോ സവുണ്ടു ഇല്ലാത്തതു ഒരു കുറവു തന്നെയാണു,Mixed Feelings
വളരെ നല്ല ഫോൺ പക്ഷെ 5 G ആകണമായിരുന്നു: റോക്കറ്റ് യുഗ ത്തിൽ കാളവണ്ടി അവതരിപ്പിച്ചു:,Mixed Feelings
Samsung പൊളിച്ചു പക്ഷേ5g ഉണ്ടക്കിൽ നന്നായിരുന്നു,Mixed Feelings
Battery പൊളിയാ പക്ഷെ 25w fast ചാർജ് അത് കുറവായിപ്പോയി,Mixed Feelings
"ഫോണിന്റെ കാര്യത്തിൽ തെറ്റി ബ്രോ..ഞാൻ എന്നെന്നേക്കുമായി ഉപേക്ഷിച്ച ഒരേ ഒരു കമ്പനിയാണ് ഇവരുടെ ഫോൺ. ..കാശ് കുറേ പോയതാണ്. .പബ്‌ജി പോലുള്ള ഗെയിമുകൾക്ക് വേറെ കമ്പനി ഫോൺ വേണം. ..Call, ഫേസ്ബുക്, whatsapp ഒക്കെ ഉപയോഗം മാത്രം ഉള്ളവർക്ക് കൊള്ളാം.",Mixed Feelings
athe bro nan j7 prime 2016 model processor ozhikke ബാക്കി ഓക്കേ പക്കാ build quality 😍😍 screen😍😍 ഇപ്പോളും ഒരു issue ഇല്ല 💥💥 but gaming😔😔,Mixed Feelings
"5G കൂടെ ആവാമായിരുന്നു😐.7000mah 25w charging😐.Gorilla glass3🙄.ബാക്കി ഒക്കെ kuzhappamilla😉❤️👍..Realme X7,Mi 10i better for this prize 👍",Mixed Feelings
5G ഉണ്ടായിരുന്നെങ്കിൽ നന്നായേനെ.,Mixed Feelings
"Galaxy y,J1,j2, j3 പ്രൊ, galaxy tab a6, galaxy grand itrem samsaung phn use ചെയ്തിട്ടൊണ്ട്.എല്ലാത്തിന്റേം processor ozhike ബാക്കി എല്ലാം adipowli ആണ്. Mainly build quality super aan",Mixed Feelings
"ഈ ഫോണിൻ്റെ specifications, look കൊള്ളാം. But 5G ഇല്ല 😔. 2021-ൽ 5G കൂടെ വേണമായിരുന്നു.",Mixed Feelings
"Battery , display കില്ലാടി 😎😎😎.🎉🎉🎉.Charger , price ഗുല്ലാടി 😭😭😭",Mixed Feelings
5G കൂടിവേണമായിരുന്നു,Mixed Feelings
"Oneplus 9pro എടുക്കണം എന്നുണ്ട് , ഇപ്പൊ അപ്ഡേറ്റ് ഒക്കെ വന്നു കുറേ പ്രേശ്നങ്ങൾ പരിഹരിച്ചിട്ടുണ്ട്, !!വിലയാണ് പ്രശ്നം 😀😊",Mixed Feelings
ഇതുവരെ കുഴപ്പമില്ല ബ്രോ നെഗറ്റീവ് ആയിട്ട് ബാറ്ററി ബാക്കപ്പ് കുറവാണ്,Mixed Feelings
Hasselblad camera ഒക്കെ ഉണ്ട് പക്ഷെ ois ഇല്ല 50000 രൂപയുടെ oneplus 9 ഇൽ,Mixed Feelings
Oneplus 5 യൂസ് ചെയ്യാൻ തുടങ്ങിയിട്ട് 4 വർഷമായി ഒരു തരം കംപ്ലൈന്റ്റും ഈ നിമിഷം വരെ ഉണ്ടായിട്ടില്ല...ഫോൺ പെർഫോമൻസ് വളരെ മികച്ചതാണ്.. ക്യാമറ ആവറേജ് ആണ്..,Mixed Feelings
Type C ഒരു sideil koduthal polikum..Headset vechallum seen illa 😊,Mixed Feelings
ഞാൻ 2 Nord വാങ്ങി രണ്ടും പൊട്ട ആണ് എന്റെ friend ഒരു Nord വാങ്ങി അത് നല്ല phone ആണ്. എന്റെ ഫോണും എന്റെ കൂട്ടുകാരന്റെ phonum തമ്മിൽ നല്ല performance difference und നല്ല service കിട്ടുന്നില്ല 😔,Mixed Feelings
"About Wireless charging, Oneplus 9 ന്റെ Global variantല്‍ (US and UK) Wireless charging feature നല്‍കിയിട്ടുണ്ട്, പക്ഷെ ഇന്ത്യയില്‍ Oneplus 9 Pro ല്‍ മാത്രമാണ്‌ നല്‍കിയിട്ടുള്ളത്..ഇന്ത്യയില്‍ Oneplus 9 ന് 50k - 55k price range ഉണ്ട്. .IP68 rating ഉള്ളത് നല്ലതാണ്, still IP rating ഇല്ലാത്ത Oneplus phones waterproof ആണെന്ന് company അവകാശപ്പെടുന്നുണ്ട്..QHD display is a flagship feature, no doubt..Last year Samsungന്റെ S20FE പോലെയുള്ള phones Oneplus ഇറക്കണം. It had Wireless charging and IP rating except QHD display, that for within 50k price range.",Mixed Feelings
One plus kollam 🥰pakshey service centerinu vendi alayendivarum. Keralathil. SAMSUNG thanneyanu service nallathu. 🥰🥰അനുഭവം ഗുരു.ONEPLUS 6T MECLAREN EDITION ഉപയോഗിച്ച ഞാൻ നല്ല സർവീസ് തേടി അലഞ്ഞു എങ്ങും കിട്ടില്ല.. 😭🥰 അതുറപ്പാണ്....😭😭,Mixed Feelings
കാര്യം ഒക്കെ ശെരിയാ പക്ഷെ Hassle blad ന്റെ പവർ ഒന്നും കണ്ടില്ല പതിവ് പോലെ front camera ശോകം . എന്റെ 8 പ്രോ ആണ് എനിക്ക് 2 തമ്മിൽ വലിയ വെത്യാസം ഒന്നും തോന്നുന്നില്ല ചേട്ടൻ പറഞ്ഞ പോലെ .Any way one plus = one plus. എന്നാലും ആ ഫ്രണ്ട് ക്യാമറ എങ്കിലും upgrade ചെയ്യാരുന്നു... പിന്നെ ആകെ തോന്നിയത് 65 w chaarging മാത്രം അതിന് 10 + കൊടുക്കണോ 😂,Mixed Feelings
ബാറ്ററി mah കുറച്ചുകൂടി വേണമായിരുന്നു,Mixed Feelings
അടിപൊളി ഫോൺ :ഒരു 7000 MAh ബാറ്ററി കൂടി ഉണ്ടായിരുന്നെ ങ്കിൽ കിടുകിടുക്കുമായിരുന്നു:,Mixed Feelings
S20 fe 4g ഭയകര heating ആണ് ബാക്കി എല്ലാം പക്കാ,Mixed Feelings
ഞാൻ 3 വർഷമായി സാംസങ് J7 യൂസ് ചെയ്യുന്ന ആൾ ആണ്... വില കുറച്ച് കൂടുതൽ എന്നുള്ളതൊഴിച് സാംസങ് ഫോണിൽ വേറെ പോരായ്മ ഒന്നും ഇല്ല എന്നാണ് എന്റെ ഒരു അഭിപ്രായം. നിങ്ങൾ എന്തു പറയുന്നു ഫ്രണ്ട്‌സ്?,Mixed Feelings
Hai...ഞാൻ ഒരു 6 വർഷം ആയീ redmi note സീരിയസ് സമർട്ട് ഫോണുകൾ ഉപയോഗിക്കുന്നു.. ഒരു 5 മാസം മുമ്പ് ഞാൻ 10 pro വാങ്ങിച്ചു...ഫെച്ചർസ് എല്ലാം ഓക്കേ.. ഇപ്പോൾ കുറച്ചു ദിവസം ആയി vdo call ചെയുമ്പോൾ.. അല്ലെകിൽ ഫോട്ടോ എടുക്കൻ ക്യാമറ ഓപ്പൺ ചെയുമ്പോൾ ക്യാമറ balck ആകുന്നു... ഈ പ്രശ്നം എനിക്ക് മാത്രം ആണോ?,Mixed Feelings
Ui ഒഴിച്ച് ബാക്കി ഒക്കെ കൊള്ളാം miui 😑,Mixed Feelings
മച്ചാനേ ഞാനും വാങ്ങി redmi note 10 pro ഇത്തിരി heat ഉണ്ടെങ്കിലും പൊളി ഫോണ്‍ ആണ് ഇജ്ജാതി....,Mixed Feelings
5g അയിരുനാൽ നനനയിരുനു,Mixed Feelings
ഞാൻ വാങ്ങി ഉഷാറാണ് but range വലിക്കുന്നത് ഫാസ്റ്റ് ഇല്ല.... അതിനിക് മാത്രം മണോ പിന്നെ dubli headset vechal മൈക് ഓഫ്‌ ആകും.... ആരെങ്കിലും ഒന്ന് പറയണേ,Mixed Feelings
"ഞാനും ഈ ഫോൺ വാങ്ങി...എനിക്ക് അനുഭവപ്പെട്ട ഒരു ന്യുനത പറയട്ടെ. ഇതിലെ നോട്ടിഫിക്കേഷൻ led ലൈറ്റിനെ കുറിച്ചാണ്. ഒരു വിധത്തിലും കാണാൻ പറ്റില്ല...കളർ ചേഞ്ച് പറ്റില്ല, മൊബൈൽ എടുക്കാതെ ദൂരെനിന്ന് misdcal, msg, other നോട്ടിഫിക്കേഷൻ ഒന്നും അറിയാൻ പറ്റില്ല...ബാക്കി എല്ലാം കൊണ്ടും നല്ല ഫോൺ ആണ്.. ചേട്ടൻ ഇത് ഒന്ന് വീഡിയോയിൽ പറയാമായിരുന്നു..",Mixed Feelings
"Redmi 9 pro rename ചെയ്തിറക്കിയതാണ് , additional 30 wt charger, അത്രേയുള്ളൂ...",Mixed Feelings
എന്നും നിനക്കായി lava അടിപൊളി ഫോൺ ആണ് റേഡിയേഷൻ കൂടുതൽ ആണ് അതേ ഉള്ളു കുഴപ്പം,Mixed Feelings
"ഫോണും.. റിവ്യൂ ഒക്കെ അടിപൊളി, ഇതിന്റെ സർവീസ്, അതുപോലെ വാറന്റി തുടങ്ങിയ കാര്യങ്ങൾ കൂടി അറിയണം എന്നുണ്ട്. LTE ആണോ?",Mixed Feelings
ഇഷ്ടmaaണ് പക്ഷേപ്രൈസ്കൂടുതലാ,Mixed Feelings
ഇന്നലെ പൊട്ടിച്ചേ ഉള്ളൂ. DISPLay കിടു. Gaminginu കൊള്ളാം .കൂതറ കാമറ,Mixed Feelings
5g കൂടി ഉണ്ടായിരുന്നെങ്കില്‍ Super ആയിരുന്നു.,Mixed Feelings
"108mega pixel നോക്കി ആരും വാങ്ങേണ്ട .Front cam,battery, display, എല്ലാം perfect",Mixed Feelings
ആ ഡിസ്‌പ്ലേ LED ആണെങ്കിൽ കൊള്ളാമായിരുന്നു,Mixed Feelings
സംഭവം കൊള്ളാം but dual Sim വേണം പിന്നെ sig,Mixed Feelings
5g കൂടി anel 🔥,Mixed Feelings
Moto x4 യൂസ് ചെയ്തിട്ടിട്ടുണ്ട്. Ip68 ഉള്ള ഫോൺ ആർന്നു അത്. Premium build. പക്ഷെ ഇപ്പോളത്തെ ഒക്കെ കണ്ടിട്ട് cheap ക്വാളിറ്റി ഫീൽ ചെയ്യുന്നു 🙏,Mixed Feelings
മോട്ടോ കത്തികയറുവാണല്ലോ...... കൊള്ളാം സ്റ്റോക്ക് ആൻഡ്രോയ്ഡാ ഇതിന്റെ ഒരു അന്തസ്സ്.....💥💥പക്ഷേ fingerprint side mounded ആരുനെകിൽ കൊള്ളാരുന്നു .....Duel... Capture modil... ഇത്തിരി stability കുറവാണെന്ന് തോനുന്നു ........,Mixed Feelings
"<b>ഞാൻ 2017 മുതൽ മോട്ടറോള ഫോൺ ഉപയോഗിക്കുന്നത് ആണ് .... ഫോൺ ഇൻ്റെ ക്യാമറ, പ്യുവർ ആൻഡ്രോയ്ഡ്,അഡ് ഫ്രീ,സൗണ്ട് ക്വാളിറ്റി ഒക്കെ കൊണ്ട് ഫോണിനെ മികച്ചതക്കുന്നൂ... ബട്ട് ഫോണിൻ്റെ ഒരു പ്രശ്നം എന്ത് എന്നൽ സ്റ്റോറേജ് ഫുൾ അയാൽ , വാട്ട്സ്ആപ് സ്റ്റോറേജ് ഫുൾ അയാൽ ഫോൺ കുറെ നാൾ ഹങ്ങ് അയി നിൽക്കും....ഞാൻ മോട്ടറോള ഫോൺ മാത്രം ആണ് ഉപയോഗിക്കുന്നത് വേറെ ഫോണിന് ഇങ്ങനത്തെ പ്രേഷണം ഉണ്ടോ എന്ന് അറിയില്ല</b>",Mixed Feelings
"Phone കിടിലൻ തന്നെ... പക്ഷേ, app icons, settings അതൊന്നും കാണാൻ ഒരു ലുക്ക്‌ തോന്നിക്കുന്നില്ല 😌",Mixed Feelings
പിക്സൽ 6 Pro Oct 29 മുതൽ ഉപയോഗിക്കുന്നു..ഫോൺ അടിപൊളി..ബാറ്ററി അത്ര പോരാ..30 watt ചാർജിങ് സ്പീഡിന് തുല്യമായ വേഗതയില്ല.,Mixed Feelings
2 മാസം ആയി ഉപയോഗിക്കുന്നു... Charging slow aanu അതെ ഒള്ളൂ എനിക് ഒരു കുറവായി thonniyollu.ഗൂഗിൾ photos 15GB only.. Pixel 6 💯✌️,Mixed Feelings
Fingerprint back സൈഡിൽ വന്നത് ഫോണിൻ്റെ lookine ബാധിച്ചു... fingerprint scanner സൈഡിൽ ആകാമായിരുന്നു...punchhole front camera ആയിരുന്നെങ്കിൽ നന്നായിരുന്നു...ബാക്കി എല്ലാം okkk...👍🏻.Nice review jayarajetta🔥,Mixed Feelings
ഫോൺ ഇന്നലെ എടുത്തു അടിപൊളി.... ഉച്ചക്ക് ഒക്കെ കാം കിടു...... but evening ആയപ്പോൾ ഒരു ചെറിയ kirukirupp pole ഫീൽ ചെയ്തു.... ബാക്കി എല്ലാം അടിപൊളി,Mixed Feelings
സത്യം.. Exynos കാരണം മാത്രം ആണ് ഞാന്‍ samsung എടുക്കാത്തതു... Snapdragon Uyir😍,Mixed Feelings
അമോലെഡ് display കാണാൻ പൊളിയാണ് പക്ഷെ പൊട്ടികഴിഞ്ഞാൽ പുതിയ ഫോണിൻ്റെ പൈസ വേണം ഡിസ്പ്ലെ മാറ്റാൻ പിന്നെ &#39,Mixed Feelings
പ്രോസസർ ഒഴികെ ബാക്കി എല്ലാം സൂപ്പർ ✌️....ഫുൾ HD + sAmoled... പൊളിക്കും 👌👌👌👌👌👌👌👌👌👌👌👌👌👌,Mixed Feelings
"Mm, 27+k കിട്ടുക ആണെങ്കിൽ worth aan, athinte മുകളിൽ ക്യാഷ് കൊടുത്ത് വാങ്ങരുത്",Mixed Feelings
നിങ്ങളുട റിവ്യൂ കണ്ടാണ് ഞാൻ വൺ പ്ലസ് ഫോണിനെ ഇഷ്ടപെട്ട് തുടങ്ങിയത് ബട്ട്‌ വൺ പ്ലസ് 7 തൊട്ട് 8t വരെ മാസ്ക് ഇട്ടാൽ ഫേസ് ഐഡി കിട്ടുന്നുണ്ടല്ലോ ഞാൻ ഐഫോൺ 12 മിനി എടുക്കണം എന്ന് വിചാരിച്ചിരുന്നു ബട്ട്‌ നിങ്ങളുട റിവ്യൂ കണ്ടപ്പോൾ ഇനി എടുക്കണ്ടന്ന് വിചാരിച്ചു ഇതിലും നല്ലത് വൺ പ്ലസ് തന്നെയാണ്,Mixed Feelings
"എനിക്ക് തോന്നിയ പോരായ്മ ബാറ്ററി back up ൽ മാത്രമാണ്. പിന്നെ, side mounted finger print scanner കൂടി add ചെയ്യാമായിരുന്നു. (Face id മാസ്കിട്ടാൽ work ആവില്ലല്ലോ ).ബാക്കിയൊക്കെ 👍",Mixed Feelings
Size അടിപൊളി ആയിട്ടുണ്ട്.......But ഈ ക്യാഷ് കൊണ്ട് വേറെ 4 ഫോൺ വാങ്ങാല്ലോ........പേരിൽ മാത്രേ മിനി എന്നുള്ളൂ price big ആണ്...😢😢😢😢😢,Mixed Feelings
"വേഗത്തിൽ ചൂടാക്കുന്നു, ചാർജ് ഫുൾ ആകാൻ എനിക്ക് ഏകദേശം <a href=""https://www.youtube.com/watch?v=qzNe940scic&amp;t=1m30s"">1:30</a> മണിക്കൂർ എടുക്കുന്നു, ബാക്കി എല്ലാം 👍🥰",Mixed Feelings
സാംസങ് ന്റെ ഫോൺ നല്ലതാണെന്നു പറയുന്നവർ വേറെ ഫോൺ ഒന്നും ഉപയോഗിച്ചിട്ടു കാണില്ല.😂 Only flagship phones are good,Mixed Feelings
Sometimes heating issue ഉണ്ട്... ബാറ്ററി ആവറേജ് not that great.... ചില bugs ചില time ഉണ്ടാവാറുണ്ട് apps ന്റെകാര്യത്തില്‍.......There is nothing perfect in this world എന്നല്ലേ.... overall ഞാൻ completely satisfied ആണ്.... കഴിഞ്ഞ വര്‍ഷം മേടിച്ച phone ആണ് ഇനിയും 4 years update guaranteed ആയ കൊണ്ട് അതും നോക്കണ്ട..... അടുത്ത 3-4 years എന്നായാലും phone മാറുന്നില്ല.... കാരണം നല്ല performance ആണ് ഒരു തവണ പോലും lag ആയിട്ടില്ല,Mixed Feelings
MIUI ഒഴിച്ച് നോക്കിയാൽ ബാക്കി ഒക്കെ okey broh❤,Mixed Feelings
കുറവാണ്... വേറെ issues onnum illa....Heating + battery aanu കുറവ് ഉള്ളത്..,Mixed Feelings
4 മാസമായി യൂസ് ചെയ്യുന്നു..എനിക്ക് വേണ്ടത് നല്ല ഡിസ്പ്ലേ ക്യാമറ സോഫ്റ്റ്‌വെയർ അപ്‌ഡേഷൻ ഇതെല്ലാം കിട്ടുന്നുണ്ട്..ബാറ്ററി ആണ് കുറച്ചു പ്രശ്നം..റിഫ്രഷ് റേറ്റ് കുറച്ചിട്ടു സെറ്റിങ്സിൽ കുറച്ചു മാറ്റം വരുത്തിയാൽ ഒരു പരിധി വരെ രക്ഷപെടാം..29 k എനിക്ക് കിട്ടിയത്..ഓക്കേ ആണ്,Mixed Feelings
Battery Side മോശം.... ബാക്കി എല്ലാം അടി പൊളി...,Mixed Feelings
ഈ കഴിഞ്ഞ sail നടന്ന സമയത്ത് ഞാൻ S21fe വാങ്ങിയതാണ് 30000 രൂപ.ഈ ഫോണിലെ മികച്ച കാര്യങ്ങൾ ഞാൻ പറയാം.1. ഡൈനാമിക് amoled display അടിപൊളിയാണ്.2. സ്റ്റീരിയോ സ്പീക്കർ ഒരു രക്ഷയുമില്ല.3. In-hand feel ഒരു രക്ഷയുമില്ല.4.15w wirless charging.5. ക്യാമറ കൊള്ളാം.ഈ ഫോണിൽ ഏറ്റവും മോശമായ കാര്യം എനിക്ക് തോന്നിയത് exinos chip set ആണ് എന്നതാണ് snapdragon ആയിരുന്നു എങ്കിൽ ഒന്നും പറയാനില്ല 😊,Mixed Feelings
ചേട്ടാ...ഞാൻ S21fe ഉപയോഗിച്ച് കൊണ്ടിരിക്കുന്നു...ഇഷ്ടപ്പെട്ടു❤...പക്ഷേ...നല്ല ഹീറ്റ് ആണ്. പലപ്പോഴും കയ്യിൽ പിടിക്കാൻ പോലും കഴിയുന്നില്ല.😢,Mixed Feelings
എനിക്ക് തോന്നുന്നു താങ്കൾ ഇതേ ഫോൺ മൂന്നാമത്തെ തവണയാണ് റിവ്യൂ ചെയ്യുന്നത്. 8 മാസങൾക്ക് മുമ്പ് താങ്കളുടെ കൂടി റിവ്യു കണ്ടിട്ടാണ് ഞാൻ ഈ ഫോൺ വാങ്ങിയത്. അന്നെനിക്ക് 28 k യ്ക്ക് ആണ് എല്ലാ ഓഫറും കഴിഞ്ഞ് കിട്ടിയത്. ഈ ഒരു വിലയ്ക്ക് ഇത് worth ആണെന്ന് അക്ഷരാർത്ഥത്തിൽ പറയാം. .വീഡിയോയിൽ താങ്കൾ പറയാത്ത 2 പ്രധാന ഫീച്ചർ കൂടിയുണ്ട്..1. റിവേഴ്സ് ചാർജിംഗ് സപ്പോർട്ടോട് കൂടിയ വയർലസ് ചാർജിംഗ് ഇതിൽ കിട്ടുന്നുണ്ട്..2. യാതൊരു അനൗൺസും ഇല്ലാത്ത ഒരു ബേസിക് ഫീച്ചറായ കാൾ റിക്കോർഡിംഗ് ഇതിൽ ഉണ്ട്. ഇന്ന് പല ബ്രാന്റുകളിലും ഇല്ലാത്ത ഒരു സംഭവം തന്നെയാണിത്..പിന്നെ ആവശ്യമില്ലാത്തപ്പോൾ 5g ഓഫ് ചെയ്തിട്ടാൽ 7 to 8 മണിക്കുകർ വരെ സ്ക്രീൻ ഓൺ ടൈം എനിക്ക് കിട്ടുന്നുണ്ട്.. എന്നിരുന്നാലും 40 Kയ്ക്ക് ഇപ്പോൾ ഇത് വാങ്ങുന്നതിലും നല്ലത് 47k യ്ക്ക് S22 വാങ്ങുന്നതായിരിക്കും കുറച്ചു കൂടി നല്ലതെന്നാണ് എന്റെ അഭിപ്രായം.,Mixed Feelings
40000 അല്ല ഇപ്പൊ 32999 ഫ്ലിപ്കാർട്ടിൽ available ആണ് ബാറ്ററി കൂടി 5000 MAH ആയിരുന്നെങ്കിൽ ഈ പ്രൈസിൽ കിംഗ് ആയേനെ 💯🔥,Mixed Feelings
മൊത്തത്തിൽ നല്ല ഒരു ഫോൺ ആണ്..drawbacks main ആയിട്ട് സിംഗിൾ സിം ആണ് എന്നത് തന്നെ.ESim support ഉണ്ട് എന്നാലും.പിന്നെ സാംസങ് dex എന്തുകൊണ്ടോ ഇല്ല.,Mixed Feelings
Battery capacity illa pubgyo mattu high usage സൊ ഒന്നും പറ്റില്ല പെട്ടെന്ന് ചാർജ് തീരും ർന്നിട്ടും ഫ്ലിപ്പിനാണ് പ്രാധാന്യം നൽകിയിരിക്കുന്നു എന്തിനു സിബിനു പ്രാധാന്യം നൽകാതെ പ്പാന്റ് ഇട്ടിട്ടു വല്ല കാര്യമുണ്ടോ.ഞാൻ ഉപയോഗിക്കുന്നത് Redmi note 7 ആണ് അന്നും ഇന്നും പൊളിയാണ് 👌r,Mixed Feelings
എല്ലാം ഇഷ്ടപ്പെട്ടു ജയേട്ട price പറഞ്ഞപ്പോൾ എല്ലാം കൈന്നു പോയി,Mixed Feelings
സംഗതി കൊള്ളാം but വില കേൾക്കുമ്പോൾ 🤕,Mixed Feelings
ഫോൺ കൊള്ളാം പക്ഷേ.ബാറ്ററി കാര്യത്തിൽ മോശം.ജയരാജ് സർ പൊളിച്ചു,Mixed Feelings
ariyaada mone.... Avrude one ui maathram kaanan kollaam... Exynos 9825 processor ulla F62 ivide irippund venamengil thepp petti aakam....🤦‍♂️,Mixed Feelings
Batery backup mathrame പോരായ ഒള്ളു ... ബാക്കി എല്ലാം കിടുവാണെടോ .....😡😡😡.പിന്നെ നീയൊക്കെ dharidhram parchikal alle....ഈ ഫോണും വാങ്ങുന്നവരും ഉണ്ട് കോപ്പേ....😡😡,Mixed Feelings
Battery കുറഞ്ഞുപോയി 😔.ബാക്കി എല്ലാം പൊളി 🔥,Mixed Feelings
എല്ലാം ഇഷ്ടപ്പെട്ടു... വില കേട്ടപ്പോൾ വാങ്ങാനുള്ള മോഹം രണ്ടായി മടക്കി പോക്കറ്റിൽ ഇട്ടു... അടുത്ത കാലത്തൊന്നും കൂട്ടിയാൽ കൂടൂല.....പിന്നെ പ്രതീക്ഷ ഓണം ബംമ്പറിൽ ആണ്... 😄.ഒത്താൽ!,Mixed Feelings
ബാറ്ററി ഒരു 5000 Mah വച്ച് charging ഒരു 44 W ആക്കിയിരുന്നെങ്കിൽ Bulky എന്ന ആ ചീത്തപ്പേര് വരില്ലായിരുന്നു.,Mixed Feelings
Eee phone aaa ninjan use cbayyunne Gaming പോര performance kuzhappem illa,Mixed Feelings
"ക്യാമറ പൊളിയാണ്, വേറൊരു പ്രോബ്ലം ക്യാമറ ഓണാക്കിയാല്‍ നന്നായി ഹീറ്റ് ആകുന്നുണ്ട്,, അതുപോലെ നന്നായി ചാര്‍ജും വലിയുന്നുണ്ട്.,,8k വീഡിയോ ഷൂട്ട് ചെയ്യാം,, ഒണ്‍പ്ലസില്‍ 4k മാക്സിമം ,,,",Mixed Feelings
ഫോൺ പൊളി😍.പക്ഷെ റേറ്റ് 😳,Mixed Feelings
"S9 plus ഉപയോയിക്കുന്നു,ബാറ്ററി ഒഴികെ ബാക്കി എല്ലാം അടിപൊളി👍",Mixed Feelings
Phone Sound speaker out put അത്ര പോര.AKG head set 4000 രൂപ മുതൽ കിട്ടും. എന്നാലും phone അടിപൊളി,Mixed Feelings
"എനിക്കൊരു നോക്കിയ ഫോൺ ഉണ്ടായിരുന്നു.താഴെ വീണതിന്റെ എണ്ണംഓർമ്മയില്ല .... പെറുക്കിയെടുത്ത ഒപ്പിച്ച വർക്കിംഗ് കണ്ടീഷൻ......ഇപ്പോൾ ഒരു നോക്കിയ വാങ്ങി.താഴെ വീണു.ഇനി പൊട്ടാത്ത ആയിട്ടൊന്നും ഇല്ല എന്ന് ,,",Mixed Feelings
നോക്കിയ 7.2 ഞാൻ അൽഖോബാറിലെ Lu Lu Hyper market ൽ നിന്നും വാങ്ങി .സൗദി റിയാൽ 1049.00 വിലയും കൊടുത്തു. പക്ഷേ റൂമിൽ എത്തി Pack open ചെയ്തപ്പോൾ screen പൊട്ടി ഇരിക്കുന്നതായി കണ്ടു. തിരികെ അടുത്ത ദിവസം രാവിലെ തന്നെ ലുലുവിൽ ചെന്ന് വിവരം പറഞ്ഞിരുന്നു.അവർ വാങ്ങി service ന് കൊടുത്തു. ഒരു മാസത്തിന് ശേഷം ഫോൺ എത്തി. പക്ഷേ സർവീസ് ചെയ്തില്ല. ആയതിനാൽ നോക്കിയയുടെ സർവീസ് വളരെ മോശമാണ്. ഫോൺ കൊള്ളാം.,Mixed Feelings
"ഞാൻ 6.1 plus ആണ് use ചെയ്യുന്നത് 1 year ആയി.. വല്യ കുഴപ്പമൊന്നും ഇതുവരെ വന്നില്ല, ചാർജർ കംപ്ലൈന്റ് വന്നത് മാത്രം പ്രശ്നം .ഇതുവരെ ഹാങ്ങായിട്ടില്ല",Mixed Feelings
ഞാൻ പല തവണ ഈ ഫോൺ വാങ്ങണം എന്ന് കരുതിട്ടുണ്ട് പക്ഷേ കാണാൻ ഒരു ലുക്കില്ലാത്തതിനാൽ ഞാൻ സാംസങ്ങണ് വാങ്ങിയത് !.അപ്പിൾ വലിയ സംഭവമ ! പഷേ പറഞ്ഞിട്ട് ഒരു കാര്യവുമില്ല !.മേലനങ്ങാതെ നടക്കുന്ന വർക്ക് പറ്റിയ ഫോണാ ആപ്പിൾ,Mixed Feelings
ആപ്പിൾ ഫോൺ ക്യാമറാ ക്ലാരിറ്റി കിടുവ പക്ഷേ ഡിസ്പ്ലേ യുടെ സൈസ് കുറച്ചു കൂടി എഡ്ജ് വരാമായിരുന്നു !.മോഡൽ കുറച്ചു കൂടി വലുതാക്കാമായിരുന്നു !.വലുപ്പം കുറച്ചു കൂടി വരാമായിരുന്നു !.ഇത്രയും കൂടി അപ്പിൾ കൊണ്ടുവരുകയാ എങ്കിൽ ഏത് അണ്ടനും അടകോടനും ഈ ഫോൺ വാങ്ങും !.ഈ ഫോൺ വാങ്ങാൻ വാങ്ങണം എന്നാഗ്രഹിക്കുന്ന ആർക്കും ഈ ഫോൺ വാങ്ങാൻ സാഥിക്കും !,Mixed Feelings
5.8 Display size അത്ര ചെറിയ display അല്ല . ഫോണിന്റെ body ratio വളരെ കുറവാണു . Full display ആയതിനാലും bezel കുറവായതിനാലും വലിപ്പം കാണാത്തതാണ് . Iphone 7 plus or 8 plus 5.5 ആണ് പക്ഷെ bezel കൂടുതൽ ആയതിനാൽ കയ്യിൽ പിടിക്കാൻ പാടാണ്,Mixed Feelings
എനിക്ക് notch ഇഷ്ടമാണ് മാത്രമല്ല വലിയ ഡിസ്പ്ലേ വളരെ അരോചകം ആണ്,Mixed Feelings
ക്യാമറ ഡിസൈൻ വളരെ മോശം.. .എന്നാലും ഐഫോൺ 👌👌👌,Mixed Feelings
എല്ലാം ഓക്കേ bt 3.5jack വേണം ആയിരുന്നു,Mixed Feelings
എല്ലാം അടിപൊളി ആയിട്ടുണ്ട്...but price...,Mixed Feelings
ശോകം ആണ്. ഒന്നോഴിച്ച് 15 മിനിട്ടിനുളളിൽ ഫുൾ ചാർജ് ആകും,Mixed Feelings
Spec ഒക്കെ കൊള്ളാം പക്ഷെ ഭയങ്കര ഓവർ പ്രൈസ് ആയി പോയി.,Mixed Feelings
Good phone പക്ഷെ പ്രൈസ് അല്പം കൂടുതൽ ആണ് കാരണം charger ഒഴിച്ച് നിർത്തിയാൽ ഫോണിന് പ്രൈസ്ന്റെ അത്ര features ഇല്ല.പ്രോസസ്സർ snapdragon ആകാമായിരുന്നു പിന്നെ സ്റ്റോറേജ് ufs 3.1 ആകാം അങ്ങനെ ചില പ്രശ്നങ്ങൾ മാറ്റിയാൽ perfect for this price,Mixed Feelings
ബാറ്ററി 5000 mah അരുന്നെങ്കിൽ നന്നായിരുന്നു,Mixed Feelings
Sony മൊബൈൽ ഫോണിൽ നേരത്തെ ഉള്ള ഫീച്ചർ ആണല്ലോ eye focus. eye detection. ഒക്കെ.പിൻ വശം സൂപ്പർ. പക്ഷേ ഡിസ്പ്ലേ ഊള നോച്ച് കൊടുത്തു നശിപ്പിച്ച്. പഞ്ച് ഹോൾ ആയിരുന്നേൽ കിടു ആയിരുന്നു,Mixed Feelings
5 g സപ്പോർട്ട് ആയിരുന്നെങ്കിൽ സൂപ്പർ ആയേനെ...,Mixed Feelings
Design ഗംഭീരം.... .പക്ഷെ Perfomance കൊണ്ടോ എന്തോ ജന ഹൃദയങ്ങൾ കീഴടക്കാൻ കഴിഞ്ഞില്ല....,Mixed Feelings
Camera punch hole ആയാൽ നന്നായിരുന്നു. NFC യും വേണ്ടിയിരുന്നു.,Mixed Feelings
ചേട്ടാ പുതിയ budget 5g phone കളിൽ എന്തുകൊണ്ടാണ് 64 mp cam കൊടുകത്തത്. അത് പോലെ display LED ആകാമായിരുന്നു.,Mixed Feelings
Speakear അടിയിൽ കൊടുക്കാമായിരുന്നു,Mixed Feelings
Type c ആകാമായിരുന്നു,Mixed Feelings
<b>ഒരുകാലത്ത് Realme ടെ phone കൾ value for money ആയിരുന്നു. എന്നാൽ ഇപ്പോ overpriced ആണ്.</b>,Mixed Feelings
Realme പൊളിച്ചു 🔥.ലെ വില കേട്ട ഞാൻ: അപ്പൊ ശേരിയെന്നാ 😁✌️,Mixed Feelings
pubg പോലുള്ള ഗെയിം kalikkunnavarkku പറ്റിയ മൊബൈൽ അല്ല... athallathe normal യൂസ് ചെയ്യുന്നവർക്ക് പറ്റിയ മൊബൈൽ ആണ്... ഞാൻ 6999 ന് മേടിച്ചതാ,Mixed Feelings
My favourite phone huwaei. പക്ഷെ എന്തു ചെയ്യാം diplay പോയി 😔. Google issue ഇല്ലായിരുന്നെങ്കിൽ വീണ്ടും huwaei latest phone തന്നെ വാങ്ങിയേനെ.,Mixed Feelings
ചേട്ടാ ഫോൺ അടിപൊളിയാണ് പക്ഷെ ഇതിനകത്ത് super amoled display aayirunnenkil കലക്കിയേനെ അതുപോലെ 15 walt charging support കുറഞ്ഞു പോയി. Pinne വിലയും അൽപ്പം കൂടുതലാണെന്ന് തോന്നുന്നു,Mixed Feelings
"Redmi 8 aanu use ചെയുന്നത്.. പക്ഷെ front cam clarity kurch low ആണ്.. നല്ല processor ഒള്ള.. only use for whtsapp, fb, etc.. cam clarity ulla oru nalla phn suggest chyamo",Mixed Feelings
ഇതേ അവസ്ഥ ആണ് k50i ഫോണിലും എല്ലാം ഓക്കേ ആക്കി LCD സ്ക്രീൻ കൊടുത്തു 😂,Mixed Feelings
Hdr കൊടുക്കാഞ്ഞത് നന്നായി അതും കൂടി ഉണ്ടായിരുന്നെങ്കിൽ ഫോൺ സാംസങ്ങിനെ കടത്തി വെട്ടിയേനെ...256 gb internel storage.. Memmory card support 3.5 mm jack എല്ലാം ഉണ്ടായിട്ടും മനഃപൂർവം വരുത്തിയ ഒരു കുറവായിട്ടു തോന്നുന്നു 🤣🤣🤣🤣🤣,Mixed Feelings
ഈ phone ഇപ്പൊ എക്സ്ചേഞ്ച് ഇൽ വാങ്ങിക്കുകയാണെങ്കിൽ നല്ല ഓഫർ ഉണ്ട്. ബാങ്ക് ഓഫ് baroda ക്രെഡിറ്റ്‌ കാർഡ് ഇൽ 1500 ഉം ഓഫർ ഉണ്ട്. ഏകദേശം റെഡ്മി prime 5g യുടെ വിലക്ക് കിട്ടുന്നു. Prime 5g യെക്കാൾ ഒരു 1000 രൂപ യെ അധികം വരുന്നുള്ളു. പക്ഷെ ജയരാജ്‌ ഏട്ടൻ 5g bands നെ കുറിച്ച് പറഞ്ഞ വീഡിയോ കേട്ടത് പ്രകാരം നോക്കുമ്പോൾ mid റേഞ്ച് 5g bands എല്ലാം ഉള്ളത് prime 5g യിൽ ആണ്. ഇതിൽ ഇല്ല. പക്ഷെ 5g ഒഴിച് ബാക്കി spec നോക്കുമ്പോൾ ഈ phone വളരെ അടിപൊളി ആണ്. ഇപ്പൊ ഈ രണ്ടു ഫോണിൽ ഏതു വാങ്ങണം എന്നുള്ള സംശയത്തിൽ ആണ്. ജയരാജ്‌ ഏട്ടൻ ഒരു മറുപടി ഉടൻ തരണം,Mixed Feelings
ഞാൻ ഉപയോഗിക്കുന്നത് റെഡ്മി നോട്ട് 10 പ്രൊ ആണ് തുടക്കത്തിൽ ബക്സും അത് പോലെ വാട്സ്ആപ്പ് ഔഡിയോ കേൾക്കുമ്പോൾ സ്ക്രീൻ ഓഫ് ആയി പോകുന്ന പ്രശ്നങ്ങൾ ഉണ്ടായിരുന്നു ശേഷം ഉള്ള അപ്ഡേറ്റിൽ വാട്സ്ആപ്പ് ഔഡിയോ കേൾക്കുമ്പോൾ ഉണ്ടാകുന്ന പ്രശ്നം പൂർണമായി മാറി ഇപ്പോൾ ചെറിയ രീതിയിൽ ബക്സ് ഉണ്ട്‌ ബാക്കി എല്ലാം കാര്യങ്ങളിലും ഈ ഫോൺ വേറെ ലെവലാ നല്ല അടിപൊളി ഡിസ്പ്ലേ വളരെ മികച്ച സൗണ്ട് കോളിറ്റി Sterio speaker ലൈറ്റ് വെയിറ്റ് ഫോൺ.അത്യാവശ്യം നല്ല ബാറ്ററി എല്ലാം കൊണ്ടും എനിക്ക് ഇഷ്ടപെടു,Mixed Feelings
ഞാൻ ഒരാഴ്ച ആയി ഉപയോഗിക്കുന്നു അടിപൊളി ആണ്. Processer അത്ര പോര,Mixed Feelings
Miui പണി പാളി നിക്കുന്ന സമയത്തും Redmi Phonine ഇപ്പോയും ഇഷ്ടപെടാനുള്ള കാരണം കൂടുതൽ Custom Rom Develeppers ഇപ്പോയും Xiaomi ക്ക് സ്വന്തം ......😎,Mixed Feelings
"സോഫ്ട് വെയർ എക്സ്പീരിയൻസ് ഫുൾ അബദ്ധമാണ് ബ്രോ.. റെഡ്മി നോട്ട് 7, 8 ,9, 10 എന്നീ ഫോണുകൾ ഉപയോഗിച്ചിട്ടുണ്ട് ബ്രോ..എല്ലാത്തിലും MIUI ആണ് പരാജയം..ഫീച്ചേഴ്‌സ് അടിപൊളി ആണ്..",Mixed Feelings
perfect okay... ഇടക്ക് slow അനുഭവപ്പെട്ടത് ഒരു പ്രശ്നം മാത്രം ബാറ്ററി ചാര്‍ജ് സൂപ്പർ,Mixed Feelings
എല്ലാം ഇഷ്ടായി. പക്ഷെ proccesor പോര 👎,Mixed Feelings
perfect okay... ഇടക്ക് slow അനുഭവപ്പെട്ടത് ഒരു പ്രശ്നം മാത്രം ബാറ്ററി ചാര്‍ജ് സൂപ്പർ,Mixed Feelings
"ഏട്ടാ എല്ലാവരും പറയുന്നു ഒന്നൊന്നര varshamokke കഴിയുമ്പോൾ സാംസങ് ഹാങ് ആവുമെന്ന് . ചോടിച്ചവരിക്കെ ഇങ്ങനെ ഒരു അഭിപ്രായമാണ് പറയുന്നത്. Gaming ഇല്ല, എന്നാലും കുറച്ച് നാൾ കഴിയുമ്പോൾ ഹാങ് ആവുമോ, അതോ ഇതേ ratil ഉള്ള നേരത്തെ പറഞ്ഞതിൽ ഉള്ള ഏതാവും നല്ലത്, ഒരു നല്ല ഓപ്ഷൻ പറഞ്ഞ് തരുമോ പ്ലീസ്. സാംസങ് m31s athe rangil വരുന്ന വേറെ ഏതാണ് ബെറ്റർ pls reply",Mixed Feelings
എല്ലാം ഇഷ്ടായി. പക്ഷെ proccesor പോര 👎,Mixed Feelings
"തേങ്ങ പത്ത്‌ അരച്ചാലും താളല്ലേ കറി :-Exynos 😂😂😂..എന്തൊക്കെ spec ഉണ്ടായാലും ഈ പ്രോസസ്സർ മാറ്റാതെ സാംസങ് ഇന്ത്യയിൽ ഇനി വളരില്ല....കസ്റ്റമേഴ്സിന് വിവരം വെച്ച് തുടങ്ങിയിട്ടുണ്ട് അത് കൊണ്ട് തന്നാണ് രണ്ടു വർഷമായി MI, realme, vivo എന്നീ കമ്പനികൾ ടോപ്പിൽ നില്കുന്നത്... സാംസങ് വാല്യൂ dull ആയി തുടങ്ങി.... എന്നാൽ സ്‌നാപ്ഡ്രാഗൺ ആയി വരുവണേൽ സാംസങ് കത്തി കേറും 🔥🔥🔥",Mixed Feelings
പെട്ടെന്ന് charge തീരുന്നുണ്ട് master edition. but ബാക്കി എല്ലാം pwoli ആണ്,Mixed Feelings
Nalla performance ആണ്..ബാറ്ററി 1 day കിട്ടുന്നൊള്ളു,Mixed Feelings
ചേട്ടാ വില കൂടുതൽ ആണ് 🤕but super phone nice ❤👍,Mixed Feelings
"iqoo 3 silver എടുത്തിട്ട് 8 മാസം കഴിഞ്ഞു... ഇതുവരെ യാതൊരു വിധ പ്രശ്നങ്ങളും ഉണ്ടായിട്ട് ഇല്ലാ.. പക്ഷേ ഈ കഴിഞ്ഞ രണ്ടഴ്ച ആയി ഫോണിലേക്ക് വിളിക്കുന്നവർക്ക് ഞാന് പറയുന്നത് കേൾക്കാൻ പറ്റുന്നില്ല.... ഫോൺ സ്വിച്ച് ഓഫ്‌ ചെയ്ത് on ആക്കുമ്പോൾ ok ആക്കും... ഇടയ്ക്, ഇടയ്ക് ഉണ്ടാവുന്നു ഇങ്ങനെ??? Iqoo 3 ഉപയോഗിക്കുന്ന നിങ്ങൾക്ക് അങ്ങനെ പ്രശ്നം ഉണ്ടായിട്ട് ഉണ്ടോ.... ഇതിപ്പോൾ എന്ത് ചെയ്താൽ ഇതിന് ഒരു സൊല്യൂഷൻ ഉണ്ടാവും",Mixed Feelings
ബാക്കി രണ്ടെണ്ണത്തിലും 5G ആയിരുന്നെങ്കിൽ കുറച്ചു കൂടി നന്നായേനെ....,Mixed Feelings
"ഭായ് .എന്റേത് OPPO RENO 2 F ആണ്, നല്ല മൊബൈൽ ആണ്, ബാറ്ററി ബാക്കപ്പ് നല്ലതാണ് ..മേടിച്ചിട്ടു 2 മാസമായി, പക്ഷെ, ഇടയ്ക്കു 4-5 പ്രവിശ്യമായി ഫേസ്ബുക് / ബ്രൗസ്വർ / സ്ക്രീൻ അണ്ലോക്) ഓപ്പൺ ചെയ്യാൻ ശ്രെമിക്കുമ്പോൾ പാസ്സ്‌വേർഡ് ഇൻകറക്ട് എന്ന് കാണിക്കുന്നു (ഫിംഗർ സെക്യൂരിറ്റിയും / പാസ്സ്‌വേർഡും)...റീസ്റ്റാർട് ചെയ്തുകഴിഞ്ഞു നോക്കിയാൽ പഴയപോലെ ഒരുകുഴപ്പവുമില്ലാതെ വർക്ക് ആവുന്നു..എന്തുകൊണ്ടാണ് എന്ന് അറിയുമോ",Mixed Feelings
4444mah ആക്കാമായിരുന്നു... 😄,Mixed Feelings
F1 ... 5g കുറവ് മാത്ര ണ്ടായിരുന്നു,Mixed Feelings
HD+DISPLAY + notch ഒഴിച്ചാൽ...ബാക്കി 💯💯✔️,Mixed Feelings
15k ആയിരുന്നെങ്കിൽ കിടു ആയിരുന്നു 😊,Mixed Feelings
Fhd കൂടെ ഉണ്ടായിരുന്നെങ്കിൽ എന്ന് ആഗ്രഹിക്കുന്നു😄 otherwise 🔥 പൊപ്പൊളി ഫോൺ 🔥,Mixed Feelings
ഒരുപാട് പ്രതീക്ഷിക്കണ്ട. Medium,Mixed Feelings
"ജയരാജേട്ടാ , ശരിക്കും ഇത് അല്പം വില കൂടുതൽ അല്ലേ? കാരണം 6 പ്രോയെക്കാൾ എല്ലാരും അപ്ഗ്രേഡ് നെ പറ്റി പറയുന്നു പക്ഷെ കുറെ downgradum ഉണ്ടല്ലോ .1. Processor side no upgrade.2. 6 pro has front n back gorilla glass support but ithil front support matram.3. Telephoto lens matty wide angle aaki .4. Kuranja MP ulla macro n depth sensor..Amoled/fastcharger/sony sensor ഇതെല്ലാം ok. പക്ഷെ pricing ok ആണോ???",Mixed Feelings
Stereo speaker ഗാന ആസ്വാദകയെന്ന നിലയിൽ ഏറെ ഇഷ്ടപ്പെട്ടു.charge speedകളർ തീരെ ഇഷ്ടമായില്ല. Blue ആണെങ്കിൽ നല്ലത്.വൈലറ്റ് lookan thonniyad..Camera ഇരിയ്ക്കുന്നത് lengthiyil thanneyan good.,Mixed Feelings
"bose QC-1 ഞാൻ use ചെയ്യുന്നുണ്ട്. ഇച്ചിരി bulky ആണ്. airpods നേക്കാൾ set ആണ് സംഭവം. Airpods ചെവിയിൽ smooth ആയി നിന്നോളും, ഇത് കുറച്ചു നേരം വെച്ചാൽ തന്നെ ഒരു irritation ആണ്. QC-2 use ചെയ്ത് നോക്കിയില്ല.",Mixed Feelings
Bose Sound Sport Free എന്റെ കൈയ്യിൽ ഉണ്ടായിരുന്നു അടിപൊളി മ്യൂസിക് experience ആയിരുന്നു അതിൽ ഒരു കുഴപ്പം ഉണ്ടായിരുന്നു റൂമിൽ അകത്തു നാന്നായി യൂസ് ചെയ്യാൻ പറ്റും വെളിയിൽ ഇറങ്ങി temperature ഇത്തിരി കൂടുമ്പോൾ പിന്നെ വർക്ക് ചെയ്യില്ല..ബോസ് ഷോ റൂമിൽ ചെന്നിട്ട് മാറ്റി തന്നിരുന്നു എഗൈൻ സെയിം ഇഷ്യൂ അത് തിരിച്ചു കൊടുത്തു ക്യാഷ് റിട്ടേൺ വാങ്ങി..ഇതു വാങ്ങിയ കൊള്ളാമെന്നുണ്ട് ബ്രോ ഫ്രീ ഉള്ള ടൈം ഇത്തിരി വെളിയിൽ ചൂട് ഉള്ള ടൈം യൂസ് ചെയിതു നോക്കിയിട്ടു പറയാവോ..,Mixed Feelings
പൊന്ന് മക്കളെ Bose ന്‍റെ Earbuds വാങ്ങരുത്. (Speakers ok) best sound quality യാണ് NOC യും Best.... ഒരു വര്‍ഷത്തിനുള്ളില്‍ സാധനം അടിച്ച് പോകും. ഒരു വര്‍ഷത്തിനുള്ളില്‍ complaint ആയാല്‍ പുതിയ replacement കിട്ടും. ഒരു വര്‍ഷം കഴിഞ്ഞാല്‍ പിന്നെ വല്ല പട്ടിക്കൊ പൂച്ചക്കോ എറിയാനെ പറ്റത്തൊള്ളു. NO REPAIRING OPTION AT ALL. Customers ന്‍റെയടുത്ത് നിന്ന് ഇത്രേയും തെറി കേട്ട വേറെയൊരു product ഇല്ല. (Bose service center ല്‍ ആണ് work ചെയ്യുന്നത്),Mixed Feelings
"എന്റെ കയ്യിലുണ്ട്.. സൂപ്പർ സൗണ്ട് ക്വാളിറ്റി ആണ്, അതുപോലെ കാളിങ് 👍.. ബാറ്ററി കുറവാണ് എന്നാലും അഡ്ജസ്റ്റബിൾ ആണ്. Anker Soundcore is another best option for middle range TWS",Mixed Feelings
camera ഒയിച്ച് baaki എല്ലാം സൂപ്പർ ആണ്,Mixed Feelings
6 GB 128 GB 19999 കിട്ടിയിരുന്നെങ്കിൽ നന്നായിരുന്നു,Mixed Feelings
വിചാരിച്ച price ഇനെക്കാൾ കൂടി പോയി. But ഇത്രയും features ഉള്ളതുകൊണ്ട് തന്നെ ഈ price ഇന് ok ആണ്.,Mixed Feelings
ബാക് സൈഡ് കാണാൻ പൊള്ളിച്ചു ❣️ mi അടിയിൽ ന്തൊക്കെയോ എഴുതിട്ടുണ്ടാലോ അത് ഇല്ലെഗിൽ ഒന്നുടെ ഗും ആയേനെ 😌,Mixed Feelings
Aa 5000mah ആക്കരുന്ന്😉❤️👍.5G👍,Mixed Feelings
Mi Phone ഒക്കെ ബെസ്റ്റ് price അണ് but MiUi ന്തോപോലെയാണ് . അത് കൊണ്ട് ഞാൻ Use ചെയ്യുനത് custom Rom അണ് . അതിൽ evolution x . Ippom ithinte കട്ട ഫൻ അണ് .,Mixed Feelings
AMOLED display കൂടെ ഉണ്ടായിരുന്നു എങ്കിൽ ഒരു all rounder phone ആയിരുന്നു... I m using mi 10 5g with SD865 and AMOLED display,Mixed Feelings
ഇവളെയാ ഇത്രനാൾ കാത്തിരുന്നത് 💞😁but 4000 MAH 3g ആണ് 😤,Mixed Feelings
കാമറ കൂടി water drop വേണ്ടായിരുന്നു...,Mixed Feelings
ഈ notch ഇഷ്‌ടമില്ല ബാക്കി ഒക്കെ pooli,Mixed Feelings
ഞാനൊരു hard user ആണ് എനിക്ക് one day battery backup കിട്ടുന്നുണ്ട്🔥 പിന്നെ ക്യാമറ കുഴപ്പമില്ല പക്ഷേ ക്യാമറ മാത്രം പ്രതീക്ഷിച്ച് എടുക്കരുത്. പിന്നെ പുറത്ത് നിന്ന് ഉപയോഗിക്കുമ്പോൾ(sunlinght) brightness കുറച്ച് കുറവുള്ള പോലെ feel ചെയ്യുന്നുണ്ട്. പിന്നെ performance കിടു🔥,Mixed Feelings
കൊഴപ്പമില്ല.. വലിയ യമണ്ടൻ screen ആ..വലിയ gaming performance പ്രേതിക്ഷിക്കരുത്... Normal use only. Big battery 5000mah ! പൊളി സാനം !!,Mixed Feelings
Camera ഒഴികെ എല്ലാം നല്ലതാണ്.,Mixed Feelings
"ഇതുവരെ മറ്റു പ്രശ്നം ഒന്നും തന്നെ ഇല്ല. ചൂട് കൂടുതൽ. ബട്ട്‌ വളരെ അധികം എന്ന് പറയാൻ മാത്രം ഒന്നും ഇല്ല..ക്യാമറ കുഴപ്പം ഇല്ല, നല്ല സൗണ്ട് 👌, വീഡിയോ, ഫിലിം ഒക്കെ കാണാൻ കിടു അന്ന്, ആ ടൈം ചൂട് ഇല്ല 👌👌👌, സ്ക്രീൻ ഒരു രക്ഷ ഇല്ല 👌👌👌.പ്രശ്നം ഹീറ്റ് മാത്രം",Mixed Feelings
"ഒരുമാസം ആയിട്ട് m21യൂസ് cheyunnu... ബാറ്ററി ഒകെ കണക്കാ, സ്ക്രീൻ ഓൺ ടൈം 8-11hr ആണ്... കിട്ടണത്, ബാറ്ററി ഇമ്പ്രൂവ് ചെയ്യാൻ any sugestions",Mixed Feelings
"camera അത്ര പോര, Battery and Display powli ആണ്",Mixed Feelings
NJN INFINIX ZERO 30 IPPOL എടുത്തു super phone പക്ഷേ. ഫുൾ വോളിയത്തിൽ സൗണ്ട് വെക്കുമ്പോൾ ബാക്ക് ക്യാമറയും ബോഡിയും നല്ലതുപോലെ വൈബ്രേറ്റ് ചെയ്യുന്നു. എല്ലാ ഫോണിലും ഉള്ളതാണോ.. ഫോൺ വെറുതെ ഓഫ് ചെയ്തു വെച്ചാലും ചെറുതായിട്ട് ചാർജ് കുറയും.. ഈ ഫോൺ ഉള്ള ആരെങ്കിലും plz plz plz plz replay,Mixed Feelings
"6GB RAM, Storage,battary ഇത്രെയും നല്ല സ്പെഷ്ഫിക്കേഷൻ കൊടുക്കും ,But കൂടുതൽ infinix ഫോണുകളിലും use ചെയ്യുന്ന processor mediatek nte p35 polulla low processor&#39;s ആണ്. അതുകൊണ്ടാണ് infinix ഇത്രെയും റേറ്റ് കുറച്ച് വിൽക്കുന്നത്",Mixed Feelings
Realme x7 max latest update UI 4.0 ചെയ്തു .. ഇപ്പൊൾ music player hang ആണ്. മുൻപും ഉണ്ടായിരുന്നു.😢 വേറെ കുഴപ്പം ഇല്ലാ,Mixed Feelings
Service centre ഇല്ല. സബ് മാത്രമേ ഉള്ളൂ. infinix mobile നല്ലതാണ്.,Mixed Feelings
"infinix ൻ്റെ ഏറ്റവും വലിയ advantage ആണ് value for money, complaints കുറവാണ്. പക്ഷേ update ലഭിക്കുന്നില്ല",Mixed Feelings
Njan a53 use ചെയ്യുന്നുണ്ട് ഡിസ്പ്ലേ പറയുന്ന അത്ര ഒന്നും ഇല്ല .തരക്കേടില്ല എന്ന് പറയാം,Mixed Feelings
"ബാറ്ററി ഡിസ്പ്ലേ പഞ്ച് ഹോൾ typec stereospeaker എല്ലാം കൊള്ളാം? പക്ഷെ ബാറ്ററി 1 വർഷം കഴിയുമ്പോൾ?40000k,🤔🤔🤐🤐🤐🤐",Mixed Feelings
(Realme narzo 20 pro)ഈ ഫോൺ ഞാൻ കയിഞ്ഞ കൊർച്ച് മാസങ്ങളായി ഉപയോഗിക്കുന്നു .നല്ലതായി തോന്നിയത്.1) charging time .2)heat തീരെ കുറവാണ്.3)നല്ല sound quality .4) good camera.......etc.പൊരായിമകൾ.1) back plastic aan ath kond koyappalla but nalla crack sound കേൾക്കുന്നുണ്ട്.2)ചില സമയം youtube scroll ചെയ്യുമ്പോൾ താഴേക്ക് പോവില്ല മേലേക് തന്നെ പോകും.3)sound switch നെക്കുന്ന ചില സമയം screen മൊത്തത്തിൽ blur aayi എന്തൊക്കെയോ ആവും .4)ചില സമയം automatic aayi screen touch aavum.5) chila samayam call connect aavan korch athikam time idkkum .6) call cheyyumbo sound in cheriya vibration ind..ഇതെല്ലാമാണ് എൻ്റെ ഫോണിന് ഉള്ളത് എല്ലാവരുടെയും എനിക്കറിയില്ല,Mixed Feelings
അടീപോളി phone but A problem വേഗത്തിൽ charge തിരുന്നു അതോരൂ കുറവായി തോന്നി,Mixed Feelings
ഇത് 5G ആയിരുന്നെങ്കിൽ ഒന്നും കൂടെ കിടു ആയിരുന്നു.👍,Mixed Feelings
14999 ന് 64mp യുടെ camera ആക്കാമായിരുന്നു.,Mixed Feelings
Plastic back body 😅.അവസാനം 65 w charger വച്ചോണ്ട് ഇരിക്കേണ്ടി വരും 😉,Mixed Feelings
Redmi ഞാൻ ഇതുവരെ യൂസ് ചെയ്തിട്ടില്ല. Not8pro വാങ്ങണം എന്നുണ്ട് പക്ഷെ എന്റെ ഫ്രണ്ട്‌സ് ഒക്കെ പറയുന്നു അതിൽ ഒരുപാട് ആഡ് കാണിക്കും എന്ന് അത്കൊണ്ടാണ് ഒരു കൺഫ്യൂഷൻ,Mixed Feelings
ഡിസൈൻ ബിൽറ്റ് ക്വാളിറ്റി 👍.ഒതുങ്ങിയ സ്യ്സും കാണാനും 👍 .അതിനെത ഫിചരും പക്ഷെ ലുക്കിൽ ബാക്ക് ഫ്ലഗ്ഷിപ് ഫോണിന് സമം ഫ്രണ്ട് ഡിസ്പ്ലേ പ്പഞ്ച് ഹോൾ ക്യാമറ ആക്കാൻ സ്രമികമയിരുനു എന്നാൽ 👎ഒനുമിലതെരു ഫൊനകുമയിരുനു,Mixed Feelings
"Design =ok.Camera=ok.Battery=good.Display= Excelent.ഇതെല്ലാം 22000 രൂപക്ക് അത്ര നല്ലതല്ല.ഈ വിലക്ക് G80 processor മികച്ചതല്ല, പറ്റിക്കലാണ്..Misleading video.Spreading wrong information .👎👎👎👎👎👎",Mixed Feelings
Punch hole camera aakkaamayirunnu ബാക്കി എല്ലാം kidu,Mixed Feelings
കൊള്ളാം ഇഷ്ട്ടപെട്ടു....സ്പീക്കർ സൈഡ് പോരായ്മ തോന്നി...,Mixed Feelings
വാട്ടർ noch പകരം പഞ്ച് ഹോൾ ആണെന്ന് ആഗ്രഹിച്ചവർ 🤪,Mixed Feelings
ഫോൺ സൂപ്പർ 👌 പക്ഷെ എനിക്ക് ഇതിൽ ഒരു കുറവ് മാത്രേയുള്ളു തോന്നിയത് അത് 5000 mah vechitt 15 walt മാത്രമേയുള്ളൂ എന്നത് ഭയങ്കര ഒരു പോരായ്മയായി തോന്നുന്നു. അതുപോലെ 90 hedz . Refresh rate ullath വലിയ നല്ല കാര്യവുമാണ്,Mixed Feelings
software prblm ആയിരുന്നു. Ready ആക്കിത്തന്നു.. ഇപ്പോൾ ok യാണ്,Mixed Feelings
ജയരാജേട്ട phone super ആണ് ..നിങ്ങളുടെ review എനിക്ക് വളരെ ഇഷ്ടം ആണ് .Aa price l ബാറ്ററി MAH കുറവാണെന്ന് തോന്നുന്നു alle?,Mixed Feelings
ബാറ്ററി ഒരു 5000mAh വേണമായിരുന്നു,Mixed Feelings
എല്ലാം കൊള്ളാം പക്ഷെ 4g ആണെന്ന് മാത്രം,Mixed Feelings
"വിലക്കൊത്ത ഫോൺ അല്ല, മൈക്രോ ലെൻസ് ഇല്ലാത്തത് നഷ്ടമാണ്, പിന്നെ മൈൻ കാമറ 48, അത് പോരായ്മയായി തോനുന്നു,,,.ഇൗ വിലയിൽ ഇത് നഷ്ടമാണ്,,,.കാണാൻ സൂപ്പർ,,, നല്ല ഡിസൈൻ ആണ്,,,",Mixed Feelings
Camera m21 നോട്‌ ചേർക്കാം .But battery മോശം ആയി,Mixed Feelings
പ്രൈസിംഗ് വല്യ കുഴപ്പമില്ല പക്ഷേ ബാറ്ററി ബാക്കപ്പ് ഒരു 5000 MAH മിനിമം വേണമായിരുന്നു. പിന്നെ ക്യാമറ ക്വാളിറ്റി കൊള്ളാം. ഒരു ഡീറ്റൈൽ റിവ്യൂവിനായി കാത്തിരിക്കുന്നു 😊,Mixed Feelings
ആകെ പറയാൻ ഉള്ളത് കർവേഡ് ഡിസ്പ്ലേ ആൻഡ് 5000 mah ബാറ്ററി... ബാക്കി ഒക്കെ ശോകം... ഈ വട്ടം ക്യാമറയും നശിപ്പിച്ചു...ഇതിലും ഭേദം 9pro + ആണ്🔥 🔥 🔥,Mixed Feelings
അടിപൊളി എന്നൊന്നും പറയാൻ പറ്റൂല...display പൊളി👌🏻...ക്യാമറ module ചക്ക കുരു പോലുണ്ട് 😐,Mixed Feelings
"OnePlus Nord CE 5G വളരേ അബദ്ധം ..ക്യാമറ നല്ല ക്വാളിറ്റി ഉണ്ട്. റാം,device performance, ബാറ്ററി വളരെ അബദ്ധമാണ് .",Mixed Feelings
Glass body കൂടി തന്നിരുന്നെങ്കിൽ വില വേറെ ലെവൽ ആയേനേ 😂😂,Mixed Feelings
90 hz മാറി 120 hz ആയിരുന്നുവെങ്കിൽ ഒരു മികച്ച ഗെയിമിംഗ് എക്സ്പീരിയൻസ് ലഭിച്ചേനെ,Mixed Feelings
"Nothing 1 ഉപയോഗിക്കുന്നു, ഫോൺ കൊള്ളാം, പക്ഷെ hotspottil ഇന്റർനെറ്റ്‌ ഷെയർ ചെയ്യുന്ന കാര്യം പാടെ മറന്നേക്കുക ഗയ്സ്, flop ആണ്‌ 😮😢( വീട്ടിൽ ലാപ്ടോപ്, സ്മാർട്ട്‌ TV, TAB, ETC connect ചെയ്യുബോൾ മൂഞ്ചാൻ നല്ല സാധ്യത ഉണ്ട് )",Mixed Feelings
"വീഡിയോ എടുക്കുമ്പോ ബോർ ആണ്. Blur ആയാണ് കാണുന്നത്. .But,ഫോട്ടോ super ആണ്..",Mixed Feelings
ഇത്രേം വില കുറച്ചു കൊടുക്കുമ്പോൾ വല്ല കുറവും വേണ്ടേ അപ്പൊ അവർ type c use ചെയ്തില്ല 😂,Mixed Feelings
"ഈ ലാപ്ടോപ് value for money ആണ്. 16 gb വരെ upgrade ചെയ്യാൻ പറ്റുന്ന ram, SSD slot ഒക്കെ ഉണ്ട്. പക്ഷേ display quality യും കൂടുതൽ bezel ഉള്ള ഡിസ്പ്ലേ യും ഒരു പോരായ്മ ആണ്. Dell നേ പോലെ തന്നെ onsite service നൽകുന്ന ഒരു കമ്പനി ആണ് hp യും. Hp എൻ്റെ ഒരു experience ൽ കുറച്ച് കൂടി value for money നൽകുന്ന company ആണ്. ഒരു 25k ക്ക് ഇതേ spec ഉള്ള ഒരു hp laptop കിട്ടേണ്ടതാണ്. Lenovo, Asus, Acer തുടങ്ങിയവ കൂടി check ചെയ്യുന്നത് നല്ലതാണ്. Hp laptops ഞാൻ ഒരുപാട് തവണ use ചെയ്തിട്ടുണ്ട്.",Mixed Feelings
i3 എടുക്കുമ്പോൾ ഡെസ്ക്‌ടോപ്പിൽ ബെറ്റർ ആണ്. ലാപ്ടോപ്പ് സീൻ വേറെ ആണ്..ഡെസ്ക്ടോപ്പ് i3 =laptop i5,Mixed Feelings
നല്ല യൂസ് ആയിരുന്നു 2 lap use ചെയ്തു dell ന്റെ വേറൊരു issue ഉം ഇല്ല... ബാറ്ററി പണിതന്നു. അതിനു ശേഷം HP യിലേക്ക് മാറി,Mixed Feelings
ഇല്ല അളിയാ next week Asus Rog 3 യാ മേടിക്കാൻ പോവുന്നത് one plus charge പെട്ടന്ന് തീരും അത്രേ ഒള്ളു ബാക്കി നോക്കുവാണേൽ പൊളിയാ pashe Rog 3 ഒരു രക്ഷയും ഇല്ലാത്ത phone aa eduthit use ചെയിതിട്ടു പറയാം അളിയാ,Mixed Feelings
Mi 11lite പോലെ സ്ലിം ആയിരുന്നെങ്കിൽ ഒന്ന് കൂടി nannnayene,Mixed Feelings
5g ആയിരുന്നേൽ ഒന്നു കൂടെ നന്നായിരുന്നു ❤️,Mixed Feelings
👌 5g കൂടി വേണമായിരുന്നു,Mixed Feelings
<b>എല്ലാം പൊളി 👍But frnd ക്യാമറ 👎</b>,Mixed Feelings
red me note 7pro il enik wifi use cheyytha kond social media mathram use cheyithal 6manikkor 7manikkor aduthu charge kittum sim . പക്ഷെ സിം ഇട്ടു ഉപയോഗിച്ചാൽ ഒരു 5മണിക്കൂർ കൂടുതൽ കിട്ടില്ല സിം ഇട്ടാൽ ലേശം ഹീറ്റിങ്ങും ഉണ്ട്,Mixed Feelings
Front camera 8mp കുറഞ്ഞു പോയി.ബാക്കി ഒക്കെ ഒക്കെ ആണ് ഈ price ൽ 😊12500₹14500₹,Mixed Feelings
ബാക്കി എല്ലാം കൊള്ളാം. Front camera ശോകം ആണെന്ന് തോന്നുന്നു,Mixed Feelings
ഈ Notch☹️.display☹️.ചാർജർ വേണമരുന്നു..Processor കൊള്ളാം.,Mixed Feelings
IPS LCD എങ്കിലും ആകാമായിരുന്നു,Mixed Feelings
ചാർജർ ഒഴിവാക്കി ഓക്കേ...അന്നേരം സൂപ്പർ amoled കൊടുക്കാമായിരുന്നു 😏😏😏,Mixed Feelings
എല്ലാം പക്കാ... Snapdragon ഇല്ലാതതു കൊണ്ടു എടുക്കുനില,Mixed Feelings
LED കൂടെ അകമായിരുന്നു,Mixed Feelings
"എല്ലാം കൊണ്ടും സൂപ്പർ,, ആകെ pblm ഹെഡ്സെറ്റ് യൂസ് ചെയ്യാൻ പറ്റില്ല എന്നത് മാത്രം ആണ്",Mixed Feelings
അടിപൊളി ആണ്... ഞാൻ വാങ്ങിട്ടു 4day ആയി... Camera ക്ലാരിറ്റി പറയാൻ വാക്കില്ല.... ആകെ ഒരു pblm head സെറ്റ് യൂസ് ചെയ്യാൻ പറ്റില്ല...Bluetooth use ചെയ്യാവുന്നത് കൊണ്ട് അതും ഒരു പ്രേശ്നമില്ല,Mixed Feelings
ബാക്കി എല്ലാം ok ആണ് പക്ഷെ battery mah എന്തിനാ കുറ്കുന്നതു,Mixed Feelings
ഒരു 5000mah എങ്കിലും ബാറ്ററി കൊടുക്കാമായിരുന്നു...😔😔. എന്തായാലും phone powli... 🤘🏻. ജയരാജേട്ടൻ മുത്താണ്...😍🥰😘,Mixed Feelings
"നല്ല ക്യാമറ ആണ് . പക്ഷെ dynamic range, low light ഒന്നും അത്ര പോര reviews കണ്ടു നോക്കു",Mixed Feelings
Phone ഒരു മാസ്സ് ഐറ്റം ആണ്. But software പോര.,Mixed Feelings
"PPI കുറഞ്ഞു പോയോ,,400ന് മുകളിൽ ആയിരുന്നെങ്കിൽ കുറച്ചു കൂടി നന്നായേനെ എന്ന് തോന്നുന്നു.",Mixed Feelings
LG എത്രയും ഇന്നവേഷനായി ഇറക്കുമ്പോൾ ടച്ച് പെൻ ഉൾപെടുന്നാ മായിരുന്നു.,Mixed Feelings
"Mobile കൊള്ളാം,പക്ഷേ വില താങ്ങാൻ പറ്റില്ല",Mixed Feelings
Snapdragon 865 കൂടെ കൊടുത്തിരുന്നു എങ്കിൽ ഇത് ഒരു കിടിലൻ price ആയേനെ. ഇപ്പോൾ ഉള്ള പ്രൈസ് കുറച്ചു കൂടുതലാണ്,Mixed Feelings
Weight എന്നതിനെ മാറ്റി നിർത്തിയാൽ ഏറ്റവും മികച്ച ഒരു ഫോൺ തന്നെയാണ് poco x3 pro. പക്ഷെ ക്യാമെറയിൽ ഞാൻ അത്ര satisfied അല്ല,Mixed Feelings
processor മാത്രം better ബാക്കി എല്ലാ കാര്യത്തിലും poco x3 ആണ് ഭേദം 😑,Mixed Feelings
<b>amoled കൂടെ ഉണ്ടായിരുന്നെങ്കിൽ ഇവനെ പിടിച്ചാൽ കിട്ടില്ല</b>,Mixed Feelings
@SOORAJ S ഞാൻ യൂസ് ചെയ്യുന്നുണ്ട് ..കുഴപ്പമില്ല ..പക്ഷേ ഒരു കുഴപ്പം എന്താണെന്ന് വെച്ചാൽ Focus ശരിക്ക് ആകുന്നില്ല .നമ്മൾ ഒന്ന് ഒബ്ജക്റ്റ് ൽ ടച്ച് ചെയ്താലേ ഫോക്കസ് ആകൂ,Mixed Feelings
Waterdrop notch ന് പകരം Punch hole camera notch ആയിരുന്നെങ്കിൽ എടുക്കാമായിരുന്നു,Mixed Feelings
LCD display 🤔😪.Drop notch cam🙄🙄🤔🤔why??? ഇങ്ങനെ ഇത്ര നല്ല ഫോൺ ഇറക്കിയിട്ടും ഒരു പഞ്ച് ഹോൾ ഇട്ടുകൂടെ എന്നാൽ ഈ ഫോൺ വേറെ level ആയേനെ ... Cam ഒക്കെ പൊളിയാണ്...,Mixed Feelings
Waterdrop notch ഒന്ന് matiyirunnenghil super ആയേനെ. ബാകി എല്ലാം perfect okke,Mixed Feelings
എനിക്ക് കാൻവാസ് HD ഉണ്ടായിരുന്നു. അസാധ്യ ഫോണായിരുന്നു. പക്ഷേ സർവ്വീസാണ് പ്രശ്നം. എന്ന് അവിട പോയാലും മാനേജറെ ചുവരിൽ ചേർത്ത് നിർത്തിയിരിക്കുന്നത് കാണാം... 🚙🚙💥,Mixed Feelings
ഫോൺ ഓക്കേ ആണ് പക്ഷെ ബാറ്ററി ലൈഫ് ഞാൻ satisfied അല്ല...,Mixed Feelings
വലിയ മെച്ചം ഒന്നും ഇല്ല....ചാർജ് പെട്ടന്ന് തീരും .. പക്ഷെ റീചാർജ് ചെയ്യാൻ മിനിറ്റ് മതി....നോർമൽ യൂസ് ഓക്കേ 👌,Mixed Feelings
ഫോൺ നല്ലതാണ്. പക്ഷെ SAR value കൂടുതൽ ആണ്,Mixed Feelings
അതിപ്പോ poco x3pro യും 5-6 ആണ് ഞാൻ poco x3pro ആണ് use ചെയ്യുന്നേ.. Iqoo7 continues ആയി ഗെയിം കളിച്ചാൽ 4500mah ഉള്ളിൽ അല്ലെ 4 hours കിട്ടും 30 minute കൊണ്ട് 90% റീചാർജ് ആവും ബാറ്ററി അതിനാണ് 66w.. എന്റെ poco x3pro 5-6 ആണേൽ റീചാർജി ന്റെ time 1.20 hours ആണ് അവ്ടെയാണ് മാറ്റം,Mixed Feelings
Photo എടുത്തു നോക്കിയാൽ മുഖമൊക്കെ ചുക്കി ചുളിഞ്ഞു പോലെ തോന്നും but വല്ല പ്പൂവോ അങ്ങനെ വല്ലതും എടുത്താൽ പൊളി ഞമ്മളെ മോന്ത എടുത്താൽ പോയ്‌ മോനെ,Mixed Feelings
Camera quality good. Just like mini DSLR. നന്നായി heat ആകുന്നുണ്ട്. 48Megapixel ഫോട്ടോ എടുക്കുമ്പോൾ 33MB size വരുന്നുണ്ട്. രണ്ടു സിം ഉപയോഗിക്കുന്നവർക്ക് ചിലപ്പോൾ പെട്ടെന്നു ഫോൺ storage തീർന്നു പോവാനിടയുണ്ട്. Nebula Red design good attractive. Due Some manufacturing defect automatically returned to my phone to flipkart,Mixed Feelings
Cyber Tech review നോകിട്ടാണ് bro പറഞ്ഞത്.Croma boot ഇട്ട saturated photos കിട്ടും അത്രോള്ളു....Vooc charger മാത്രമേ advantage ഉള്ളു...Front cam is little better ആണ്....But premeum look.USB type c .Led notification.Better CPU is for RN7 pro.48MP,Mixed Feelings
ഞാൻ ഉപയോഗിച്ചു കൊണ്ടിരിക്കുന്നു.. നല്ല ഫോൺ ആണ്.. 48 mp യിൽ സൂമിങ് ഇല്ല... ഫോട്ടോസ് സൂപ്പർ... റിയൽ മി.. ഓപ്പോ കമ്പനി പേര് മാറ്റി മാർക്കറ്റിൽ ഇറക്കിയതാണ്..പബ്ലിക്കിൽ കാൾ സൗണ്ട് അല്പം കുറവാണ്.. അല്പം സൗണ്ട് കൂട്ടമായിരുന്നു... രാത്രിയിൽ ഫ്ലാഷ് ക്ലിക് സൂപ്പർ... ധൈര്യമായി എടുകാം.. ഗ്ലാസ്‌ സ്കിൻ ഇൻക്ലൂഡ് അല്ല..ഹെഡ് സെറ്റ് ഇല്ല.. അത് ഒരു പോരായ്മ ആണ്...കറക്ട് കാര്യം ആണ് ചേട്ടൻ പറഞ്ഞത്.. ലെൻസ്‌ ഹംബ് പ്രോബ്ലം ആണ്.. സ്ക്രാച് വീണെങ്കിൽ പണി ആവും.,Mixed Feelings
<b>Helio G90 T ആകാമായിരുന്നു 🔥</b>,Mixed Feelings
"Good specification of Galaxy M12..പക്ഷെ Full HD display thannirunenkil നല്ലത് ആയിരുന്നു...മാത്രമല്ല ഈ price range full HD കിട്ടുന്ന smartphone ഉണ്ട് like Poco M3, Redmi Note 10",Mixed Feelings
എനിക്ക് ഫാസ്റ്റ് അത് തന്നെ നൈറ്റ്‌ 9% വെച്ചു കിടന്നു രാവിലെ 0% പിന്നെ ഞാൻ ഫ്ലൈറ്റ് മോഡ് ഇട്ട് വെച്ചു 88% രാവിലെ 87% പിന്നെ നല്ലത് പോലെ യൂസ് ചെയ്താൽ 10 hrs നികും നോർമൽ യൂസ് 1day,Mixed Feelings
👍 super 👍👍.Redmi note 10 ഞാൻ വാങ്ങി.പക്ഷെ ഇതിൽ Auto call recording ഇല്ല,Mixed Feelings
ബ്രോ ബാറ്ററി ലൈഫ് സൂപ്പർ ആണ്. പക്ഷെ രണ്ടാമത്തെ അപ്ഡേഷൻ കഴിഞ്ഞ് ബാറ്ററി ഡ്രയിൻ ആവുന്നുണ്ട്.. 12.0.3 version,Mixed Feelings
സൂപ്പർ ബ്രോ അടിപൊളി display... Super sound.. Almost 👌but 5020mh battery waste..,Mixed Feelings
ക്യാമറകുറച്ച് downgrade ആയിപോയി 🧐😒 ബാക്കി ഒക്കെ ✌️,Mixed Feelings
Gaming phone alla speaker 🔊 sound പോരാ.ക്യാമറ മപ്പ് ഒരു രക്ഷയും ഇല്ല.,Mixed Feelings
koppann s22 ultra iphon 14 pro ivayude aduth polum vakkan kollilla ok aake ullath better software experience athra thanne,Mixed Feelings
Motorola ടെ Name കൂടെ ഉണ്ടായാൽ നന്നായിരുന്നു,Mixed Feelings
ഞാൻ ഈ ഫോൺ ആണ് ഉപയോഗിക്കുന്നത് ഫോണ് അടിപൊളി ആണ് പക്ഷേ ക്യാമറ വളരെ ശോകം ആണ് പിന്നെ ഇതുവരെ ആൻഡ്രോയ്ഡ്12 അപ്ഡേറ്റ് കിട്ടിയില്ല... ..ബാക്കി ഒക്കെ അടിപൊളി ആണ്,Mixed Feelings
മേടിച്ചു ബ്രോ. Pwoli 👌 ക്യാമറ കുറച് പോര പെർഫോർമൻസ് 🔥,Mixed Feelings
Stereo Speakers vibration problem വരും(POCO X3 അതു കൊണ്ട് മാത്രം വാങ്ങിയില്ല). Display Finger Lock നേക്കാൾ മെച്ചം Side Lock തന്നെ..Camera യുടെ കാര്യത്തിൽ മാത്രം ഒരു സങ്കടം 😒. 108MP ഒക്കെ വെറുതെ വിടൽ ആണല്ലേ,Mixed Feelings
ഈ phone എല്ലാം ok ആണ്.. But sar value 🙄😔,Mixed Feelings
Duel stereo 👎 ഇത്രയും വില ഉണ്ടായിട്ടും. ഇപ്പൊ 10000രൂപാടെ ഫോൺ ൽ പോലും നല്ല sterio ഉണ്ട് ബാക്കി എല്ലാ ⚡️⚡️⚡️,Mixed Feelings
ഈ phone ന്റെ positive:-. E4 amoled display. 120hz Re.Rate 600hz Touch. Dolby atomos support. Processor SD870. Charging speed.Cons:-. Plastic body ആണ്. Colour മങ്ങും. 64mp ക്യാമറ മാത്രം ആണ് നല്ലത്.. UW 8mp ആണ് macro 2mp ആണ്.. Netflix ൽ hdr support കിട്ടില്ല.. Storage expansion ഇല്ല.,Mixed Feelings
Punch hole display center ആയിറെങ്കിൽ super ആയേനെ,Mixed Feelings
Moto ഫോണിന്റെ 5g സപ്പോർട്ട് ഇഷ്ട്ടപെട്ടു പക്ഷെ സിം ട്രെ ഭാഗം കൂടി ഉഷാർ ആയിരുന്നെങ്കിൽ പൊളി ആയിരുന്നു,Mixed Feelings
Mr. ജയരാജ്‌ പറഞ്ഞപോലെ ക്യാമറയിൽ നിന്നും കാര്യമായി ഒന്നും പ്രതീക്ഷിക്കണ്ട. Oneplus 7T യും 9R ഉം യൂസ് ചെയ്യുന്നു. അത് രണ്ടും വച്ചു നോക്കുമ്പോൾ ക്യാമെറയിൽ 7T ആണ് നല്ലത്. സ്പീക്കർ ക്വാളിറ്റിയും അങ്ങിനെ തന്നെ.9 R ൽ portrait video recording ഉള്ളതാണ് ഒരാശ്വാസം.,Mixed Feelings
"ഞൻ പറഞ്ഞത് oneplus9r vs iqoo 7legend ആണ്, ഇതിൽ ക്ലിയർ വിന്നർ iqoo ആണ്, ഞാൻ 9r ആണ് use cheyyunne ന്റെ അനിയൻ iqoo ആണ് use cheyyunne എന്റെ ഒരു യൂസില് os മാത്രം ബെറ്റർ ആണ് oneplus",Mixed Feelings
സോഫ്റ്റ്‌വെയർ അപ്ഡേറ്റ് വഴി 5G ബാൻഡ് ചേഞ്ച്‌ അല്ലെങ്കിൽ അപ്ഗ്രേഡ് ആവില്ല. Oneplus officially told.Using this ഫോൺ since 1 month.12ജിബി varient.Heating issue ഉണ്ട്‌.ബാക്കി എല്ലാം കിടു.,Mixed Feelings
ഫിഗർ പ്രിന്റ് adiyam ok ആണ് but ബാക്കി ഇടക്ക് ആകും ഇടക്ക് akula,Mixed Feelings
"ഞാൻ എടുത്തു bro, എല്ലാം കൊണ്ടും ഓക്കേ ആണ്. എനിക്ക് ഫീൽ ആകെയുള്ള പ്രശ്നം കാമറ കൂടുതൽ കളർ ആണ് തരുന്നത്, ഫ്രണ്ട് കാമെറയിൽ വല്ലാതെ വെളുപ്പിക്കുന്നുമുണ്ട്. പിന്നെ 30fps മാത്രമേ വീഡിയോ കാമറ ഉള്ളൂ. ബാക്കി എല്ലാ കാര്യത്തിലും ok ആണ്.",Mixed Feelings
ഇത്രെയും വില ഉള്ള ഒരു ഫോണിന് 90 htz ആകാമായിരുന്നു..,Mixed Feelings
എല്ലാം അടിപൊളിയാണ്. പക്ഷേ ഒരൊറ്റ കൊഴപ്പം മാത്രമെ ഒള്ളു. Pure Android അല്ല.😔😔,Mixed Feelings
S20 Fe 4g വാങ്ങി .ഫോൺ പെട്ടന്ന് ചൂടാകയാണ് അതുമാത്രമേ ഒരു പോരായ്മ തോന്നിയൊള്ളു.,Mixed Feelings
ഇത്രയും വില ഉണ്ടെങ്കിൽ 5g support ആഗമായിരുന്നു അപ്പോൾ കുറച്ചു കൂടി നന്നായിരുന്നു,Mixed Feelings
"അവതരണം 10/10💞🥰.ഡിസൈൻ 10/9🥰.സിം ട്രെ 10/5😒.ഡിസ് പ്ലേ 10/10💞🥰.ഫെയ്സ് ലോക്ക് 10/10💞🥰.ഫിംഗർപ്പിന്റ്‌ 10/7😊.സൗണ്ട്/ ഡിസ് പ്ലേ 10/10💞🥰.ക്യാമറ 10/10💞🥰.ബാറ്ററി 10/9🥰.ചാർജ്ജിംഗ്‌ 10/10💞🥰.ഈ വിലയ്ക്ക്‌ ഡെഡിക്കേറ്റഡ്‌ സിം റ്റ്രേ യും,ഓഡിയോ ജാക്കും നൽകാമായിരുന്നു എന്ന് തോന്നി🤫",Mixed Feelings
പ്രതീക്ഷിച്ചതിലും അപ്പുറത്താണ് ഫീച്ചേര്‍സും വിലയും...സാധാരണക്കാരുടെ ബജറ്റില്‍ ഒതുങ്ങില്ല..വില കുറയുമായിരിക്കും ലേ..,Mixed Feelings
"നോക്കിയ , സോണി ഇറക്കിസോൺ പഴയ ഫോണുകൾ ഒരു രക്ഷയുമില്ല സത്യമാണ്... പക്ഷെ സോണി x സ്‌പിരിയ തോൽവിയാണു...",Mixed Feelings
Nokia : സ്വിച്ച് ഫോൺ ലോകത്തെ രാജാവ്... 😍.Bt not so in touch....😁😁,Mixed Feelings
എന്റെ എഡ്ജ് 20 ഫ്യൂഷൻ ആണ്..Camera മാത്രം പ്രശ്നം ബാക്കി എല്ലാം super 👌🏻.Moto 🥰.ഞാനും ഇനി moto മാത്രമേ എടുക്കു 🥰,Mixed Feelings
Ip rating നേക്കാളും സ്റ്റോറേജ് 256 കൊടുക്കാമായിരുന്നു.,Mixed Feelings
Battery Capacity 5000 mAh കൊടുക്കായിരുന്നു 😊,Mixed Feelings
specs കൂടുതലാണ് but അതിൽ specs ആയി പറയുന്നത് snapdragon 888processor anu athinekkalum ethrayo far nallathanu 870.Because nalla optimization no heating issue so performance increasing long time no throttling gameplay.Ethu expertsum 888phone edukkano 870phone edukkano choychal 870enne parayoo karanam speed ozhike(but for few time )ellam 870anu better even ee youtuber thanne parayunnundallo.Oru 30minutes mathram game kalikkunna alanenkil 888edukkal but long time anenkil its very bad choice.Throttle ടെസ്റ്റിൽ 870 90% വരെ പിടിച്ചു നിന്ന് but 888 only 79% so think about it,Mixed Feelings
ഞാൻ iqoo neo 6 user ആണ് എന്റെ friendintel iqoo 7 ആണ് performance anttutu score throttling test ennivayellam നേരിയ തോതിൽ iqoo neo6ആണ് കൂടുതൽ .പിന്നെ ക്യാമറ ക്വാളിറ്റി കുറച്ചു കൂടി iqoo neo 6ഇന് ഉണ്ട് finger print sensor reading iqoo neo 6nekkal കൂടുതലാണ്.Pinne പ്രത്യേകിച്ച് iqoo 7നേക്കാൾ battery backup വളരെ വ്യത്യാസം iqoo neo 6ഇന് ഉണ്ട് മാത്രല്ല 80watt ചാർജർ so നോക്കുമ്പോൾ iqoo 7നേക്കാൾ best iqoo neo 6തന്നെയാണ്,Mixed Feelings
Yeah.. I agree 3D rendering... IPHONE is the beast here! But wait Android il ath pettoola ennundo? Nop Android ilm ath petum smooth aayi! Them 3NM chip aaya A17 pro de avasta nhan parayandalla! 😂 😂.Crrntly G2 processor nekkaalum കഷ്ടം aanu A17 pro....Energy consmptn valre kodthal aanu caused by over heatng and heatng caused by phones poor engineering behind building. So its a waste. A17 pro powerfll aanu I agree 👍... But 😂....Then Security Stll some Chinese guy can break ios within seconds....And ios is not secure as we thnk....And then in my view KNOX is more secure than IOS security.,Mixed Feelings
zoom ozhike baaki ellam 15 thanne aanu better,Mixed Feelings
Adpili phone.. @30k flagship level phone സ്വപ്നം കാണാൻ പോലും പറ്റില്ലല്ലോ bro.. Battery great അല്ല.. But S22 ആയാലും pixel ആയാലും അങ്ങനെ തന്നെയാണ്.... ഒരുപാട് sensors ഉണ്ട് ഫോണിൽ.. So ബാറ്ററി use കൂടുതൽ ആണ്.. പക്ഷെ normal use one day നിൽക്കും,Mixed Feelings
എല്ലാം കൊള്ളാം charger ഇല്ലാത്ത കൊണ്ട്‌ വാങ്ങുന്നില്ല 😊😊,Mixed Feelings
Saumsunginte പ്രൈസിംഗ് വെച്ച് നോക്കുമ്പോൾ ഇത് വാല്യൂ ഫോർ മണി ആണ്....but ചാർജർ ഇല്ലാത്തത് കൊണ്ട് ആരും വാങ്ങിക്കരുത്....,Mixed Feelings
"1.WaterDrop Notch🖕.2.8Mp Selfie19K Budget🖕.3.TFT Display🖕.4.Charger 25W ഇല്ല Box ൽ🖕.<a href=""http://5.case/"">5.Case</a> ഇല്ല🖕ഈ 5 കാര്യങ്ങൾ ഒഴിച്ച് നിർത്തിയാൽ.ബാക്കി എല്ലാം നല്ല Spec👍",Mixed Feelings
Charger കൊടുത്തിട്ടില്ലെങ്കിൽ എന്താ നല്ല ഉഗ്രൻ tft display ഇല്ലേ..,Mixed Feelings
Finger print ഫ്രണ്ടിൽ ആയിരുന്നെങ്കിൽ കൊള്ളായിരുന്നു,Mixed Feelings
ക്യാമറ day light ൽ കൊള്ളാം but night ആവറേജ് ആണ്,Mixed Feelings
ഞാൻ ഈ ഫോൺ യൂസ് ചെയ്യുന്ന ആളാണ് ഒരു രക്ഷയുമില്ല അടിപൊളി build quality ആണ്. പിന്നെ ഡിസ്പ്ലേ 👌. ഫോൺ സ്മൂത്ത്‌ ആണ്.സ്പീക്കർ ഒരേപൊളി.... 👌. പിന്നെ gaming ആവറേജ് ആണ്,Mixed Feelings
Redmi വിശ്വസിക്കാൻ പറ്റുമോ ! ഞാനൊരു റെഡ്മി 9T എടുത്തിട്ട് റേഞ്ച് പ്രോബ്ലം നെറ്റ് ചിലപ്പോ വരും പോയും . വൈ ഫൈയും അങ്ങനെതന്നെ. ഫോണൊക്കെ അടിപൊളിയാണ്. ഇതിനും റേഞ്ച് പ്രശ്നമുണ്ടോ,Mixed Feelings
Realme 9 pro എടുത്തു. LED Display അല്ല എന്നത് മാത്രമേ ഉള്ളു ഒരു പോരായ്മ. അത് മാറ്റി നിർത്തിയാൽ അടിപൊളി ഫോൺ ആണ് 🤗,Mixed Feelings
Some proximity sensor issue and software lag(must learn about coming updates before doing it) otherwise good. Battery and fast charging is good. HDR features are great. I&#39,Mixed Feelings
ഫോൺ പൊളിയാ...പക്ഷേ MIUI ടെ കാര്യത്തിലാണ് ഒരു പേഡി.,Mixed Feelings
Android 12 akam ആയിരുന്നു,Mixed Feelings
ഞാൻ ഇന്നലെ തന്നെ ഒന്ന് പൊക്കി എല്ലാം കൊണ്ടും ഓക്കേ. NFC ഇന്ത്യ മോഡൽ ൽ ഇല്ല... ക്യാമറ റെഡ്മി തള്ളി മറിക്കും പോലെ അത്രക്ക് ഒന്നും ഇല്ല... ബാക്കി എല്ലാം ഓക്കേ.. ഈ വിലക്ക് അടിപൊളി 5G ഫോൺ ആണ്,Mixed Feelings
3വർഷം ആയിട്ടും ഇപ്പോഴും അടിപൊളിയായി ഉപയോഗിക്കുന്നു...But ഇപ്പോൾ slow-motion കിട്ടുന്നില്ല,Mixed Feelings
ലക്ഷങ്ങൾ വാങ്ങിച്ച ഫോൺ ആണ് ഇത്.. ഇതിൽ ആകെ ഒരു പ്രശ്നം ഉള്ളത് MIUI മൂലം വരുന്ന BUGS മാത്രം ആണ്. ഒരുവർഷത്തിന് മേലെ ഈ ഫോൺ HEAVY ആയി ഉപയോഗിക്കുന്ന ഒരുപാട് പേരെ എനിക്കറിയാം ആർക്കും MIUI നെ കുറിച് അല്ലാതെ മറ്റൊരു COMPLAINT ഇല്ല,Mixed Feelings
Poco F1..ഇപ്പൊ poco F3 gt.Poco F3 Gt ഒറ്റ നെഗറ്റീവ് കണ്ടുള്ളൂ camera 🥲🥲ബാക്കി എല്ലാം ഡബിൾ ok ആണ്,Mixed Feelings
"ഹീറ്റിങ്, ഫ്രെയിം ഡ്രോപ്പ് ഒക്കെ ഉണ്ടേ, ചില അപ്ഡേറ്റ്സ്നു ശേഷം ആണ്.ഞാനും 4 years ആവാറായി,പക്ഷെ എന്തോ ഇപ്പോഴും മാറ്റാൻ തോന്നിയിട്ടില്ല.",Mixed Feelings
"ok. But ഇന്ന് പുതിയ update ചെയ്തു 12.5.9 miui, ശേഷം ചെറിയൊരു battery drain isuue കാണുന്നുണ്ട്.",Mixed Feelings
"bro എൻ്റെ ഫോണിൽ night battery drain ഉണ്ടായിരുന്നു 15 to 20% , പിന്നീട് ഞാൻ control centeril bed time mode options പോയി off ചെയ്തു. പിന്നെ battery drain isuue വല്ലപ്പോഴും മാത്രേ ഉണ്ടാകാറുള്ളൂ. പിന്നെ എപ്പൊ battery drain isuue ഉണ്ടായാലും ഞാൻ next ഒരു പ്രാവശ്യം switch off ചെയ്ത് charge ചെയ്യും. പിന്നെ always on display off ആണ്, refresh rate 60hz ആണ്. 120hz use ചെയ്ത battery drain isuue എനിക്ക് ഉണ്ടാവാറുണ്ട്..എൻ്റെ ഫോണിൽ normal net use ചെയ്യുമ്പോൾ battery drain isuue ഇപ്പൊ illa. ഞാൻ ചെയ്ത tips follow ചെയ്ത ചിലപ്പോ ready ആവും.",Mixed Feelings
"Poco X3Pro യുടെ അയലത്തുകൂടെ പോവില്ല note 10 pro. വെറും തട്ടിക്കൂട്ട് redmi. Camera not even average, hang n flickering issues amoled വെറും പ്രഹസനം samsung amoled poli. X3 pro best processor best cam natural besttt quality ips lcd used... Mi service heads opinion",Mixed Feelings
bro എനിക്ക് ഒരു ലാഗും feel ചെയ്യുന്നില്ല . But smooth+ultra PUBG kalikkumbo heating 43°c വരെ ഉണ്ട് with battery drain of 16% for 1 hour game play.,Mixed Feelings
എന്റെ അനിയൻ pocco x3 8 gb varient eduthu. Avann proper aayi battery backup kittanilla.pakshe fast charging aan. Pinne avn free fire kalikkunund. Pakhse screen proper aayi drag akunilla nn parayunund. Nerathe use cheythath realmi c3 aan. Dragging okke proper ayirunnu. Athil.😌. Oru experience paranjatha. Tto ini aa particular phn nte issue anonn ariyilla. Pakshe njn pubj kalichapol oru preshnom illarnnu. Cool aan.,Mixed Feelings
proximity sensor issue ചെറുതായി ഉണ്ട് ..And otherwise overall it&#39,Mixed Feelings
X3 pro യിൽ super amoled display കൂട്ടി ഉണ്ടെങ്കിൽ .....❤️❤️,Mixed Feelings
ഞാൻ ഫോസ്സിൽ gen 6 user aanu 24k ആയി വളരെ മോശം ആണ്‌..... Hang and lag..... Build quality nice ആണ്‌...,Mixed Feelings
ഇഷ്ടപ്പെട്ടു .....വില ഒഴികെ😁,Mixed Feelings
"രണ്ട് വർഷമായി Amazfit GTR ഉപയോഗിക്കുന്നു. Excellent battery life. Calling facility, SPO2 എന്നിവ ഇല്ല എന്നുള്ളത് ഒരു drawback ആണ്. But still I like it.",Mixed Feelings
ക്യാമറ zoom ചെക്ക് ചെയ്യുന്ന പാർട്ട്‌ കൂടി ചെയ്തിരുന്നേൽ കുറച്ചുകൂടി നന്നായിരുന്നു.,Mixed Feelings
Camara look മാറ്റമായിരുന്നു 11pro plus ആക്കാമായിരുന്നു,Mixed Feelings
ഈ ചേട്ടന്റെ വീഡിയോ കണ്ടിട്ടാണ് ബ്രോ ഞാൻ 2021 ജനുവരിയിൽ POCO X3 എടുക്കുന്നത്...Weight കൂടുതലാണ് എന്നൊരു issue ഒഴിച്ച് നിർത്തിയാൽ ഞാൻ super satisfied ആണ് 😊🙌🏻,Mixed Feelings
Poco X3 pro Touch issues ഉണ്ടായിരുന്നു പിന്നെ brightness കുറച്ചു കുറവാണ് എന്റെ ഫ്രണ്ടിന്റെ Mother board അടിച്ചു പോയി പിന്നെ Company കാര് തന്നെ പുതിയ Poco X3 pro കൊടുത്തു Redmi note 10 pro ഇതിൽ Proximity sensor Issue Flickering issue and charging issue ഉണ്ട് 0% നിന്നും 100% ആവാൻ ഒന്നര മണിക്കൂറോളം വേണം പക്ഷെ നല്ലൊരു allrounder phone ആണ്,Mixed Feelings
Below 30K ആയിരുന്നെങ്കിൽ നന്നായിരുന്നു😊,Mixed Feelings
സാധനും അടിപൊളി പോക്കറ്റിൽ ഞാൻ ittal☠️💥💥💥,Mixed Feelings
ഇതുവരെ ok ആണ്. 120 hz refreshing rate പൊളി. Display ഉം ok. Camera average,Mixed Feelings
SD 778G 5G ആയിരുന്നെങ്കിൽ കുറച്ചൂടെ നന്നായേനെ ☹️,Mixed Feelings
Bro poco oru nalla phone thannayaan pashey athinda software bug kaaranam ഒന്നേൽ athinda screen bug aavum alllel camera bug aavum.njn basicaly oru poco user aan poco X2 aan endey device but vaaahuchitt oru varsham kazhinjhappol camera poyy but front camera is working.athepola thanney enda frontindey poco screen bug aay pashey phone gamingine okkey perfect aan chelappol gyroscope working aavathilla rebut cheyyumbol ath okkey aavum pashey camera and screen bug aayal pna ath service cheyyumbol aakathesham 7000 aavunn motherboard poyenn aan service centrill chrllumbol avar parayunnath🥲🤕,Mixed Feelings
enik miui 12 te first updation vannapol battery drain issue undarunnu... camera um bakki eth app eduthalum Nalla lag um .. pettu poyi nn vicharichu... 12.0.2 stable updation um poco laucher updating um kitti athum koodi cheythapol set aayi... Pinne updation vanno ennu polum nokkiyittilla... 😁😎,Mixed Feelings
അപ്ഡേറ്റ് കഴിഞ്ഞപ്പോൾ വല്യ സീൻ ഇല്ല... ക്യാമറ വെറും വേസ്റ്റ് ആണ്...ബാറ്ററി ഡിസ്പ്ലേ അടിപൊളി ആണ് 👍👍,Mixed Feelings
"ഞാൻ ഉപയോഗിക്കുന്നത് Mi k 50i ആണ്....സെൽഫി വളരെ ശോകം ... But പെർഫോമൻസ്.... 😍😍😍 തീ..,..... 💕♥️",Mixed Feelings
Updation kittulla athanu porayma. Pinne UI issue undu🥲.. Spec kollam. ഇനി ഞാൻ samsung എടുക്കുന്നുള്ളു ..,Mixed Feelings
Updation തന്നെ ആണ് പണ്ടും ഇപ്പോളും പ്രെശ്നം😂😂😂. Spec good,Mixed Feelings
"Poco m2 2 yr ആയി യൂസ് ചെയ്യുന്നു.. ചാർജിങ് ഓക്കേ, ക്യാമറ 50%, fm not working,",Mixed Feelings
ഈ ഫോണിൽ in display fingerprint ഉണ്ടെങ്കിൽ പവർ ആയേനെ.. ❣️💥💫💫,Mixed Feelings
"phone vere level aanu, selfie cam shokam aanu, low light okke nalla grains und, macro cam waste..Main cam is awesome and ultrwide is just ok for both video and pictures. Videos are stabilized. No heating at all. Performance good, ഞാൻ game kalikkarilla",Mixed Feelings
Punch hole വേണമായിരുന്നോ,Mixed Feelings
30 Walt കൊടുക്കാമായിരുന്നു,Mixed Feelings
Amoled display+stereo speakers+punch hole camaraയും കൂടി കുത്തിക്കേറ്റിയിരുന്നെങ്കൽ perfect ആയേനെ..,Mixed Feelings
Notch മാറ്റി punch hole display ആണേൽ പൊളിച്ചേനെ...,Mixed Feelings
Led display അവമായിരുന്നു,Mixed Feelings
"Amoled display,punch hole ith രണ്ടും കൂടി ഉണ്ടായിരുന്നെങ്കിൽ വാങ്ങുചെനെ",Mixed Feelings
33w fast chargering support..പക്ഷേ ചാർജർ കൊണ്ട് നടക്കണം..നോക്കി ഇരിക്കെ ചാർജ് തീരും. (redmi ഡാ ).സൗണ്ട് ക്ലാരിറ്റി 10-2..ക്യാമറ 10-3(max)...ഈ ഒരു പ്രൈസ് റേഞ്ചിൽ ഇതിലും നല്ലത് motog60 തന്നെ. എങ്ങനെ നോക്കിയാലും 1.5 day ചാർജ് നിൽക്കും 👍👍,Mixed Feelings
"speed ok ആണ്, യൂട്യൂബ് സൗണ്ട് ok ആണ് പക്ഷേ വീഡിയോ എടുക്കുമ്പോൾ അതിൽ സൗണ്ട് കുറവാണ്. പിന്നെ ഞാൻ വീഡിയോ ഫോട്ടോ എടുക്കാൻ കൂടുതൽ താല്പര്യം ഒള്ള ആളാണ് എനിക്ക് സൗണ്ട്, വീഡിയോ ക്ലാരിറ്റി കുറവായിട്ടാണ് തോന്നിയത്, ബാക്കി എല്ലാം നല്ലതായിട്ടാണ് ഞാൻ കണ്ടത് ഇത് ഞാൻ കണ്ട എന്റെ മാത്രം അഭിപ്രായമാണ്",Mixed Feelings
"Bro ഞാൻ ഈ ഫോൺ വാങ്ങി ഫോൺ good ആണ് പക്ഷെ എനിക്ക് ഇതിൽ mesngr ഉപയോഗിക്കാൻ പറ്റുന്നില്ല, ഒരാൾക്ക് പോലും msg send ആവുന്നില്ല??",Mixed Feelings
spec ഒക്കെ but കംപ്ലയിന്റ് സ് ഉണ്ട്‌... അതാണ് പ്രോബ്ലം,Mixed Feelings
13k range ആയിരുന്നെങ്കിൽ super ആവുമായിരുന്നു ✌️,Mixed Feelings
6+64 GB 13999 ന് ഇറക്കണമായിരുന്നു with Snapdragon 720G processor,Mixed Feelings
മോട്ടറോളയ്ക്ക് ഡിസ്പ്ലേയിൽ 2160 PWM ഡിമ്മിങ് കൊടുക്കാമായിരുന്നു. ഫ്ളിക്കറിങ് പ്രോബ്ലം ഉണ്ട്..Other than that the phone is nice ❤️,Mixed Feelings
"എനിക്ക് ബ്ലാക്ക് കിട്ടി കൊളളാം..... ക്യാമറ മാത്രം ഒള്ളു കുറച്ചു മടുപ്പ് പക്ഷെ കുഴപ്പം ഇല്ല, എന്റെ 2ഇയർ ഓൾഡ് ഫോൺ എക്സ്ചേഞ്ച് ചെയ്ത് എടുത്തതാണ് അതുകൊണ്ട് 16 k കിട്ടി ആം ok...... കൊള്ളാം",Mixed Feelings
"ഞാൻ യൂസ് ചെയ്യുന്നത് poco x 2ആണ്. അപ്ഡേറ്റ് ചെയ്തിട്ടില്ലാത്തതുകൊണ്ട് മൂന്നുവർഷമായിട്ടും ഒരു കുഴപ്പവുമില്ലാതെ ഉപയോഗിക്കുന്നു. മോട്ടോ ഫോണുകളുടെ ui, smoothness ഒക്കെ വളരെ ഇഷ്ടമാണ്. പക്ഷേ,ക്യാമറ ദുരന്തമാണ്. poco x2 വിന്റെ മനോഹരമായ ക്യാമറ ഉപേക്ഷിച്ചിട്ട് മോട്ടോ യുടെ ക്യാമറ accept ചെയ്യാൻ പറ്റുന്നില്ല. അതുകൊണ്ട് dear moto, ദയവായി നല്ല ക്യാമറയുള്ള mid range segment ഫോണുകൾ ഇറക്കുക.",Mixed Feelings
ബാക്കി featurse എല്ലാം ok ആണ് main ആയിട്ട് E-sim and wireless charging front camara shogam aanu,Mixed Feelings
Big sensor...f 1.4 aperture ...ന്നിട്ടും തൊലിഞ്ഞ ക്യാമറ എന്ന് 🥲 ഉപയോഗിക്കാൻ അറിയാവുന്നവന് കിടിലൻ hardware ആണ് സ്റ്റോക്ക് app മാത്രം ആണ് മോശം.,Mixed Feelings
തോലിഞ്ഞ camera ആണ് . ബാക്കിയൊക്കെ🔥,Mixed Feelings
moderate useinu no problem but heavy useinu ശോകം ആണ്🥲,Mixed Feelings
VIVOV20 camera súper anu photoku pak she വീഡിയോ color വളരെ മോശം,Mixed Feelings
Iqoo neo 7 pro price 35k ആണെകിൽ offer ഒക്കെ വരുമ്പോൾ ഒരു 30 k range ഇൽ കിട്ടുവായിരുന്നെങ്കിൽ pwoli ആയിരുന്നു...😊❤,Mixed Feelings
"വളരെ മികച്ച ഫോണുകൾ ആണ് ലാവയുടേത് കാമറ കുറച്ചുമോശം ആയിരുന്നു എന്നൊഴിച്ചാൽ വേറെ വല്യ കുറവുകളൊന്നും ഇല്ലാത്ത മികച്ച ഫോൺ..പഴയ ലാവാ ഫോണുകൾ വർഷങ്ങളായി ഇപ്പോഴും ഉപയോഗിക്കുന്ന ഒരുപാടു പേരെ എനിക്കറിയാം...Uae യിൽ ജോലി ചെയ്യുന്ന ഞാൻ ക്യാമറ ഇല്ലാത്ത ലാവയുടെ സ്മാർട്ട് ഫോണുകൾ .ജോലിയുടെഭാഗമായി ഉപയോഗിക്കുന്നുണ്ട്.വല്യ തെറ്റില്ലാത്ത അഭിപ്രായങ്ങൾ ആണ് എല്ലാവരും പറഞ്ഞുകേട്ടിട്ടുള്ളത്. ..കാലത്തിനനുസരിച്ചുള്ള ഇതുപോലുള്ള മാറ്റങ്ങളും,നല്ല പരസ്യങ്ങളുടെ അഭാവവുമാണ്, വിദേശ രാജ്യങ്ങളിലടക്കം ഉപയോക്താക്കളുള്ള ലാവാ എന്ന കമ്പനിയുടെ കുറവ്",Mixed Feelings
3 ക്യാമറയുള്ള ഫോണിലെ ഫോട്ടോസ് നേക്കാളും 1 cam ഉള്ള s3 photos നു ക്വാളിറ്റി ഉണ്ട്.,Mixed Feelings
സ്റ്റീരിയോ speakers കൂടി ഉണ്ടായിരുന്നെങ്കിൽ..!!?,Mixed Feelings
പോക്കോ x3 pro ഒരു മികച്ച ഫോൺ തന്നെയാണ് പക്ഷേ poco f1 ൻറെ പിൻഗാമിയായി കാണാൻ കഴിയില്ല. poco f1 ഇപ്പോഴും മികച്ച പെർഫോമൻസ് കാഴ്ച വയ്ക്കുന്നു.യഥാർത്ഥ പിൻഗാമി ആയിട്ടുള്ള ഫോണിനു വേണ്ടിയുള്ള എൻറെ കാത്തിരിപ്പ് തുടരുന്നു.......,Mixed Feelings
ഇഷ്ടപ്പെട്ടു amoled ഡിസ്പ്ലേ കൂടി ഉണ്ടായിരുന്നു എങ്കിൽ dark മോഡ് ഷാർപ് ആയേനെ,Mixed Feelings
"Gaming ആണ് മെയിൻ എങ്കിൽ ഇത് ഒക്കെ ആണ്.. ബാക്കി ക്യാമറ, ഫോൺ ക്വാളിറ്റി,5G, Amoled Display ഒക്കെ നോക്കുവാണേൽ ഇത് പോരാ..",Mixed Feelings
AMOLED display കൂടി ആവർന്ന്...😢,Mixed Feelings
poco launcher enik ishtanne pakshe molilekk thondanne setup ille athmathram enik ishtalla athanne mattanum pattula,Mixed Feelings
5g കൂടി വേണമായിരുന്നു,Mixed Feelings
ഈ specifications ഒരു super amoled കൂടി ചേർത്ത് ഒരു 25.000-30.00 ഇടയിൽ ഫോൺ ആയാൽ നന്നാവില്ലേ .അല്ലെങ്കിൽ oru pocco x3 pro + ഇതിന്റെ കൂടെ വന്നാൽ നന്നായിരിന്നു,Mixed Feelings
Nothing ഞാൻ ഇഷ്ടപ്പെടുന്ന പ്രതീക്ഷയുള്ള ബ്രാൻഡ് ആണ്. കാരണം കാൾപേ. പക്ഷെ nothing 2 ഡിസൈൻ വളരെ മോശം. അഞ്ചുപൈസ ഡിസൈന് ചെലവാക്കിയിട്ടില്ല..1 ന്റെ കോപ്പി.. ഡിസൈൻ ദാരിദ്ര്യം ഫീൽ ചെയ്തു. അത്യാവശ്യം ഒന്നോ രണ്ടോ ലൈറ്റ് മാത്രം പുറകിൽ മതിയായിരുന്നു,Mixed Feelings
SAMSUNG അടിപൊളിയാണ് പക്ഷെ ₹25000ന്💵 മുകളിൽ ഉള്ള സാംസങ് ഫോൺ മാത്രമേ എടുക്കാവു ഇതൊക്കെ ചവർ,Mixed Feelings
കൊള്ളാം.ബട്ടറി വിചാരിച്ച അത്ര നിക്കുന്നില്ല..miui 14 അപ്ഡേറ്റ് ആക്കിയ ശേഷം നല്ലപോലെ drain ആകുന്നുണ്ട്...ക്യാമറ യും വിചാരിച്ച അത്ര ഇല്ലെങ്കിലും 20k worth aanu bro...,Mixed Feelings
heating issue വലുതായി ഫീൽ ചെയ്യുന്നില്ല. But battery പെട്ടെന്ന് drain ആകുന്നുണ്ട്,Mixed Feelings
"first update ഓടെ ക്യാമറ തല്ലിപ്പൊളി ആയി, ബാക്കി എല്ലാ സൂപ്പർ ആണ്‌",Mixed Feelings
Eanik ഒരു ഫോൺ ഇല്ല .ഞാനും ഒരുനാൾ ഐഫോൺ വാങ്ങും,Mixed Feelings
എന്റെ ഒരു അഭിപ്രായത്തിൽ ഐഫോൺ വാങ്ങുന്ന എല്ലാവരും features കൊണ്ട് മാത്രം വാങ്ങുന്നത് ആണ് എന്ന് തോന്നുന്നില്ല അങ്ങനെ എങ്കിൽ മറ്റു പല ഫോണുകളും ഇതിലും മികച്ച features ഉള്ളവ ഉണ്ടല്ലോ? ബ്രാൻഡ് വാല്യൂ ആണ് ഐഫോൺ വാങ്ങുന്നവർ കൂടുതൽ നോക്കുന്നത് എന്ന് തോന്നിയിട്ടുണ്ട് ആനയുള്ള തറവാട് എന്ന് പറയുന്ന പോലെ ആണ് ഇന്ന് ഐഫോൺ ഉള്ള ആളുകൾ ആ ലോഗോ 🔥,Positive
എന്റെ മവോനെ pwoli,Positive
ഞാൻ android ഉം iPhone ഉം ഉപയോഗിക്കുന്ന വ്യക്തിയാണ് പക്ഷെ iPhone 🔥💚,Positive
2019 മുതൽ ഞാൻ iphone use ചെയ്യുന്നു .But  അണ്ണാ ഇപ്പോൾ ഒരു android നു നോക്കുന്നു .അണ്ണൻ പറഞ്ഞ കാരണം തന്നെ ഒറ്റ കേബിൾ മതി 😀but iPhone always legend social statous and privacy🤘,Positive
One plus⚡️⚡️⚡️    അത് ഒരു ജിന്നാണ് ❤️❤️❤️,Positive
ഐഫോൺ best ആണ് അത് കഴിഞ്ഞാൽ അതുപോലുള്ള ബ്രാൻഡ്‌സ് കുറച്ചു വിവരം ഉള്ളവർ recomend ചെയ്യുക ഗൂഗിൾ പിക്സിൽ മോഡൽസ് പിന്നെ കാമറ ക്വാളിറ്റി കുറഞ്ഞാലും പ്രോബ്ലം ഇല്ലെങ്കിൽ ഓൺപ്ലസ് എടുക്കുക അല്ലാതെ ഒന്നും value ഫോർ money അല്ല ☺️,Positive
ഒന്നു പോ ബ്രോ.. Note 20 ultra ക് എന്താ കുഴപ്പം. ഇവിടെ exynos ആയിപോയി എന്ന ഒരൊറ്റ പ്രോബ്ലം മാത്രമാണ് ഞാൻ കാണുന്നത്. And waiting for the next line ups,Positive
I ഫോൺ  കിടിലൻ ആണ് ക്യാഷ് ഉണ്ടെങ്കിൽ എടുക്കുവാ 👍👍👍👍,Positive
Iphone camera അത് പോളിയാണ്,Positive
Iphone13 pro max engene bro ഞാൻ  വാങ്ങാൻ nilkaan,Positive
Cash റെഡിയായി order ചെയ്‌തിട്ടുണ്ട് നാളെ പോയി വാങ്ങും,Positive
"@geojo  even pixel 6 pro polum.Front cam 4k 60 support illa.Rear ultra wide, telephoto dosent support 4k 60.Iphone all lens support 4k 60.. Also has prores and HDR 10 bit with Dolby vison up to 4k 60 fps....Iphone is the king in video recording കുറച്ചു വീഡിയോസ് കണ്ടാൽ മതി",Positive
"@Sayanth 13 base varient aan 128 gb.128,256,512 ഈ 3 varient aan 13 ullath.Normally 128 gb മതിയാകും.എടുക്ക് bro👍",Positive
"ഞാനും ഇന്നലെ ( 31/11/21 )   13 വാങ്ങി, 256GB റെഡ് കളർ. ഒരു രക്ഷയും ഇല്ല. പൊളി 👌👌👌👌👌👌",Positive
ഇത് ഒന്നും പറയേണ്ട കാര്യം അല്ല...iphone 13 നല്ലത് അല്ല എന്ന് ആരും പറയില്ല 👍🏻,Positive
I phone 12 pro or 13 ഏതാണ് ഇപ്പോൾ എടുക്കാൻ നല്ലത്,Positive
 12 eduthu പൊളി സാനം. Best camera 13pro or pro Max,Positive
PrathpGTech പൊള്ളി ♥ മാസ്സ് 🥰,Positive
ഐഫോണിന്റെ വീഡിയോ ക്വാളിറ്റി പോക്കോ m3.യിൽ കാണുന്ന ഞാൻ 😁😁😁,Positive
I phone13 കിടിലം 💞,Positive
1 week ആയി വാങ്ങിയിട്ട് 👌,Positive
Camera 12mp യെ ullengilum saanam bahubaliya,Positive
"ഞാനും കുറെ ആയി നോക്കുന്നു, ക്യാമറ ഏതായിരിക്കും നല്ലത് എന്ന്, 12pro കാളും വില കുറവ് 13 ആണ്.",Positive
ഒന്നും നോക്കിയില്ല ഒരു iphone 13pro max അങ്ങ് വാങ്ങിച്ചു 1TB സാധനം പൊളി ആണ് ഒരു രക്ഷയുമില്ല,Positive
എടുകുന്നെങ്കിൽ pixel 6 എടുക്കണം അതാണ് അന്തസ് 🔥,Positive
Main 📸 അടിപൊളി ആണ് 👌,Positive
Poco അടിപൊളി ആണ്,Positive
@Eldho പിന്നെ Work Avathe എന്ന് പറഞ്ഞത് എന്താ security illannano adine aano work aavathe Anne udeshiche 🧐.Pinne security nte kaaryam ivide aarkum oru tharathilum ulla security issuesum ഇത് വരെ വന്നിട്ടില്ല ☺️,Positive
@Eldho നീ എങ്ങനെ നോക്കിയാലും ഒരു User kke എപ്പോയും ഇഷ്ടപ്പെടുന്നത് Android ഫോണിൽ വരുന്ന കേറെ featurs ആണ് അത് ഇവിടെ കിട്ടും..ഇനി അതിന് പെറത്തുള്ള feature ആണ് ഈ പറഞ്ഞ Rom അതിന്റെ ഒരോ monthum Security patch upatum കിട്ടും. പിന്നെ എന്താണ് Android ഫാൻസിന് വേണ്ടത് 😎,Positive
Iphone പവർ അറിയാൻ iphone ഉബയോഗിക്കണം iam 🍎12pro youser 😃,Positive
ഞാനും എടുത്തു 14 pro ush poli 👌,Positive
Charging nte case paranjathu njan യോജിക്കുന്നില്ല എന്റെ I phone 13 Charge 100% Ittitu use cheyyand irunnalum eveng aakumbozhum 95% athre oke aavullu,Positive
14 pro max സൂപ്പർ  ആണ് ..ചാർജിങ്  പെർഫോമൻസ്  വേറെ  ലെവൽ ..ചാർജ്  തീർക്കാൻ  പാട്  പെട്ട് ❤❤❤,Positive
iPhone 14 pro max ഉപയോഗിക്കുന്നൂ സൂപ്പർ ഫോൺ🥰🥰🥰 വിമർഷിക്കുന്നവർ ഫ്രസ്റ്റ്ട്രേറ്റഡ്‌ വാ___ ങ്ങൾ..,Positive
"Iphone  എടുത്താൽ നമ്മുടെ കൊച്ചു മക്കൾ ആകുമ്പോൾ, അവർക്കും വേണേൽ കൊടുക്കാം, അവൻ 100 100 ൽ നിന്ന് അന്നും പെർഫോം ചെയ്യും. അതാണ് ആപ്പിൾ ന്റെ വിശ്വസ്ഥത...ആൻഡ്രോയ്ഡ് എടുത്താൽ 2,3 year ആകുമ്പോഴേ, കൊരക്കാൻ തുടങ്ങും. പെട്ടിയിൽ വെച്ചു പൂട്ടാം പിന്നെ.",Positive
എന്റെ iphone 12 Pro 🤭 ഇപ്പൊളും പൊളി ..🔥,Positive
എന്തൊക്കെ പറഞ്ഞാലും.. Benz ബെൻസാണ് iPhone..ഐഫോൺ  ആണ്.. 😌,Positive
എന്റെ പൊന്നളിയ എന്ത് നെഗറ്റീവാടോ 🥴  ios എന്നും ios ആണ് അത് വേണ്ടവർ എടുത്തോട്ടെ എന്തായാലും നിന്റെ ചാണാപറച്ചി subscribers spec...നോക്കി എടുത്ത് അതിൽ എഴുതിവെച്ച specnde വീരവാദം പറഞ് അതെങ്ങനാ യൂസ് ചെയ്യണ്ടെന്ന് കൂടെ അറിയാതെ ബുദ്ധിജീവികൾ ആവുന്നില്ല ഒരു ios യൂസറും... വർഷങ്ങൾ ആയിട്ട് ഉപയോഗിക്കുന്നവന് അറിയ ആപ്പിളിനെ പറ്റി എല്ലാം..അത് അറിഞ്ഞിട്ട് ആണ് യൂസേഴ്സ് എടുക്കുന്നതും പിന്നെ ബഗ്ഗ്‌ അത് 3 ദിവസം കൊണ്ട് ഫിക്സ് ചെയ്തു അളിയൻ അറിയാഞ്ഞിട്ടാ..ഇപ്പോഴും സോഫ്റ്റ്‌വെയർ അപ്ഡേറ്റ് കറക്റ്റ് ആയിട്ട് വരുന്നുടെങ്കിൽ അത് ios ഇൽ മാത്രമാണ് അങ്ങനെ 2 നല്ല കാര്യം കൂടെ പറയെടാ കൂവേ ....you’re just an entertainer and your presentation is nice… so all are entertaining… nothing more…വേറൊരു കാര്യം കൂടെ itunes പറഞ്ഞൊരു സാധനം ഉണ്ട് അത് താങ്കൾക് pc ഇൽ ഇൻസ്റ്റാൾ ചെയ്യാവുന്നതാണ് അല്ലാതെ pc ഇൽ താങ്കൾക് iphone storagel ഒന്നും ചെയ്യാൻ കഴിയുന്നതല്ല എന്ന് താഴ്മയായി അറിയിക്കുന്നു.. ഒരു ഒലക്കേടെ മൂടും അറിയില്ല എന്നിട്ട് റിവ്യൂ ചെയ്യാൻ ഇറങ്ങിക്കോളും 1M  subcrbers ഉണ്ട് ഇത്രക് മണ്ടന്മാരുണ്ടോ ഈ കേരളത്തിൽ 🤭,Positive
Iphone vedikkan ആഗ്രഹിക്കുന്ന ഞാൻ🤪🤪,Positive
കിടിലൻ mobile 👌👌👌  Iphone 13 battery backup ഇതിനില്ല,Positive
ഇത്രയും കുറ്റം പറഞ്ഞിട്ട് 14 pro തന്നെയാണ് എല്ലാരും എടുക്കുന്നത് അണ്ണൻ വരെ.അടുത്ത 15 ഇറങ്ങുബോഴും ഇതുപോലെ എടുത്തിട്ടു കുറ്റം പറയും ചുമ്മാതല്ല steve അണ്ണൻ ഓരോ പ്രാവിശ്യം ഇറക്കുബോഴും വലിയ മാറ്റം കൊണ്ടുവരാത്തത് കുറ്റം പറയുന്നവരും മേടിച്ചു ഉപയോഗിക്കും എന്നു പുള്ളിക്ക് അറിയാം.ഞാൻ 13pro  ആണ് ഉപഗോഗിക്കുന്നത് എന്റെ first iphone experience ആണ്.ആദ്യം കുറച്ചു വട്ടായെങ്കിലും എനിക്ക് ഇഷ്ടപ്പെട്ടു.android പോലെ ഉള്ള കുത്തികളികൾ കുറച്ചു പാടാണെന്നേ ഉള്ളു eppol update കഴിയും തോറും android പോലെ ആയി വരുന്നുണ്ട്.,Positive
ഈ റെഡ് കളർ കാണാൻ രസമല്ലെ guys 😂,Positive
14 plus കൊള്ളാലെ bro...,Positive
പണ്ട് sony മൊബൈലിൽ ഉണ്ടായിരുന്നു selfie camera auto focus 😲🤪,Positive
ഇത്രയൊക്കെ ആയിട്ടും പിക്സൽ ഫോൺ എടുക്കാതെ ഐ ഫോൺ 14 പ്ലസ് എടുത്ത shazzam ന്റെ ബ്രോ സംഭവം തന്നെ 😄,Positive
ഒരു software എന്ജിനീർ ആയത് കൊണ്ട് പറയുന്നത് ആണ്..റോളർകോസ്റ്റർ ഇൽ കയറിയാൽ alarm അടിക്കുന്നത് നോർമൽ ആണ്....അത് അങ്ങനെയേ ചെയ്യാൻ പറ്റൂ,Positive
"<a href=""https://www.youtube.com/watch?v=DS66PIoUhTk&amp;t=08m48s"">08:48</a>  ലെ i phone fans :നീ എന്തിവാടെയ് ഈ പറയുന്നേ i phone എല്ലാം smooth ആണ്. ആൻഡ്രോയിന്റെ 120 HZ നെ ക്കാളും smooth ആണ് i phone 120 HZ. അപ്പൊ പിന്നെ 60 HZ പറയണ്ടാലോ ..🤣🤣",Positive
ഏതു ഫോൺ ആണ് വീർത്തത് എന്നുകൂടി പറയൂ. 4 year ആയി ഒരേ ഫോൺ ഉപയോഗിക്കുന്നു. Samsung J-7 pro. ഇപ്പോഴും ഒരു പ്രശ്നവും ഇല്ല. സൂക്ഷിച്ച് കൊണ്ടു നടക്കുന്നു. ഇപ്പോഴും പുതിയതുപോലെ. ഇനിയും ഒരു A54 എടുക്കണം,Positive
"@kk ഒന്നുല്ല എന്റെ apple watch ഇന്നലെ dubai യിൽ നിന്ന് import ചെയ്തുള്ളു, നല്ല വാച്ച് aa ട്ടോ,",Positive
"തീപ്പൊരി സാധനം 🔥 | Apple AirPods Pro 2 Detailed  Unboxing (Malayalam) | AirPods Pro 2 Review..<a href=""https://youtu.be/r7TJk0aW_os"">https://youtu.be/r7TJk0aW_os</a> .iPhone 14 Pro detailed unboxing and initial review Malayalam :-  <a href=""https://youtu.be/dWYGBxCurNg"">https://youtu.be/dWYGBxCurNg</a>",Positive
I phone use ചെയ്ത്‌ തുടങ്ങിയിട്ടല്ലേ ഒള്ളൂ.അതും സെക്കന്ററി ഫോൺ ആയിട്ട്.ഇനി വൈകാതെ പ്രൈമറി ഫോണും iphone തന്നെയാകും 😚😚.....iphone ❤️❤️,Positive
RARE സാധനം  മെയിൻ പറഞ്ഞില്ല..B L A C K B E R R Y  🥰,Positive
Apple അണ്ണന്റെ entry....!!!! ❤️👌🏼😄,Positive
14 mini ഉണ്ടാരുന്നേൽ ഞാൻ അത് എടുത്തേനേ.. ഇത് എടുക്കാൻ കാരണം ഈ ക്യൂട്ട് size തന്നെ ആണ്..ഇതിന്റെ ആവശ്യമെ ഉള്ളു..കിടിലം ഐറ്റം.,Positive
Iphone 5s ഇൽ ഈ വീഡിയോ കാണുന്ന ഞാൻ 😎 .ചെറിയ ഫോൺ use ചെയ്യുന്ന സുഖം ഒന്നും വലിയ ഫോണിൽ കിട്ടുന്നില്ല..so after 7 years still using iphone 5s And still worth it 🔥,Positive
"ഏന്നെ പോലെ രാത്രി ചാർജ് ചെയ്തിട്ട ഫോൺ രാവിലെ എടുത്തു ഡാറ്റ ഓൺ ആക്കി വാട്സാപ്പിലെ msg ഒക്കെ വായിച്ചു സ്റ്റാറ്റസ് ഒക്കെ കണ്ടിട്ട് ഇൻസ്റ്റാഗ്രാമിൽ ഇരുന്ന് സ്റ്റോറി ഒക്കെ കണ്ട് പണിക് പോയി 2 ,3 ഫോൺ ഒക്കെ ചെയ്യുന്നോര്ക് രാത്രി കിടക്കാൻ നേരം കുറച്ചു നേരം യൂട്യൂബ് ഒക്കെ കണ്ട് ചാർജിലിടാം വേണെങ്കിൽ 2 കിടുക്കച്ചി ഫോട്ടോയും എടുക്കാം  , 12 മിനി ടെ കാര്യം ആണ് പറഞ്ഞത് ഇത്രയും കയ്യിലൊതുങ്ങുന്ന നല്ലൊരു ഫോൺ വേറെ ഇല്ലാ , പിന്നെ ടാബ്ലറ്റ് ആണ് ഇഷ്ടം എങ്കിൽ വേറെ ഫോൺ നോക്കാം 😀 ഫോണിൽ ദിവസത്തിന്റെ പകുതി കളയാൻ ഇഷ്ടം ഇല്ലാത്തവർ ആണെങ്കിൽ ഒരു നല്ല പ്രീമിയം ഫോൺ അതാണ് മിനി ,",Positive
മാട് പോലായിരിക്കുന്ന 13 pro 😂😂🤙❤,Positive
Iphone ഉപയോഗിയ്ക്കുന്നവർക്കേ അതിന്റെ power മനസ്സിലാവൂ അല്ലാതെ കിടന്നു കൊണ പറയുന്നവർക്ക് android ഉയിർ 🤣🤣🤣🤣,Positive
ആഹ് ഏഹ് ഓഹ് ഏഹ് ആ ipad അല്ലേ...?.ആം കൊള്ളാം നല്ലതാ..,Positive
ഞാൻ 9th gen വാങ്ങിയത് 22750 🔥🔥🔥🔥,Positive
i phone വിരോധി ❤️,Positive
"8മാസമായി ഉപയോഗിക്കുന്നു ..❤..shazz  അണ്ണൻ പറഞ്ഞത് പോലെ one  of the best ipad ever ..👌👌🔥..Ipad 9th gen (256gb).44k (8mnths before).Display,battery,performance 👌🏻👌🏻..ആകെ തോന്നിയ ഒരു ചെറിയ കുറ്റം സൗണ്ട്  ലെവൽ  കുറച്ചൂടെ കൂട്ടാമായിരുന്നു ..😅.(dolby supported )..ipad വാങ്ങാൻ ആഗ്രഹിക്കുന്നവർക്ക് വാങ്ങാൻ പറ്റിയ മികച്ച ബഡ്ജറ്റ്  ഫ്രണ്ട്‌ലി പ്രോഡക്റ്റ് ❤🍏",Positive
"Air 4വാങ്ങൂ... Pencil 2 support, minimum buzel. great disign",Positive
നിങ്ങൾക് അറിയാത്ത ഒന്നൂടെ ഉണ്ട് ബാറ്ററി ബേക്കപ്പ് വിൻ ചെയ്ത  ഒരു i pad ഇതാണ്,Positive
le 22500 നു great indian festival നു 9th gen wifi only വാങ്ങിയ ഞാൻ 😎,Positive
ഒരേഒരു രാജാവ് ടോപ് sale ❤❤❤,Positive
ഒന്നും നോക്കിയില്ല.. 1TB തന്നെ എടുത്തു 😊,Positive
"ഞാനും എടുത്ത് Samsung galaxy S23 ultra 😅.<a href=""https://youtu.be/oq-Dom24cMY"">https://youtu.be/oq-Dom24cMY</a>",Positive
നാളെ S23 ultra എടുക്കുവാണ്  അതിന് മുമ്പ് ഒന്നുകൂടി റിവ്യൂ കണ്ട് പുളകിതനാകട്ടെ 😁,Positive
അണ്ണൻ്റെ വീഡിയോ കണ്ട് മാത്രം ആണ് S 22 ultra എടുത്തത് thanks bro...❤,Positive
Broo…. ഞാനൊരു വിവോയുടെ ഫോൺ ഒരുപാട് നാൾ ഉപയോഗിച്ചു .. അതിൽ നിന്ന് മനസിലായ ഒരു കാര്യം ആണ് ആദ്യമൊക്കെ ഫോട്ടോയ്ക്ക് കിട്ടിയ ക്വളിറ്റി അല്ല ഒരുപാട് നാളത്തെ ഉപയോഗത്തിന് ശേഷം കിട്ടുന്നത് .. അത്പോലെ തന്നെയാണ് മിക്ക ഫോണുകളുടെയും ക്യാമറ എന്ന ഒരു അഭിപ്രായം ഉണ്ടായിരുന്നു ... എന്നിരുന്നാലും ... ആ ഫോൺ മാറ്റി used iphone 7plus വാങ്ങി .. ഇപ്പൊ അത് 3 വർഷമായി ഉപയോഗിക്കുന്നു .. ക്യാമറക്ക് ഇപ്പോഴും പഴയ ക്വളിറ്റി ഫീൽ ചെയ്യുന്നു ..ഇതെല്ലം പറയാൻ കാരണം വേറെ ഒന്നുമല്ല .. വീണ്ടും ഒരു അപ്ഗ്രേഡ് ആഗ്രഹിക്കുന്നു .. ഐ phone 14 pro ആയിരുന്നു മനസ്സിൽ .. ഇപ്പൊ അത് മാറി s23 ultra യിലേക്ക് മാറി .. എനിക്കറിയേണ്ടത് ഒരു കാര്യം ആണ് ... ഒരുപാട് നാളത്തെ ഉപയോഗത്തിന് ശേഷം s 23 യുടെ ക്യാമറ എങ്ങനെ ഉണ്ട് ???   വർഷങ്ങൾ കഴിഞ്ഞാലും പഴയ iphone camera തരുന്നത് പോലെ ഇതിന്റെ ക്യാമറക്ക് തരാൻ കഴിയുമോ ?????😊,Positive
Bro എന്നെ കണ്ടുപഠിക്ക് എന്റെ phone Samsung galaxy a03 core ആണ്.. (7500₹) എനിക്ക് അതിന്റെ  ഒരു അഹങ്കാരവും ഇല്ല.🤣🤣...But എന്റെ use നു perfect ആണ്....I Love My Phone❤️❤️❤️,Positive
88000 n ഒമാനിൽ നിന്ന് purchase ചെയ്‌തു...410 റിയാൽ... ഇജ്ജാതി ഫോൺ... 👌👌drawing ന് ഒക്കെ പറ്റിയ മോഡ്... S pen... 😘😘😘കാമറ ഡിസ്പ്ലേ ഒക്കെ ഒരു rakshem ഇല്ല... Batteryum കൊള്ളാം.. 🌹🌹....ഒരു സീൻ ആയി തോന്നിയത് കാമറ ക്ക്  scratch വരുന്നതാണ്... Protector ഇട്ടപ്പോൾ ക്വാളിറ്റി കുറഞ്ഞോ എന്ന സംശയം ഉണ്ട്.. എന്തായാലും എനിക്ക് ഇഷ്ടായി.. Worth for Money.....Issue ആയി ഫേസ് ചെയ്തത് Finger Print &amp; Face Id ആണ് finger ചിലപ്പോൾ ഫിലിം ഒട്ടിച്ചത് കൊണ്ടാണ് ലാഗ് എന്ന് കരുതാം.. But ഫേസ് id യും കുറച്ച് ശോകം ആണ്.. അധികവും error ആണ് കാണിക്കുന്നത്. ..ബാക്കി എല്ലാം കൊണ്ടും അടിപൊളി ആണ് ഇത്... ബാക്കി ഉള്ളതിന്റെ ഇനി .അപ്ഡേഷൻ വരുമ്പോൾ ക്വാളിറ്റി കുറയാതിരുന്നാൽ മതിയായിരുന്നു..,Positive
Using S23 Ultra with 1 GB internal.. Completely satisfied...ഒരു രക്ഷയുമില്ല... കിടിലൻ..,Positive
"S23 എടുത്തു one month ആയി battery, camera overall performance good",Positive
370 OMR (75000 RS) ന് 1 day used S23U ലക്കിയടിച്ചു ❤ ... .iPhone 14 Plus മാറ്റി ഒരു S23 Plus എടുക്കാനുള്ള പ്ലാനിലായിരുന്നു .Anyway going ULTRA this time 🔥.A huge leap from 14 Plus,Positive
Watching in s23 ultra...not for ജാഡ Im a creator😍,Positive
"S23+ 512 gb എടുത്തു, from UAE. കിടു പെർഫോമൻസ്, അന്യായ ബാറ്ററി, അടിപൊളി കാമറ. എല്ലാ മാസവും first week update വന്നിരിക്കും. OneUI is love. Highly recommended for Android lovers.",Positive
S23 Ultra യില്‍ ഇത് കാണുന്ന ഞാന്‍..❤,Positive
ഉപയോഗിച്ചാൽ ഇതിലും ആരെയും വെല്ലില്ല സത്യം.പൊളി സാധനം s23ultra,Positive
എന്റെ മുത്തു s23ultra🥰,Positive
ആഗ്രഹം കൂടി കൂടി ഒടുവിൽ S23 ultra എടുത്ത് 😍,Positive
താൻ എന്തൊരു തള്ള് ആണെടോ.ഞാൻ ഐഫോണും14promax സാംസങ്s23ultra  ഉപയോഗിക്കുന്ന ആളാണ്.ക്യാമറയുടെ കാര്യത്തിൽ s23ultra തന്നെയാണ് better.There is a huge difference between these two...,Positive
<b><i>റിവ്യൂ ന് ശേഷം എടുത്തു ഒരണ്ണം... Proud Moment 😘</i></b>,Positive
Nice 👍 bro ❤️  എൻ്റെ ഫോൺ samsung Note 10 pls aanu ഞാൻ 2019 last aanu മെടിച്ചത്  . Epozhum ഒരു കുഴപ്പവുമില്ല . Nice 👍 very good condition. Battery capacity അമ്മൈസിങ് epozhum,Positive
S23 ഡ്രീം 🤤,Positive
iphone അത് വേറൊരൂ ലെവലാണ് . IPhone മായി compair ചെയ്യാൻ പറ്റിയ ഒരു ഫോണും ഇന്ന് ലോകത്തില്ല Guys,Positive
ലോകത്തെ ബെസ്റ്റ് ഫോൺ ആക്കിയാൽ.. S24 എങ്ങനെ അവർ ഇറക്കും.. എല്ലാ‍ഫോൺസും അപ്ഡേറ്റ് ചെയ്താണ് ഇറക്കുന്നെ..എല്ലാം തികച്ചിറങ്ങിയാൽ അപ്ഡേറ്റ് എങ്ങനെ നടക്കും അതുകൊണ്ട് നേരിയ കുഴപ്പങ്ങൾ ഒന്നും പറയണ്ട കാര്യം ഉണ്ടോ.. സാംസങ് ഡിസ്പ്ലേ &amp; ക്യാമറ.. വേറെ ലെവൽ ആണ്.. ഐഫോൺ ഒക്കെ മാറി നില്കും 😂..,Positive
ഞാൻ 22 ultra ആണ് use ചെയ്യുന്നത്...എനിക്ക് ഇതു വരെ ഒര heating issu feel ചെയ്തിട്ടില്ല....,Positive
"Note 8 എടുത്തിട്ട് 5 വർഷമായി ഉപയോഗിക്കുന്നു...upgrade ചെയ്യുവാണേൽ Samsung flagship phone വാങ്ങുകയുള്ളൂ...കാശ് ഉണ്ടായിട്ടല്ല,ആഗ്രഹം❤❤❤",Positive
S22 ആണ് power ....,Positive
S23 ultra യിൽ ഈ വീഡിയോ  കാണുന്ന ലെ ഞാൻ❤️😊,Positive
ട22 ultra വന്നപ്പോൾ അതായിരുന്നു രാജാവ്,Positive
ഞാനും എടുത്തു s 23 ultra. Pre orderil. നിങ്ങൾ പറഞ്ഞ പോലെ ആഗ്രഹം   അതാണ് എന്നെ എടുക്കാൻ പ്രേരിപ്പിച്ചത്. വേറെ ലെവൽ ഫോൺ. 😍. നിങ്ങളുടെ അവതരണം superb. Keep it up🌹,Positive
ചുരുക്കിപ്പറഞ്ഞാൽ s23 കിടുക്കി തിമിർത്തു കലക്കി..,Positive
@Hoja Raja 🤣 അത് ഇല്ല ബ്രോ കാരണം ആപ്പിൾ 15സീരീസ് വരുമ്പോൾ തന്ന കൊറേ futuristic സ്പെക് ആണ് കൊണ്ട് വരുന്നത്... ഇവൻ ബട്ടൻസ് പോലും പവർഫുൾ ഹാപ്റ്റിക് ബട്ടൻസ് ആണ് വരാൻ പോണത്,Positive
ഞാനും  വാങ്ങി  👍👍poli,Positive
വാങ്ങി s23 ultra❤️,Positive
@Shadaw.ഉറപ്പായും...ക്യാമറയെ ഇപ്പോ ഐ ഫോൺ വെല്ലാൻ വിയർക്കും 15 pro വരുമ്പോ എങ്ങനെ എന്നറിയില്ല,Positive
S23 ultra യിൽ  വീഡിയോ കാണുന്ന ഞാൻ🔥👌,Positive
ഞാൻ ഇന്ന് സാംസങ് ഷോറൂമിൽ പോയി കയ്യിൽ പിടിച്ചു നോക്കി. അത്ര വലിയ weight feel ചെയ്യുന്നില്ല. ഞാൻ ഇപ്പൊൾ use ചെയ്യുന്ന ഫോൺ നല്ല weight ആണ്. അത്കൊണ്ട് ആയിരിക്കാം S23 ultra weight തോന്നാത്തത്,Positive
@Hoja Raja ഞാൻ 14pro aan യൂസ് ചെയ്യുന്നത്. എന്റെ ഫ്രണ്ട് s23ultra ഉം യൂസ് ചെയ്യുന്നു. അവൻ പറയുന്നു. പേരിസ്കോപിക് ലെൻസ്‌ മാറ്റിവച്ചാൽ. അതിൽ പിന്ന വലിയ ഒരു ഇമ്പാക്ട് ഇല്ലന്നാണ്. ഇനി 15pro സീരീസ് ഇറങ്ങുമ്പോൾ. S23 ultra മാറ്റി അതെടുക്കും എന്നാണ് അവൻ പറഞ്ഞത്. സൊ അതിൽനിന്നും മനസിലാക്കാൻ പറ്റുന്നത്. ആപ്പിൾ logok വേണ്ടി അല്ല ഐഫോൺ എടുക്കുന്നത്. അതിൽ പലതും. ഇണ്ട് 👍🏻,Positive
എന്റെ dream ആണ് s23 ultra ഒരിക്കൽ സ്വന്തമാക്കും ഞാൻ 😎😍❤️🔥,Positive
s23 ultra 🔥എടുത്തു  ശരിക്കും സ്മാർട്ട്ഫോൺ രാജാവ് തന്നെ...എതിരാളികളില്ലാത്ത മുന്നേറ്റം,Positive
എന്റെ ഫ്രണ്ടിൻറ്റെൽ ഉണ്ട്..എനിക്കത്ര weight ഉള്ളതായിട് തോന്നിയില്ല....എന്റെ m51 ആണ്...അതിനേക്കാൾ എത്രയോ lite ആണ്...S23 ടെ സൈസ് വെച് നോകുമ്പോൾ..👍🏻,Positive
Samsung ആർക്കൊക്കെ Display കൊടുത്താലും കിടിലൻ Display 😍 Samsung ഫോണിൽ തന്നെ 😉✌️,Positive
അന്നും ഇന്നും ❤ S Series Use ചെയ്യുന്നു...2012 - S2 (16 GB).2014 - S4 (32 GB).2017 - S7 Edge (64 GB).2019 - S10 Plus (128 GB).2022 - S22 Ultra (256 GB).2023 - S23 Ultra (512 GB),Positive
ഞാൻ 15days ആയി use ചെയ്യുന്നു. അടിപൊളി,Positive
S22 ultra ൽ കാണുന്നവരുണ്ടോ 🔥🫴🔥,Positive
@mornig star ** 🤣🤣 കോമഡി പറയല്ലേ ഒരു വട്ടം ഉപയോഗിച്ച് നോക്ക് 14 പ്രൊ കൊടുത്തിട്ട ഇത് എടുത്തേ 🤣,Positive
Samsung -ന്റെ S SERIES വേറെ ലെവൽ സ്മാർട്ട്ഫോണുകൾ ആണ്⚡️⚡️⚡️.....ഞാൻ ഒരു ഐഫോൺ ഫാൻ ആണെങ്കിലും S SERIES പൊളിയാണെന്ന് പറയാതെ വയ്യ.....⚡️⚡️,Positive
Item പൊളിയെന്ന്പറഞ്ഞാ പൊളി തന്നെ..... കിടിലം 👍👍👍👌👌👌.പൊളിസാനം....👍👍 money ഇല്ല. ഉണ്ടായിരുന്നെങ്കിൽ എടുക്കാമായിരുന്നു.... 😓😓,Positive
ഫോണുകളിലെ രാജാവ് S22ultra,Positive
എന്തോ വല്ലാത്ത ഇഷ്ടമാണ് galaxy S series ഫോണുകളോട് 😘,Positive
എടുത്തു കഴിഞ്ഞു... ഒരാഴ്ച്ച ആയി....കിടിലൻ.Burgandy color കിട്ടിയില്ല... ബ്ലാക്ക് എടുത്തു,Positive
Epic അല്ല legendary 😄♥♥,Positive
Poli ഐറ്റം ⚡,Positive
13 pro യെ അടിച്ചു ഉറക്കും S22...അത്രയ്ക്ക് പൊളി ആയിട്ടുണ്ട്,Positive
Jayarajeatta നിങ്ങളെ പോലെ തന്നെ s22 ഉം പോളിയാണെല്ലോ,Positive
"s 22+  , s22 വേരിയൻ്റ്സ് മറ്റു ഫോണുകളേക്കാൾ മികച്ചത് തന്നെയാണ്",Positive
Samsung S10 5G യില്‍ നിന്ന് S22 ULTRA review കാണുന്നു 😇😍,Positive
Athe🔥🔥🔥അതെ അതെ 🔥🔥🔥🔥🔥പോര അതുക്കും മേലെ 🔥🔥🔥🔥🔥🔥 samsung എത്ര കുഴപ്പം ഉണ്ടായാലും കുറവ് ഉണ്ടായാലും..... My king always samsung,Positive
അതെ...🔥🔥🔥the king,Positive
അടിപൊളി ഫോൺ ❤️❤️.ഒരു കുറവും ഇല്ല.പക്ഷെ നമ്മുടെ കയ്യിൽ പൈസ കുറവുണ്ട് 😄,Positive
Samsung display 🔥പോളിയാണ് ക്യാമറ 🔥,Positive
Samsung ന്റെ ഗുണം കുറച്ചു കഴിഞ്ഞാൽ അതിന്റെ price കുറയും എന്നതാണ് 😍,Positive
"ഇതു മാത്രമാണ് ഫുള്ളി ലോഡഡ്.മറ്റു രണ്ട് വേരിയൻ്റുകളും ഒരു 40 ,50 റേഞ്ചിൽ ഒക്കെ കിട്ടുന്ന ഫോണുകളുടെ സ്പെക് മാത്രമേ ഉള്ളൂ",Positive
ഇത് എന്റെ s22 ultra യിൽ കാണുന്ന ഞാൻ ❤️❤️,Positive
എല്ലാം തികഞ്ഞവൻ samasung S22 Ultra ❤️👌🔥,Positive
"നിങ്ങളുടെ excitement ആ ഒരു കാത്തിരിപ്പ് 🥰 ഇനി റിട്ടേൺ ഒന്നും ഇല്ല ഒരു വർഷത്തേക്ക് ജയരാജ്‌ ഏട്ടൻ ഉപയോഗിക്കാൻ ഉള്ളത് ആയി. 😁🥰.Phone man 🥲 ഭാവിയിൽ എടുക്കാൻ ആഗ്രഹിക്കുന്ന സാധനം, സാധിക്കട്ടെ ❤️💥😊",Positive
Appleന്റെ  ഒരേഒരു എതിരാളി 🔥,Positive
അന്നും ഇന്നും എന്നും.....🔥🔥🔥🔥🔥🔥🔥..എനിക്ക് ഒരേ ഒരു king മാത്രം 🔥🔥🔥🔥🔥🔥..Yes it&#39;s smng 🔥🔥🔥🔥🔥...തോത്താലും ജയച്ചാലും..... മീശയെ മുറുക്ക്..I love സാംസങ് since their keypad phone&#39;s 🔥🔥🔥🔥,Positive
Samsung Galaxy S22Ultra ഒരു രക്ഷയും ഇല്ല superതന്നെ എല്ലാം കൊണ്ടുംതി കന്ന അടിഫോൺ എന്നാണ് എനിക്ക് പോലും പറയാൻ പറ്റുന്നില്ല എതായാലും Super,Positive
തട്ട് പൊളിപ്പൻ iteam 💥🔥💯,Positive
Samsung അതൊരു വികാരം ആണ് 😍,Positive
എന്റെ പൊന്നേ.... എന്താ പറയേണ്ടതെന്ന് അറിയത്തില്ല   😀😍 🥰 ഈ ഫോണിനെ കുറിച്ച്  ഞാൻ പ്രത്യേകിച്ച് ഒരു അഭിപ്രായം പറയണ്ട കാര്യമില്ല.  കാരണം മമ്മുട്ടി മലയാള സിനിമയുടെ താരരാജാവാണെന്നും.   ജയരാജേട്ടൻ മലയാളത്തിലെ ഏറ്റവും മികച്ച tech youtuber ആണെന്നും ഞാൻ പറയുന്ന പോലെയിരിക്കും അത്.    പിന്നെ വില.  അത് സ്മാർട്ട് ഫോണുകളുടെ രാജാവ്  വരുമ്പോൾ വിലയും രാജകീയമാകണമല്ലോ 👌👌👌👌👌👌👌👌👌👌👌👌👌👌👌💯💯💯💯💯✅✅✅✅✅✅❤❤❤❤❤❤❤🥰🥰🥰🥰🥰😍😍😍😍😍😊,Positive
ഇതെല്ലാം ഇരുന്നു കേൾക്കും എന്നിട്ട് ലാസ്റ്റ് iphone പോയി എടുക്കും 💯😂😁,Positive
Yes... Oru കുഴപ്പവുമില്ല...25w il charge കയറും,Positive
ഞാൻ ഒരു പാവം I phone users 😅 .Apple ഇഷ്ടം 15 year കഴിഞ്ഞു 😅,Positive
Bro എനിക്ക് samsung ആണ് ഇഷ്ടം,Positive
Bro video കണ്ട് iphone 14 മാറ്റി S23 എടുത്തു...  💯 യോജിക്കുന്നു... Battery പക്ക 1 ദിവസം... I phone ഇഷ്ട്ടം അയില്ല... കര്യങ്ങൾ ഒന്നും നടക്കുന്നില്ല. So Android ആണ് നമ്മക്ക് പറ്റൂ,Positive
@Vishnu Dath njan ഇത് ഒരു 63.5k എടുത്തത് ആണ്. Iphone വാങ്ങാന്‍ എന്തോ എനിക്ക് thonneellaa.. Pinne heating എന്ന് parayaan reethyil illaa tto... Warm aanu.. Camera use cheyyuvanel especially nattuchakku I mean ചൂട് ulla weather il എടുത്താൽ heat aakum.. Heat എന്ന് തന്നെ പറയാം നോട്ട് warm. ഇന്ന്‌ ആണ് ഞാൻ Pubg ultra HD ultra smooth il kalichu. Appo njan surprise ayai kaaranam heat undaarnnilla. Pothuve pubg കളിക്കുമ്പോഴും നല്ല ഹീറ്റ് aakaar ഉണ്ട് Devices. But I felt only warm not like heat. Pinne aaa side armour aluminum aayond cheriya chood vare nalla ചൂട് aayi thonnum.. But body saada pole. പിന്നെ noice ചെയതത് വളരെ പെട്ടെന്ന് cool aakum tto device. Ram management also kidu. If u r buying then plis turn off the extra ram or swap memory.,Positive
I am a die hard samsung phone lover.. 🎉🎉🎉 സാംസങ് ഉപയോഗിക്കുന്നത് ഒരു സൊഗവാ ♥️.,Positive
S23 portrait photography.... വിഷയം athum Outdoor😍,Positive
"ചുരുക്കി പറഞ്ഞാൽ iPhone ൻ്റെ വിലയും S series ൻ്റെ വിലയും same. S23 വാങ്ങുന്ന പൈസ ഉണ്ടേൽ iPhone 14 വാങ്ങാം. അല്ലെ? അപ്പൊ apple phones ഇനി overpriced ആണെന്ന് പറയാൻ പറ്റൂല. നന്നായി. പൈസയുടെ ഷോ ഓഫ് എന്ന് പറയുന്നത് ശാസനം നിർത്തും എന്ന് പ്രതീക്ഷിക്കട്ടെ. ..S23 feels impressive though. My iPhone 14 feels like a brick compared to S23, S23 fits perfectly in hand. .ബാക്കി ഒക്കെ ഒരു meh ...😛",Positive
S23 യൂസ് ചെയ്യുന്നത് കൊണ്ടാവും... ഒരു സന്തോഷം ❤ S23💥🔥❣️,Positive
ഇക്കാന്റെ വീഡിയോ കണ്ടു ഞാനും ഒരെണ്ണം എടുത്തു s23.സംഭവം അടിപൊളിയാണ്. ഞാനെടുത്തത് പെരിന്തൽമണ്ണ image il നിന്നാണ് എനിക്ക് അഡാപ്റ്ററും ഫ്രീയായി കിട്ടി കൂടാതെ സ്പീക്കറു എയർപോർട്ടും kitti 🔥 shazkka 🔥🔥🔥,Positive
എന്റെ സ്വന്തം s23❤❤❤❤,Positive
ഞാനും ഒന്ന് 😮കണ്ണ് തള്ളിപ്പോയി s22 ആണോ s23 ആണോ എന്ന് സംശയിച്ചു പിന്നെ comment box നോക്കിയപ്പോൾ മനസ്സിലായി machanu thettiyathannennu.....എന്തായാലും super....ഞാൻ ഇന്ന് വരെ Samsung മാത്രമേ ഉപയോഗിച്ചിട്ടുള്ള ഇനിയും അത് മാത്രമേ upayogikku.....എന്റെ first android phone was Samsung Pocket....അന്ന് തൊട്ട് തുടങ്ങിയ യാത്ര ഇന്ന് s23 വരെ വന്ന് നല്‍കുന്നു...Samsung ഒരേ ഒരു രാജാവ്‌ ❤❤❤❤❤,Positive
ഇന്ത്യയിൽ നിന്നും 1200cr s23 സീരീസ് ❤,Positive
S²3❤️ഇഷ്ടം,Positive
Highly സ്റ്റാൻഡേർഡ് ഫോൺ ❤☸️,Positive
s22 ultra യിൽ നിന്നും s23ultra അകത്തേക്ക് നല്ല മാറ്റം ഉണ്ട്..രൂപത്തിൽ ഒരേപോലെ തോന്നിയാലും ഭാവത്തിൽ ഇല്ല... ഞാൻ മാറ്റിയതാണ്,Positive
"@Meoify എന്തിനാണ്  ചിരിക്കുന്നത്? One UI ക്കു എന്ത് പ്രശ്നമാണുള്ളത്? It&#39;s the best. അല്ലെങ്കിൽ Android ൽ അതിനേക്കാൾ നല്ല ഒരു OS പറ. Android മാത്രമല്ല, it&#39;s even better than iOS in many aspects.",Positive
S20fe എടുക്കാൻ പോയ ഞാൻ 21fe എടുത്തു....perfect size❤,Positive
ആരൊക്കെ വന്നാലും ഞങ്ങടെ samsung s9 plus ne വെല്ലാൻ ഒരുത്തനും ഇല്ല 😍വലുപ്പം കുറഞ്ഞാലും performance mukhyam ബിഗിലെ 😂😂ചെറിയ engine വെച്ച് bhp കുട്ടിയ വണ്ടി വേറെ ലെവൽ ആണ് bhp മുഖ്യം ബിഗിലെ 😂😂,Positive
രണ്ടുമാസത്തോളമായി ഉപയോഗിക്കുന്നു... s22 ultra ചുമന്നുനടന്ന എനിക്ക് ഈ കുഞ്ഞൻ വലിയ ഒരു ആശ്വാസമാണ്... 23 ultra എടുക്കാഞ്ഞത് വലിപ്പം കൂടിയതുകൊണ്ട് മാത്രമാണ്..  വാല്യൂഫോർമണിയാണോ എന്നറിയില്ല... ഓഫർ അടക്കം 70kക്കാണ് ഞാൻ വാങ്ങിയത്.. എനിക്കിഷ്ടമായി ഈ കുഞ്ഞനെ... അന്നും ഇന്നും എന്നും ഒരു സാംസങ്ങ് സ്നേഹി..❤️❤️❤️,Positive
max  phone  പിടിക്കരുത് എന്ന് doctor പറഞ്ഞു ...😂ഇപ്പോൾ ഞാനും ചെറുതാക്കി ..നല്ല സുഖം ഇപ്പോൾ ...✌,Positive
നല്ല cute look s23😍,Positive
"ഇല്ല bro, .ഞാന്‍ realme സി 55 ഉപയോഗിക്കുന്ന രണ്ട് update വന്ന് ഇപ്പോള്‍ തന്നെ, യാതൊരു പ്രശ്നവും ഇല്ല super,",Positive
Android നേക്കാൾ ഐഫോൺ നോക്കാൻ ഉള്ള എൻ്റെ ഏറ്റവും വലിയ factor compact size ആണ്.,Positive
വന്ന ഉടനെ s23 yeduthu. നല്ല ഉഗ്രന്‍ ഫോൺ.  UI ഇത്ര customisable ആണെങ്കില്‍ കൂടെ ഒട്ടും lag ഇല്ലെന്ന് parayam.  ക്യാമറ ee levelil അടിപൊളി ആണ്....പിന്നെ main സംഭവം ethintae ബാറ്ററി kudae ആണ്.  Will last close to 2 days on minimal usage.  I managed to get upto 1 day 18 hours on moderate usage. ഒരുവിധം game ഒക്കേ kalikuvanenkil കുടെ 6 hours SOT കിട്ടും.,Positive
"ഞാൻ വാങ്ങി, പ്രോയേക്കാളും മികച്ചത് 2nd തന്നെ , ശ്രദ്ധിക്കേണ്ടത് Buds നമ്മുടെ ചെവിക്ക് കറക്ട് സൈസ് വെച്ചാൽ ശരിക്കും ചെവിയിൽ ഉണ്ടെന്നുപോലും തോന്നില്ല",Positive
First Genaration ഇൽ നിന്ന് pwli ആയിട്ട് sound quality മാറിയിട്ടുണ്ട് 💥😍👌,Positive
"പൊളിയാണ്, airtag പോലെ കൃത്യമായി കണ്ടുപിടിക്കാനും പറ്റുന്നുണ്ട്",Positive
One year aayitt use ചെയ്യുന്നു ✌️. Airpod pro 2 gen. അടിപൊളി ആണ്. Waranty കയ്യാൻ 1 month ഉണ്ടായിരുന്നു. Mic നു ചെറിയൊരു blurry or voice cutting. .dubai mal poyi സംഭവം മാറ്റി തന്നു. .ആപ്പിൾ ❤,Positive
കിടു സാധനം ഒരു രെക്ഷയുമില്ല broo❤❤❤,Positive
"ഞാൻ ഒരുവർഷമായി nothing ear pod ഉപയോഗിച്ചുവരുകയാണ് apple pod കുറച്ചുകൂടെ നല്ലതായി തോന്നി 16,999 ₹ ok ആണ്",Positive
എനിക്ക് ഇക്ക birthday ഗിഫ്റ്റ് തന്നയ.i phone Air pord i phone smart vatch ❤️❤️രണ്ടും അടിപൊളിയാണ് 🔥🔥🔥🔥,Positive
"Best ANC വേണ്ടവർ വാങ്ങിക്കുക. for best bass go for sony, jabra",Positive
2 വർഷമായി AirPod 2 ഉപയോഗിക്കുന്നു . നരി സാധനം ആണ് airpod 2 👍👆,Positive
ഞാൻ Use ചെയ്യുന്നത് Airpods 2 ആണ് അത് തന്നെ തി പൊരി സാധനം ആണ്🥵 അപ്പോൾ ഇതിന്റെ കാര്യം പറയേണ്ടേ ഇല്ലാലോ🔥,Positive
Jabra elite 85t ഉപയോഗിക്കുന്നു .... Satisfied ❤️,Positive
5 മാസമായി huawei freebuds 4i use ചെയ്യുന്നു നല്ല പെര്‍ഫോമന്‍സ് ആണ്,Positive
ഒരു പക്ഷേ ബ്രോ പറഞ്ഞു വച്ചു നോക്കീട്ട് worthy ആണ് pinne nammude kayyil onnum😄i phone onnum illa vaanguvanel airpods pro nokkaayirunnu aa music ne kurich paranjappo thanne ok aayi pinne calling cheyyumbol kelkkunnath pakka👍👍,Positive
7 മാസമായി ഉപയോഗിക്കുന്നു. അടിപൊളി ഐറ്റം. SPATIAL AUDIO ഒരുപാട് ഇഷ്ടമായി,Positive
"ചുരുക്കി പറഞ്ഞാൻ real ANC twsൽ അറിയണമെങ്കിൽ ഇത് വാങ്ങണം അല്ലേ...,",Positive
2k വാങ്ങിയ ന്റെ earpod ഇപ്പോളും ഒരു കുഴപ്പവും 1yr ആയി ... 😜😜😜,Positive
ഇത്രെയും പൈസ കൊടുത്തു വാങ്ങിയപ്പോ ആദ്യം ചിന്തിച്ചിരുന്നു worth ആണോ എന്ന്..8 month ആയി use ചെയ്യുന്നു No complaints .battery 🔥.Connectivity 🔥.All over 🔥.പിന്നെ ഇത് i phone ന്റെ കൂടെ use ചെയ്യുക Apple music ഉം കൂടെ ആണേൽ 🔥,Positive
Mic Quality pwli🔥🔥... നല്ല loud &amp,Positive
ബാറ്ററി ബാക്കപ്പ് മാറ്റം ഉണ്ട് brooii .നിങൾ പറഞ്ഞത് ഓരോ podsnte backup ആണ് . ഒരുതവണ ഫുൾ ചാർജ് ചെയ്താൽ 2day സിംപിൾ ആയി പോവും,Positive
100% Agreed ചുറ്റുമുള്ളതൊന്നും കേൾക്കാൻ പറ്റൂല്ല 💥💥,Positive
ഞാൻ ഇത് വാങ്ങിയതിന് നെഗറ്റീവ് അടിച്ചവർ ഉണ്ട്.. but till now its the best for iphone 😘,Positive
Airpods 3 വച്ചു review കേൾക്കുന്ന ഞാൻ 🥰❣️🤭,Positive
AirPod pro വേറെ ലെവൽ സാദനം ആണ് മോനെ 😍😍 ഉപയോഗിച്ച് തന്നെ അറിയണം 👍,Positive
Samsung Ear Buds 2....6.5k ക് കിട്ടും.....സൂപ്പർ ആണ്...light weight👌👌,Positive
TWS ൽ 24bit audio support കൊണ്ട് വന്നാൽ പിന്നെ price കൂടൂല്ലേ...??.LDAC ഒക്കെ എത്ര expensive technology ആണ് .എന്തോന്നെടെയ്??ഇപ്പോൾ ഉള്ളതിൽ ഏറ്റവും cheap Hires supported TWS ആണ് ഇത്,Positive
ഇന്നലെ കയ്യിൽ കിട്ടി.. its something🔥🔥,Positive
6000 രൂപക്ക് its worth it,Positive
Nothing കലക്കി...അടിപൊളി...😍💯❤️,Positive
പേര് പോലെ തന്നെ nothing ആയിരിക്കും എന്നാണ് ഞാൻ ആദ്യം കരുതിയത്. പക്ഷേ nothing is something that will become everything 😁🔥,Positive
ഈ nothing വന്നതേ ചുമ്മാ അങ് പോവാനല്ല,Positive
ഡിസൈൻ super,Positive
Nothing Ear 1 പൊളി ❤ ഡിസൈൻ അപാരം ✌️✌️,Positive
"<a href=""https://www.youtube.com/watch?v=vndsOB-ck4o&amp;t=5m19s"">5:19</a> maybe product ൻ്റെ ആവും. എനിക്ക് latency പ്രശനം ഇല്ല. Instagram ഒക്കെ പക്ക ആയിട്ട് reels കാണാൻ പറ്റുന്നുണ്ട്. Even game കളിക്കുമ്പോൾ പോലും latency feel ചെയ്തിട്ടില്ല. Apex legends ഒരു lag ഉം ഇല്ലാതെ work ആവുന്നുണ്ട്. Shaz അണ്ണന് കിട്ടിയ product nte ആവും അത്...എടുക്കാൻ പോകുന്നവരോട് -.ചാർജ് ഇറങ്ങുന്നുണ്ട്..Case വലുതാണ്..Calling സൂപ്പർ നല്ല clear aayi കേൾക്കാം.",Positive
എന്റെ മോനെ ആപ്പിൾ nu തൊട്ടു താഴെ നിക്കും ഇവൻ വേറെ ഒരുത്തനും ഇല്ല...❤ ഡൌട്ട് ഉള്ളവർക്ക് നോക്കാം anc ഒകെ വേറെ റേഞ്ച് ആണ് ❤,Positive
"Harman company owned of samsung under akg, jbl buds❤️❤️❤️❤️ സാംസങ് എന്ന സുമ്മാവാ ❤😮",Positive
ഇങ്ങനെ ഒരു ഐറ്റം ഞാൻ വാങ്ങിയത് പാട്ടു കേൾക്കാൻ അല്ല..ബൈക്കിൽ പോകുമ്പോ cal എടുക്കാൻ വേണ്ടി ചെവിക്കുള്ളിൽ ആരും അറിയാതെ ഇരുന്നോളും ഹെൽമറ്റിന്റെ ഉള്ളിൽ സേഫ് ആണ്..അതും രണ്ട് വർഷം മുൻപ് ഇപ്പോളും റണ്ണിംഗ്.. @₹2500😍😍😍,Positive
Buds live 6 months ആയി യൂസ് ചെയ്യുന്നു... superb...,Positive
Man call quality പക്ക ആണ് ബ്രോ വേറെ ആരെയെങ്കിലും വിളിച്ച് നോക് പോളി ആണ്... സൗണ്ട് quality vere level im using this buds2 pro for 6 months vere level sadanam❤,Positive
@Good Vibes yes... പക്കാ സാനം... മൈക് ഒക്കെ buds 2 pro നേക്കാൾ better ആണ്... Overall super സാനം... പക്ഷെ samsung mobile connect ചെയ്തു ഉപയോഗിച്ചാലെ പക്കാ അവോളു 🔥,Positive
സാംസങ്... Always ❤❤❤ മൈ,Positive
Samsung Buds 2 തന്നെ വേറെ Mood അപ്പോ Buds 2 pro yoo🔈🎶💥,Positive
എടൊ മനുഷ്യ ഞാൻ വീണ്ടും ചോദിക്കുന്നു Sonyയുടെ ഇയർബഡ് റിവ്യൂ എന്നിടും,Positive
എന്ത് ചോദ്യം bro go for it💥,Positive
s23 ultra വെച്ച് കേട്ടു നോക്കു ബ്രോ..അപ്പോ അറിയാം samsung റേഞ്ച്.. optimize ചെയ്തു വെച്ചിട്ടുണ്ട്..,Positive
Using one month.പോളി സാധനം buds 2 pro mat finish great,Positive
ഞാനും വാങ്ങി defy 👍🏻,Positive
Redmi airdots 2c ഇൽ ഈ വീഡിയോ കാണുന്ന ഞാൻ ❤,Positive
"Hi friends,ഞാൻ ഉപയോഗിക്കുന്നത് taotronic liberty 79 ആണ്. നല്ല clear call quality ഉണ്ട്. പിന്നെ നല്ല battery backup,build quality ഉണ്ട്. കറക്റ്റ് ആയി ചെവിയിലിരിക്കും. വ്യായാമം ചെയ്യുമ്പോൾ ഉപയോഗിക്കാം. ഞാൻ uae ൽ നിന്നാണ് ഓർഡർ ചെയ്തത്.എനിക്ക് ആമസോണിൽ 140 dhm ആണ് ആയത്.ഈ കാശിനു ഇതിലും നല്ല ഒരു product എന്റെ അന്വേഷണത്തിൽ കിട്ടിയില്ല",Positive
Boom effect കിട്ടില്ല എന്ന് പറഞ്ഞത് ശെരി ആയില്ല.. ആപ്പിൾ air pods നോട് കിട പിടിക്കുന്ന രീതിയിൽ ഉള്ള ഒരു boom എഫ്ഫക്റ്റാണ് ഇതിനുള്ളത്... any way a good product....,Positive
UAE ൽ 60 dhs നു കിട്ടും... around 1100 rs... Using it for last 2 mnths.. so far so good,Positive
"ഞാൻ യൂസ് ചെയ്യുന്നുണ്ട് 1 month . ബാറ്ററി ലൈഫ് കൊള്ളാം ഓവർ ഓൾ വർത് ആണ്,, ഞാനും വാഗിയത് bangood nu ആണ്,,,, ഡെലിവറി 19 days എടുത്തു ,അത് ഇന്ത്യൻ കസ്റ്റംസ് clearance kanaranam ആയിരുന്നു...",Positive
@Akhil beats okke style കാണിക്കാൻ കൊണ്ട് നടക്കാം അളിയാ. Sennheiser nte ചെറിയ സാധനം കേട്ടിട്ട് വിലയിരുത്തലും. HD 800S എന്ന മോഡൽ ഉണ്ട്. അല്ലെങ്കിൽ HE 1 എന്ന് ടൈപ്പ് ചെയ്ത് നോക്ക്. APPOL മനസ്സിലാകും beats എവിടെ കിടക്കുവനെന്ന്😂.എന്തുകൊണ്ട് റെക്കോർഡിംഗ് സ്റ്റുഡിയോയിൽ ഒന്നും beats use ചെയ്യുന്നില്ല. ഏതേലും സ്റ്റേജ് പ്രോഗ്രാം ഒക്കെ കാണുമ്പോൾ അവർ use ചെയ്യുന്ന headphone and mic ഇതൊക്കെ ഒന്ന് watch ചെയ്യണം. DSD format അല്ലെങ്കിൽ MQA file okke use ചെയ്യുന്ന ആളാണെങ്കിൽ Sennheiser എന്താണെന്ന് മനസ്സിലാകും. Soundstage എന്ന ഒരു സാധനം ഉണ്ട് അളിയാ അതില് Sennheiser നോട് പിടിച്ചു നിൽക്കാൻ beatsnu ഒരിക്കലും പറ്റില്ല. കൊച്ചിയിൽ headphone zone nte show varum appol poyi enta അളിയന് headphone എന്താണെന്ന് manasilakkam 😂😂😂,Positive
Sennheiser hd 350 ഒന്ന് ഉപയോഗിച്ച് നോക്ക്,Positive
Over the head പൊളിച്ചു,Positive
The best one jbl bluetooth speker JBL PARTBOX 110 കിടിലൻ ഐറ്റം 🔥🔥🔥,Positive
"@Jamsheer M മാരകമൊന്നുമല്ല, but decent ആണ്",Positive
Boat basshead 242 wired head set vangi എന്തോ ഒരു സുഖക്കുറവ്.. Athinu ശേഷം realme buds 2 neo wired head set and realme buds 2 neo neckband vangi.. ഇപ്പോഴും ഉപയോഗിക്കുന്നു നല്ല voice clarity... സൂപ്പർ bass..,Positive
കൊടുക്കുന്ന പൈസക്ക് നല്ല boat products kittum... 3k ആപ്പിൾ എയർപോഡ്‌സ് തര നിനക്ക് 😆,Positive
"Boat is amazing ,budget item .ഞാൻ മേടിച്ചതിൽ ഇത്രയും ലൈഫ് നിൽക്കുകയും ,ഇപ്പോളും യൂസ് വതെയ്യുകയും ചെയ്യുന്ന ഒരെ ഒരു നെക്ക് ബാൻഡ് ഈ കമ്പനി യുടെ ആൻ",Positive
2018 ൽ ബോട്ടിന്റെ Rockerz 600 😍 മേടിച്ചിരുന്നു.. അന്ന് അതിന് 2000₹ ആയിരുന്നു flip കാർട്ടിൽ ...pubg ഒക്കെ കളിക്കുന്ന ടൈമിൽ നൂറുമിറ്റർ അപ്പുറത്ത് കൂടി പോകുന്ന എനിമിടെ ഒച്ച വരെ കേൾക്കായിരുന്നു😄.. ഒരു പൊളിസാനം...ഇപ്പൊ അതിനെ അവിടെങ്ങും കാണുന്നു പോലുമില്ല...,Positive
ഞാൻ ഓർഡർ ചെയ്ത് .... 😁 ഫോൺ oneplus ആണ്... അതോണ്ടും കൂടെ ആണ്.... പിന്നെ ഈ വീഡിയോ കണ്ട് satisfying ആയി തോന്നി....,Positive
Got 14th May... .സൗണ്ട്‌ പൊളിയാണ്... ബേസ്സ് 🔥.calling indoor അടിപൊളിയാണ്... outdoor normaly ok.. പക്ഷേ അത്യാവശ്യം crowded ആണെങ്കിൽ calling issues ഉണ്ട്...Overall design...battery backup...sound... comfort... ഈ Price ന് worth ആണ്...,Positive
realme buds air 3 next level ആണ് bro i am using it..Message കണ്ടിട്ടുണ്ടാകിൽ replay തരുമോ,Positive
"ആരൊക്കെ വന്നാലും പോയാലും സോണി യുടെ തട്ട് താനെ ഇരിക്കും..😂 അവരുടെ പുതിയ sony wf-1000xm5 price 25,000 ആണ്",Positive
1500 രൂപയുടെ enco buds 2 തന്നെ അടിപൊളി ക്വാളിറ്റി ആയിരുന്നു .,Positive
നല്ല product ആണ്. ഞാൻ use ചെയ്യുന്നുണ്ട്,Positive
"Oppo യുടെ ENCO BUDS എന്ന ഒരു മൊതലുണ്ട് Super ആണ്, 1500 രുപയേ ഉള്ളു കിഡു ഐറ്റം ആണ്, ANC ഇല്ലന്നേ ഉള്ളു, ear ഐസുലേഷൻ ഉണ്ട് 🎉🎉🎉",Positive
Oppo മൊബൈൽ ഫോൺ നിർമ്മിക്കുന്നതിന് മുമ്പ് ഒരു ഓഡിയോ കമ്പനിയായിരുന്നു അതുകൊണ്ടുതന്നെ ഓപ്പോയുടെ ഹെഡ്സെറ്റുകൾ മികച്ച നിലവാരം പുലർത്തുന്നതാണ് കൂടാതെ വൺപ്ലസ് റിയൽ മീ തുടങ്ങിയ കമ്പനികളുടെ ചില audio പ്രോഡക്ടുകൾ ഡിസൈൻ ചെയ്യുന്നതും oppo ആണ്.oppo,Positive
"നോയ്‌സ് cancellation ന് ഏറ്റവും best jbl ആണ് 👌🏻, ഇജ്ജാതി ഐറ്റം",Positive
ഇതിന്റെ oppo enco air 2 entelu und 🔥❤️,Positive
Motorola പണ്ട് ഉപയോഗിച്ച ഞൻ എന്തോരു സൗണ്ട് ക്വാളിറ്റി airnnu,Positive
ലോകത്തിൽ ആദ്യമായി കാറിൽ stereo കൊണ്ട് വന്നതും Motorola ❤ my phone moto g31,Positive
"I woo Neo 7 pro ഞാൻ യൂസ് ചെയ്യുന്നുണ്ട് ബ്രോ ഗെയിമിംഗ്, ചാ ർജിങ് അടിപൊളി ആണ്",Positive
ഇപ്പഴും എന്റെ samsung 9+ പുലി ആണ്,Positive
Edge-30 യിൽ video കാണുന്ന ഞാൻ 😍,Positive
Njan use ചെയ്യുന്നു 2 weeks ആയി കൊള്ളാം കയ്യിൽ ഇരിക്കുമ്പോ തന്നെ ഒരു feel 🥰,Positive
Moto sir പൊളിച്ചു 😝😝,Positive
S21 FE 5G 30000nu flipkartil sale ചെയ്യുന്നുണ്ട്. . Debit card payment ചെയ്തലാണ് ഈ ഓഫറിൽ കിട്ടാത്തൊള്ളൂ. .ഏത് ബാങ്കിന്റേം കാർഡ് യൂസ് ചെയ്താലും 2000 ര് ഓഫ്‌ കിട്ടും. .വേം പോയി വെടിച്ചോളീം മക്കളെ 🤌🤜🔥🔥🔥,Positive
@SUJITH. KVപെർഫോമൻസ് കിടിലൻ ആണ് പ്രോസസ്സർ snapdragon 778 G plus ആണ്. അതോണ്ട് വർക്കിംഗ്‌ ഒരു രക്ഷയും ഇല്ല 🔥.പിന്നെ ഫുൾ ചാർജിൽ രാവിലെ എടുത്ത് ഫുൾടൈം നെറ്റ് ഓണാക്കി ആണ് ഞാൻ ഫോൺ വെക്കാറ്. അത്യാവശ്യം നല്ല യൂസിങ്ങും ആണ് എന്നാലും രാത്രി വീട്ടിൽ എത്തുബോ 20%-30% ചാർജ് ഉണ്ടാവാറുണ്ട് .പിന്നെ ക്യാമറ വർക്കിംഗ്‌ അത്ര പോരാ 50mp ഒക്കെണ്ട് അതോണ്ട് ഏതേലും സോഫ്റ്റ്‌വെയർ അപ്ഡേറ്റേഷനിൽ ശെരിയാവും വിചാരിക്കുന്നു. പിന്നെ ക്യാമറ അധികം ഉപയോഗിക്കത്തൊണ്ട് നിക്ക് അത് വല്ല്യ സീനായി തോന്നില്ല.,Positive
ബാറ്ററി ബാക്കപ് എങ്ങനെ ഉണ്ട് .. sot എത്ര കിട്ടും,Positive
പോടെ 🤣moto is now king🔥🔥🔥,Positive
എനിക്ക് എന്റെ Moto edge 30ക്ക് കഴിഞ്ഞ മാസം ആണ് android 13 അപ്ഡേറ്റ് വന്നത്. ആ ഒരു പ്രശ്നം മാത്രേള്ളൂ..പെർഫോമൻസ് ഒക്കെ 🔥🔥🔥,Positive
Poco F5 Pro എടുത്തു....Nice phone ❤️,Positive
GAME ആണ് ഉദ്ദേശം എങ്കിൽ VIVO V 27 PRO എടുക്കാം👌 IQ NEO 7 SAME PROSSESER 38k ആവും But കിണ്ണം കാച്ചി ഫോൺ 👍 2 Month ആയി Use ചെയ്യുന്നു elaaam kondum poli phone 👍,Positive
ഞാൻ ഒരു വർഷം ആവാറായി .EDGE 30 ഉപയോഗിക്കാൻ തുടങ്ങിയിട്ട്.ഒരു ലാലും ഇല്ല സൂപ്പർ.ബാറ്ററി ബാക്കപ്പ് ഒഴിച്ച്,Positive
Ip68 and curved display. Stereo speaker 144 refresh..Wireless charging. അടിപൊളി ഫോൺ,Positive
ചാര്‍ജ്ജര്‍ ബോക്സിന്റെ ഉള്ളില്‍ വെച്ചിട്ട് ഉള്ള ആ ഒരു പ്രകൃതി സ്നേഹം...ഈ ലോകത്തിന് തന്നെ മാതൃകയാണ് മോട്ടോ ♥😍😁,Positive
ഞാൻ ഇത് 3 വർഷമായി ഉപയോഗിക്കുന്നു...2 ദിവസം ചാർജ് നിൽക്കും.... ഇപ്പോൾ s23 എടുത്തു പക്ഷെ m31 കൊടുത്തിട്ടില്ല.... ബാറ്ററി ബേക്കപ്പ് ആണ് കാരണം....ബാക്കി എല്ലാം കൊണ്ടും ആവറേജ് ക്വാളിറ്റി ഫോൺ (ബാക്കി സാംസങ് ഫോൺ കംപൈർ ചെയ്യുമ്പോൾ ),Positive
Samsung നോട് ഉള്ള വിശ്വാസം ഇവനിലും സന്തോഷകരമായി തുടരുന്നു.ക്യാമറ ok ⚡️,Positive
പണ്ട് വീഡിയോ കണ്ട് 2 മാസം മുൻപ് samsung M31 വാങ്ങി ❤️,Positive
താങ്കളുടെ റിവ്യൂ കണ്ടിട്ടാണ്.ഞാൻ സാംസങ് ഗ്യാലക്സി M31 വാങ്ങിയത്..നല്ല ഫോണാണ്. പറയത്തക്ക യാതൊരു ഇഷ്യൂസും ഇല്ല..ഓവറോൾ മികച്ച പെർഫോമൻസ്..വിലയും ഡീസന്റ് ആണ്.,Positive
സാംസങ് എനിക്കിഷ്ടം ആണ് brand പിന്നെ ഇതിൽ കാണുന്ന പോലെ വേറെ ഒരു ഫോണിലും ഇല്ല പക്കാ വീഡീയോ എല്ലാം,Positive
@PrathapGTech എനിക്ക് sumsung m31 ആണ് ഇഷ്ടം അത് അടിപൊളി അല്ലെ machane,Positive
Infinix നല്ല മൊബൈൽ ആണ്,Positive
Infinix GT pro യിൽ തന്നെ ഇ വിഡിയോ കാണുന്ന ഞാൻ 😜 പൊളി ആണ് കേട്ടോ,Positive
"@Steve sunny ഇതുവരെ യാതൊരു വിധ പ്രശ്നങ്ങളും എൻെറ അനുഭവത്തിൽ ഇല്ല... സത്യം പറഞ്ഞാൽ ഒരുപാട് തവണ കയ്യിൽ നിന്നും താഴെ വീണിട്ടുണ്ട് എണ്ണം എത്രയെന്ന് പോലും അറിയില്ല.. ഇപ്പോഴും ഫോൺ സ്മൂത്തായി വർക്ക് ചെയ്യുന്നു ചാർജ് നിൽക്കുന്നുണ്ട് ഡിസ്പ്ലേ നന്നായിരിക്കുന്നു, ഇതിന് മുമ്പ് ഞാൻ സാംസങ്ങ് M30s ആണ് ഉപയോഗിച്ചിരുന്നത് അതിലേറെ ഇഷ്ടപ്പെട്ടു ഈ Infinix note 10 pro.. നല്ല ക്യാമറയും ആണ്, സ്ഥിരമായി free fire ഗെയിം കളിക്കുന്നുണ്ട് ഒരുവിധത്തിലും ലാഗ് ഇല്ല.. ഓവർ ഹീറ്റിങ് ഇല്ല",Positive
"Infinix Note 10 user since 2020 😊.എന്റെ സുഹൃത്ത് recommend ചെയ്‌ത ഒരു brand ആണ് ഈ Infinix. വാങ്ങിയപ്പോഴൊക്കെ മറ്റുള്ളവർ എല്ലാം പറഞ്ഞത് ഇത് ചാത്തൻ സാധനം ആണ് എന്നൊക്കെ പറഞ്ഞു കളിയാക്കിയിരുന്നു. പറയുന്നവർ പറയട്ടെ, പക്ഷെ എന്റെ അഭിപ്രായത്തിൽ ഇത് ഒരു better choice തന്നെ. Proud Owner ആണ് ❤. വരട്ടെ.. ഇനിയും infinix ന്റെ ഒരുപാട് കിടിലൻ mobile phone ഇറക്കുമതി ചെയ്യട്ടെ എന്ന് ആശംസിക്കുന്നു.. 😻😻",Positive
"ഒന്നര വർഷമായി Infinix note 10 pro ഉപയോഗിക്കുന്നുണ്ട് ഞാൻ.. ഗെയിമിംഗ്, ക്യാമറ, ഡിസ്പ്ലേ എല്ലാം എനിക്ക് വളരെ ഇഷ്ടപ്പെട്ടു.. 13000 രൂപയ്ക്ക് flipkart ൽ നിന്നും വാങ്ങിയതാണ് .. value for money ആണ് infinix , എത്ര സമയം ഗെയിം കഴിച്ചാലും ഫോൺ ഹീറ്റിങ് പ്രോബ്ലം ഇല്ല.. ക്യാമറയൊക്കെ നല്ല ക്വാളിറ്റിയുള്ളതാണ്. ഞാൻ ആലപ്പുഴയിൽ ആണ് സർവീസ് സ്പെയർ എല്ലാം ഇവിടെ ലഭ്യമാണ്",Positive
S23ultra aan ende adh പൊളി അധ് മതി,Positive
പല ഫോണുകൾ ഉപയോഗിച്ച് നോക്കിയിട്ടും സാംസങ്ങിന്റെ അത്രയും ലൈഫ് കിട്ടുന്നില്ല അതുകൊണ്ട് വീണ്ടും samsung ലേക്ക് വരേണ്ടിവന്നു,Positive
വീട്ടിൽ 4 infinix ഫോൺ യൂസ് ചെയ്യുന്നുണ്ട്. സൂപ്പർ ഫോൺസ് ആണ്,Positive
Infinix അല്ലേലും സൂപ്പറാ 🔥,Positive
ഞാൻ infinix ഉപയോഗിച്ചു തുടങ്ങിയിട്ട് രണ്ടരവർഷമായി... ബാറ്ററി മാറ്റിയത് അല്ലാതെ മറ്റ് കംപ്ലൈൻറ് ഒന്നുമില്ല... സൂപ്പറാണ് സൂപ്പർ.. നമ്മുടെ സ്വന്തം മൊബൈൽ ഫോൺ..,Positive
ഞാൻ infinix 10s ആണ് ഉപയോഗിക്കുന്നത് ഞാൻ ഇന്ന് gt യുടെ പരസ്യം കണ്ടപ്പോൾ ആണ് യൂട്യൂബിൽ കേറി സെർച്ച് ചെയ്തതു ഞാൻ എടുക്കാൻ പോകുകയാണ് gt😊😊,Positive
ഇനി Infinix GT10pro ഇന്ത്യൻ സ്മാർട്ട്‌ ഫോൺ മാർക്കറ്റിൽവിപ്ലവംസൃഷ്ടിക്കും. ഉറപ്പ് 👌,Positive
Infinix user Hot 11S ❤ 2 വർഷം ആയി No issues.,Positive
Same ഫോൺ ആണ് എന്റേതും.ഇപ്പൊ 1.5year ആയി വളരെ സ്മൂത്ത്‌ ആണ് no കംപ്ലയിന്റ്..ഇതിനു മുൻപത്തെ ഫോൺ ഇൻഫിനിസ് hot7 ആരുന്നു still working 4year now.. No complaint.Infinix വളരെ nalla ബ്രാൻഡ് ആണ്.. ഇതിൽ ബ്രോയുടെ ഫോണിന്റെ മാത്രം പ്രശ്നം ആയിരിക്കാം..,Positive
Infinix uses ചെയ്യാൻ തുടങ്ങിയിട്ട് 3 വർഷം ayi no problem,Positive
ഞാൻ6year ആയിട്ട് infinix zero5 യൂസ് ചെയ്യുന്നു ഇതുവരെ ഒരു coplainte വന്നിട്ടില്ല ഇനിയും ഒരു 3 വർഷം കുടി use ചെയ്യാം,Positive
വളരെ മികച്ച value for money ആണ് infinix. ഉപയോകിച്ചവർക്ക് അറിയാം .,Positive
Infinix note 30 ഒരു മാസം ആയി use ചെയുന്നു. പൊളി സാദനം.,Positive
Infinix അല്ലെങ്കിലും പൊളിയാണ് 🔥,Positive
"Infinix note 7 use cheyunnu.. .3 years ayi.. battery backup 🔥, speaker sound ⚡.10+ തവണ താഴെ veenapol mathram glass break ayi.. still working ⚡.Ipo poco x5 pro eduthu.. battery drains too fast , speaker sound low.. Infinix GT 10 pro വരുന്ന അറിഞ്ഞില്ല മുത്തെ 😢",Positive
Tecno Camon 20 pro and Premier മോഡലുകളുടെ review പ്രതീക്ഷിക്കുന്നു ക്യാമറ അടിപൊളി ആണെന്നാണ് എല്ലാ റിവ്യൂവിലും 😎,Positive
ഈ വരുന്ന സെപ്റ്റംബറിൽ 4കൊല്ലം ആവും infinix s4 ഉപയോഗിക്കാൻ തുടങ്ങിയിട്ട്.... ❤️❤️❤️... Infinix my favorate brand 🔥🔥🔥,Positive
"2017 തുടക്കം മുതൽ ഐഫോൺ 7 ഞാൻ ഉപയോഗിക്കുന്നു പുതിയ എല്ലാ അപ്ഡേറ്റ്സും ഇപ്പോഴും കിട്ടുന്നുണ്ട്. No issues, no lugging, awesome phone 🤳 💯",Positive
I phone pixl കുറച്ചു പ്രോസസ് കൂട്ടും അതാണ് i phone 🔥🔥🔥,Positive
ഇപ്പോഴും 7പ്ലസ് ഇന് വേണ്ടി ആഗ്രഹിച്ചു നടക്കുന്നു ഇതുവരെ നടന്നിട്ടില്ല ഇത്റയൊക്കെ models വന്നാലും 7പ്ലസ് ഒരു പ്രതേക പ്രേമം 💋,Positive
Bro finger touch / home button works perfectly in my phone. touch id use ചെയ്യുമ്പോൾ ഒരു lag ഇല്യ .,Positive
Iphone 5 പോലും ഡിസൈൻ ബേസ് നോക്കികയാണെങ്കിൽ സൂപ്പർ അഡ്വാൻസ്ഡ് ആണ്. .2020പോലും അതിന്റെ ഡിസൈൻ നമുക്ക് പഴയ ഒന്നായി തോന്നുന്നില്ല,Positive
"വലിയ മടൽ പോലെ ഉള്ള ഫോണിന് ഒരു ലക്ഷോക്കെ കൊടുക്കാൻ ഒരു താല്പര്യവുമില്ല.. ഐഫോൺ 7 looking, സ്റ്റൈലിഷ് അതിനു ശേഷമുള്ള ഐഫോൺ ഒന്നും എനിക്കിഷ്ടമല്ല",Positive
I phone ന്റെ Look ആ finger Print ആണ്,Positive
അതെ ഇതു പോലെ figur print ഓരു പ്രഷ്നവും ഇല്ല,Positive
എന്റെ 8 പ്ലസ് 2 വർഷമായി ഉപയോഗിക്കുന്നു. ഇനി 3 year ഉപയോഗിക്കും. Ipozhum performance ok aanu. Camera yum,Positive
Finger work chayathae enikke feel chayarre fingerill sweat or dirt ullappoll annee....അത് illankill enikke smooth ayii work chayarunde.....,Positive
അത് നല്ലതാണ് പെട്ടന്ന് fingr acpt ആകാത്തത്. എന്റെ nokia തൊട്ടാല്‍ തുറക്കും. Pockt ല്‍ idumbol വിരൽ തട്ടി എങ്ങോട്ട് ഔട്ട് പോകും. വല്ല്യ ബുദ്ധിമുട്ടാണ് അത് കൊണ്ട്,Positive
ഫിംഗർപ്രിന്റ് പ്രശ്നമില്ല 2വർഷമായി use ചെയ്യുന്നുണ്ട്,Positive
ഐഫോൺ 6s 4 കൊല്ലമായി ഉപയോഗിക്കുന്നു . Perfect flawless operation. ഇത്രയും കാലത്തിനിടക്ക് ഒരുതവണപോലും reboot ചെയ്യേണ്ടി വന്നിട്ടില്ല . Touch സ്‌ക്രീനോ ഫിംഗർപ്രിന്റോ ഒരു തവണപോലും മിസ്സ് ആയിട്ടില്ല . Battery health 79 ൽ തട്ടി നിൽക്കുന്നു . കളയാനുള്ള മടി കൊണ്ടു വലിച്ചു നീട്ടി ഉപയോഗിക്കുന്നു . കഴിഞ്ഞ മാസം നല്ലൊരു ഓഫറിന് p 30 pro വാങ്ങിയെങ്കിലും ഒരു ഫീലില്ല . പെട്ടിയിലടച്ചു വച്ചു . അങ്ങനെ ബ്ലാക്ക് ഫ്രൈഡേ dealinu 7 പ്ലസ് . എന്തൊരു പ്രീമിയം ഫീലാണപ്പാ . 6s ന്റെ പോലുള്ള service പ്രതീക്ഷിക്കുന്നു .ചുരുക്കം അങ്ങനെ ഞാനും അനേകായിരങ്ങളെപ്പോലെ ആപ്പിളിന് addict ആയി .,Positive
ഞാൻ Iphone6 ആണ് ഒരു കൊല്ലം ആയി യൂസ് ചെയ്യുന്നത് ...ഫിംഗർ പ്രിന്റ് എനിക് യാതൊരു വിധ പ്രശ്നവും ഇല്ല ... 7 പ്ലസ് എങ്ങനെ എന്നു അറിയില്ല ... എന്തായാലും 7 പ്ലസ് എടുക്കുന്നുണ്ട് ... 7പ്ലസ് ഇസ്തം,Positive
ഞാൻ ഐഫോൺ 6 ഉപയോഗിച്ചിട്ടുണ്ട്. നിങ്ങൾ പറയുന്നപോലെ finger പ്രിന്റ് ഒരു പ്രശ്നവും ഉണ്ടായിട്ടില്ല. വെള്ളം നനയുമ്പോൾ മാത്രമാണ് ഫിംഗർ പ്രശ്നമായി തോന്നിയിട്ടുള്ളത്. ഐഫോൺ 6 സ്റ്റിൽ working with no issues even no lags,Positive
Iphone sopnam alla but വലുപ്പം കുറഞ്ഞ set an ishttam athkond 12 mini 13 min❤️,Positive
"ഞാൻ 10 x Max ഉപയോഗിച്ചിട്ട് 12 Mini യിലേക്ക് മാറിയതാണ് . വളരെ നല്ല ഫീൽ ആയിരുന്നു . ഇനി വലിയ ഐഫോൺ ലേക്ക് മാറില്ല .എന്റെ 12 Mini കൊടുത്തു ഞാൻ 13 Mini യിലേക്ക് മാറി . സൂപ്പർ ഫോൺ . പെർഫെക്റ്റ് സൈസ് , സൂപ്പർ കാമറ , നല്ല ബാറ്ററി ബാക്കപ്പ് . എല്ലാം സൂപ്പർ . പോക്കറ്റിൽ ഇങ്ങനെ ഒരു ഫോൺ ഉണ്ടെന്നു അറിയുക പോലുമില്ല . എന്റെ മെയിൻ ഫോൺ P 30 Pro ആണ് .",Positive
കയ്യിൽ ഒതുങ്ങിയ ഫോൺ ip 13mini super,Positive
Budget tight ആയതു കൊണ്ട് ആരെങ്കിലും പോയി iphone mini എടുക്കുമെന്ന് തോന്നുന്നില്ല.... Only the size matters... The perfect size for a phone in my perspective .,Positive
എനിക്കും ആയിരുന്നു. ആദ്യം ഞാൻ 6എടുത്തു 2nd വർഷം use ചെയ്തു battery problem😕. പിന്നീട് 11എടുത്തു ഇപ്പോൾ പോളിയാണ് 😌😍👍,Positive
എനിക്ക് pixel ആണ്😍😍,Positive
ചേട്ടൻറെ വീഡിയോ കണ്ടിട്ടാണ് .ഫോണെടുത്തത് vivo z1 pro അടിപൊളി ഫോൺ 😘,Positive
IPhone 13 മിനി ❤,Positive
Featured phone തന്നെ യാണ് 13 Pro Max ❤🙌💫,Positive
i phone 13 pro max ഞാൻ വീഡിയോ എടുക്കാൻ ഇതാണ് ഉപയോഗിക്കുന്നത് ഇതുവച്ച് വീഡിയോ എടുക്കാൻ തുടങ്ങിയപ്പോൾ എന്റെ ചാനലിലെ വീഡിയോയ്ക്ക് എല്ലാം നല്ല കോളിറ്റി ഉണ്ട് ക്യാമറ അടിപൊളി വേറെ ലെവൽ,Positive
പല ആൻഡ്രോയിഡ് ഫോൺസിലും 120 HZ ഡിസ്പ്ലേ ഉണ്ടെകിലും Apple ഉപയോഗിച്ചിരിക്കുന്നത് 120 HZ Adaptive ഡിസ്പ്ലേയാണ്. നമ്മുടെ ഉപയോഗം അനുസരിച്ചു ഡിസ്‌പ്ലേ റേറ്റ് ഓട്ടോമാറ്റിക്കലി ചെയിഞ്ചാകും.ഉദാഹരണം ഗെയിം കളിക്കുമ്പോൾ 120 Hz ഉം ഒരു ഡോക്യുമെന്റ് വായിക്കുമ്പോൾ 10 HZ ഉം വരെ മാറാം.ഇത് നമ്മുടെ ബാറ്ററി ഉപഭോഗത്തിൽ ഗണ്യമായ പെർഫോമൻസ് തരും.,Positive
Pro max ഇൽ 4352 mah ഉണ്ട് അതാണ് battery നിൽക്കുന്നത്,Positive
"Macro ഫോട്ടോഗ്രാഫിക്ക് സ്വിച്ച് ഇല്ലാതിരിക്കുന്നത് അല്ലേ നല്ലത്.?🤭 ഓട്ടോമാറ്റിക് പ്രവർത്തിക്കുകയാണെങ്കിൽ എന്താണ് പ്രശ്നം., 🤔അല്ലേ എൻ്റെ ഒരു ചിന്തയാണ്...!!!",Positive
Iphone 13 വീഡിയോ കാണുന്നവർ എത്രപേരുണ്ട് എന്നെപ്പോലെ ഞാൻ വാങ്ങിച്ചിട്ട് ഒരാഴ്ചയായി അടിപൊളി ഫോൺ,Positive
അതൊരു സത്യം മാത്രം 😂😂.. ഒരു കുഴപ്പവും ഇല്ല.. Songs ഒക്കെ കിടു സൗണ്ട്.. ഒന്നും പറയാനില്ല,Positive
"Redmi note 6 pro 2 വർഷമായി use ചെയ്യുന്നു.No complaints at all. Exchange cheythu pro 9 എടുക്കാൻ പോകുവാ... As far as my usage, redmi is best.",Positive
മൂന്നര വർഷം ആയി HTC desire 828 ഉപയോഗിക്കുന്ന ഞാൻ.കമ്പ്ലീറ്റ് ഇത് വരെ ഒന്നും വന്നില്ല.ഒഴിവാക്കി വേറെ ഫോൺ എടുക്കാൻ മനസ്സ് സമ്മതിക്കുന്നു ഇല്ല😂,Positive
@Neena K Thampy Art അപ്പോൾ എന്റെ കണക് തെറ്റിയതാണ്.ഞാൻ ekm.. ജോലി ചെയ്യുന്ന സമയം എടുത്ത ആണ് അന്നേരം ഷോപ്പിൽ ഒകെ തന്നെ കുറവ് ആയിരിന്നു സാധനം.കുറച്ചു വെയിറ്റ് ചെയ്തു ആയാലും കിട്ടി.നോട്ട് 5 pro.. നല്ല സെറ്റ് ആണ് ഇപ്പോഴും ഉണ്ട്.നോട്ട് 8 pro.. യും കൂടെ ഉണ്ട്,Positive
Issues ഒന്നും പറയത്തക്കതായി ഇല്ലാ 😅😘😘😘❤️,Positive
3 അര വർഷമായി redmi not 5 pro ഉപയോഗിക്കുന്നു ഒരു പ്രശ്നവും ഇല്ല ഇതുവരെ 😍😍,Positive
എനിക്ക് ഇതിന്റെ notch ഇഷ്ടം ആയി. Poco X2 പോലെ ഇതിന്റെ 256GB VARIENT ഉണ്ടായിരുന്നു എങ്കിൽ പൊളിച്ചേനെ,Positive
"A71 5g രണ്ട് വർഷം കഴിഞ്ഞ്, ഒരു കുഴപ്പോം ഇല്ല.",Positive
ഞാൻ 2019 മുതൽ M 51 ഉപയോഗിക്കുന്നുണ്ട് യാതൊരു കംപ്ലയിന്റും ഇത് വരെ ഇല്ല,Positive
ഞാൻ രണ്ട് ദിവസം മുൻപ് വരെ a50ആയിരുന്നു ഉപയോഗിച്ചിരുന്നത് 4കൊല്ലം ഉപയോഗിച്ചു super. ഇപ്പോൾ a73 വാങ്ങി അടിപൊളിയാണ്,Positive
കൂടുതൽ അല്ല ബ്രോ.. Brand സാംസങ് ആണ്.. Realme അല്ല quality main brand value,Positive
"ഞാനും 3 മാസമായി ഉപയോഗിക്കുന്നു, നല്ല Phone ആണ്.....",Positive
@Siji Ks ഞാൻ iphone 12 ഉപയോഗിച്ചോണ്ട് ഉണ്ടായതാണ്... ഇപ്പൊ ഇതാണ് ബെറ്റർ എന്ന് തോന്നുന്നു...,Positive
@arun kp zooming വളരെ മോശം നോർമൽ ഫോട്ടോ average ബാക്കി എല്ലാം പക്കാ ഐറ്റം എനിക്ക് photography താല്പര്യമില്ലാത്തത് കൊണ്ട് ഈ ഫോണിൽ ഞാൻ 100% satisfied ആണ് പ്രതേകം പറയേണ്ടത് ഇതിന്റെ ഡിസ്പ്ലേ 👍👍👍,Positive
Super ആണ്.. ഏകദേശം 3 മാസം ആയി ഉപയോഗിക്കുന്നു... A73... 👍 ഒന്നും പറയാനില്ല...,Positive
A73🔥 കിടു ഫോൺ ആണ് display🔥🔥🔥,Positive
4 yr ആയി samsung a50 ഉപയോഗിക്കുന്ന ഇന്നും 👍👍👍👍,Positive
"A51 രണ്ടര വർഷം, ഒരു പ്രശ്നം ഇല്ല",Positive
Nalla software support ഈ pricil i phone and samsung,Positive
ഇപ്പോഴും A70 4 years ആയി use ചെയുന്ന നിലക്ക് 100% satisfied ആയി ആ 73 മേടിക്കാം.. Samsung display ഒരു രക്ഷയും ഇല്ല.. Battery perfomance still good and satisfied,Positive
@എന്താപ്പോ അന്റെ മൈൻഡ് inteth 1 ara kollam aayi oru koyppavumillalllo athe pole thanne battery okke,Positive
എപ്പോഴും തന്റെ ബ്രാൻഡ് quality കീപ് ചെയ്യുന്ന ഒരേ ഒരു ആൻഡ്രോയിഡ് ഫോൺ Samsung❤,Positive
NON - STOP TECH സത്യം... Samsung എന്തൊക്കെ പറഞ്ഞാലും powli ആണ്... വര്ഷങ്ങളായി samsung phone use ചെയ്യുന്നു... 7 yrs മുൻപ് വാങ്ങിയ J7 പുതിയത് പോലെ ഇപ്പോളും കൈയിൽ ഉണ്ട്... 3 yrs മുൻപ് വാങ്ങിയ A50... ഒരു കുഴപ്പവും കൂടാതെ ഇന്നലെ വാങ്ങിയ phone പോലെ use ചെയ്യുന്നു... ഈ ഫോണുകൾ ഒക്കെ ഒരു 100 വട്ടം എങ്കിലും നിലത്ത് വീണിട്ടുണ്ട്... വേറെ വല്ല brand ഉം ആയിരുന്നു എങ്കിൽ... 1 yr ന് അപ്പുറം പോകില്ല... പോയാലും.... 100 complaints ഉണ്ടാകും.. പലതവണ service centre kayari ഇറങ്ങേണ്ടി വരുമായിരുന്നു... Long lasting phone വേണം എന്നുള്ളവർക്ക് samsung ന് അപ്പുറം വേറെ brand ഇല്ല. Samsang il കിട്ടുന്നതോ... അതിൽ കൂടുതലോ..aya Features... മറ്റ് brand കൾ ഇതിലും കുറഞ്ഞ വിലയിൽ തരുമായിരിക്കും... Mxm അതൊക്കെ 3 yrs.. പിന്നെ വീണ്ടും csh മുടക്കി new phone വാങ്ങേണ്ടി വരും... But samsung phone വാങ്ങിയാൽ ഏറ്റവും കുറഞ്ഞത് 5 വർഷം ഒരു കുഴപ്പവും ഇല്ലാതെ അത് new phone പോലെ തന്നെ use ചെയ്യാം... Samsung ❤️samsung തന്നെയാ.... 🥰,Positive
എന്നും ബഡ്ജറ്റ് friend ഫോൺ സാംസങ് തന്നെ 4 വർഷം ആകാറായി a50 ഉപയോഗിക്കുന്നു ഇന്നും വാങ്ങിയ അതെ പെർഫോമെൻറ്സ് i ലൈക്‌ സാംസങ്,Positive
നല്ല ഫോൺ ആണ് ഞാൻ s22 ultra എടുത്തു.,Positive
എന്റെ അഭിപ്രായം ഈ പ്രൈസിന്ന് one plus 9rt ആണ് ബെസ്റ്റ് എന്നാണ് പ്രൈസ് 43k snapdragon 888 പ്രോസസ്സർ ബെറ്റർ ക്യാമറ,Positive
@Bineesh With You ഇപ്പോൾ ആൻഡ്രോയിഡ് 11. 12 വരെ കിട്ടും. value for money ആണ്. updates വല്യ ഇഷ്യൂ ആയിട്ട് എനിക്ക് തോന്നുന്നില്ല. for me Its Just Normal use. കൊഞ്ചിച്ചും ലാളിച്ചും use ചെയ്താൽ ഒരു 5 വർഷം കയ്യിലിരിക്കും,Positive
M51 8Gb/128Gb എടുത്തിട്ട് ഒന്നര വർഷം ആയിട്ടും ഒരു കുഴപ്പവും ഇല്ല 🔥🔥🔥.Snap Dragon വെച്ച് ഇറക്കിയത് വളരെ നല്ലൊരു തീരുമാനം ആയിരുന്നു.... പിന്നെ 7000 mah ബാറ്ററി സാംസങ്ങിന്റെ amoled inifinity o display പിന്നെ എന്ത് വേണം.,Positive
കിടിലം design and spec വില 35000 enough ആണ്...,Positive
" photo,videoആണ് നോക്കുന്നതെങ്കിൽ ധൈര്യമായിട്ടെടുത്തോ..👍👍👍☺",Positive
ഇന്ന് s20 fe ബുക്ക്‌ ചെയ്തു 34990❤❤❤,Positive
എൻ്റെ ponnalliyaa..... ഈ ഫോൺ ഒരു all rounder ഫോൺ ആണ്... മാത്രമല്ല ഈ ഫോൺ എടുക്കുന്നവർ ആരും ഈ processor ne പറ്റി complaint പറയില്ല.....,Positive
Iqoo 9 ഉണ്ട് ആ വിലക്ക് പൊളി ആണ്,Positive
Iqoo 9 ഉണ്ട് ഈ വിലക്ക് അതാണ് ശെരിക്കും പൊളി,Positive
ഇൻഡ്യയുടെ ആണ് നല്ലത് . പ്രോസസ്സർ വ്യത്യാസം ഉണ്ട് ക്യാമറ സെൻസർ വ്യത്യാസം ഉണ്ട്,Positive
ഇന്ന് വാങ്ങി review കണ്ടു ഇഷ്ട്ടപ്പെട്ടു,Positive
"മാഷെ....ധൈര്യമായിട്ടു വെള്ളത്തിൽ മുക്കിക്കൊ. വാങ്ങി പിറ്റേ ദിവസം ക്ലോസെറ്റിൽ വീണു(Before Num 2) രണ്ടും കൽപ്പിച്ചു വാഷ്‌ബേസിന്റെ ചോട്ടിൽ വെച്ച് അടിച്ചു തേച്ചു നനച്ചു കഴുകി പിഴിഞ്ഞെടുത്തു. ഒന്ന് switch off ചെയ്തു on ചെയ്തതുപോലുമില്ല. ഒരു നവദ്വാരത്തിൽ കൂടിയും വെള്ളം കേറിയില്ലെന്നു മാത്രമല്ല, സൗണ്ടിന്റെ കാര്യത്തിലോ പെർഫോമൻസിലോ ഒന്നും ഒരു ചുക്കും സംഭവിച്ചില്ല. കക്കൂസിൽ വീണപ്പോൾ കരയാത്ത ഞാൻ ഈ IP rating ന്റെ ക്വാളിറ്റി കണ്ടപ്പോൾ ശെരിക്കും കരഞ്ഞുപോയി..So tested ok .Perfect ok",Positive
(iphone 6 ) 4 വർഷം ഉബയോഗിച്ചു 👍🏻🔥..4 ആം വർഷം ആയപ്പോൾ ചെറിയ പോരായ്മകൾ വന്നു ഫോൺ മാറ്റേണ്ടി വന്നു,Positive
<b>ഒരുവട്ടമെങ്കിലും ജീവിതത്തിൽ ഐഫോൺ ഉപയോഗിക്കണം...</b> 💪.<b>Feel the &#39,Positive
"ഒരു കൊല്ലത്തിനിടക്ക് നിരവധി തവണ ഫോൺ താഴെ വീണു , കവർ ഇല്ലാതിരുന്നിട്ട്പോലും ഒരു തകരാറ് പോലും വന്നിട്ടില്ല🥰 ഇതുവരെ ഉപയോഗിച്ചതിൽ എന്റെ ഏറ്റവും പ്രിയപ്പെട്ട ഫോൺ… 🌸 in hand feel so better aan💯",Positive
ഞാൻ iphone 11 2 വർഷമായി ഉപയോഗിക്കുന്നു ഇതിനു മുൻപ് iphone 6 ആയിരുന്നു 5 വര്ഷം ഉപയോഗിച്ചു ഇതും 5 വർഷം കഴിഞ്ഞെ മാറ്റുന്നുള്ളു നല്ല ഫോൺ ആണ്,Positive
"Boxi design ക്കാളും ഏറ്റവും കിടു curve design തന്നെ ആണ്....Iphone 11,ഇപ്പോളും പൊളി തന്നെ....5G ഇല്ല എന്ന് മാത്രം....അയിന് ഇന്ത്യയിൽ ഇപ്പോളും 4G പോലും മുഴുവൻ ആയിട്ടില്ല 😂😂😂😂😂😂😂😂😂😂😂.Iphone is worth dudes✌️",Positive
I ഫോൺ 11 best gaming device ആണ് 🔥🔥🔥,Positive
ഞാന്‍ 5s ആയിരുന്നു ഉപയോഗിച്ചിരുന്നത് 2 മാസം ആയി 11 use ചെയ്യുന്നു..i am happy 😁😁😁,Positive
but 14 pro പുള്ളി good ആണെന്ന് പറഞു അത് കണ്ടപ്പോൾ ഒരു max അങ്ങ് വാങ്ങി,Positive
Type C ഒക്കെ ഉണ്ടെങ്കിൽ 15 series ആയിരിക്കും സുപ്പർ,Positive
💯💯.പറ്റിക്കൽ എന്ന് പറയാൻ പറ്റില്ല.എന്ത് വന്നാലും s22 ultra ന്റെ എടുത്തു വരില്ല 🔥🔥,Positive
Lijo Samsung S22 Ultra ആണ് best,Positive
ഗൂഗിൾ pixel 7 പ്രൊ 🔥🔥🔥,Positive
IPhone എന്ന സ്വപ്നം 14 Pro max ലൂടെ യാഥാർഥ്യമാക്കി ❤️,Positive
IPhone 13 ഒന്നും ഇപ്പോൾ scene ഇൽ ഇല്ല ... S23 rules,Positive
Samsung nalla phon irakiyal അവരെ മാർകറ്റിൽ പിടിച്ച കിട്ടില്ല . 1400 cr order ane s23 ultra vannath avar yalla siriose nannakiyal mathi,Positive
ചില brands flagship eraakiyitt front cam ഇപ്പോഴും 1080p ഉള്ളൂ 😄.Samsung 🔥✌️,Positive
Lights ആണ് മെയിൻ.... 😍😍,Positive
ഒഞ്ഞു പോയെടാ pure Android and fluid performance ആണ് ഫോൺ,Positive
തനി pixel പോലെ തന്നെ ഉണ്ടല്ലോ..✌️❤️,Positive
"മാന്യമായ performance, മികച്ച software, bloatware free ui, solid update ഒക്കെ ആവിശ്യമുള്ള Coustomers ഇപ്പോഴും ഉണ്ട് i think they I&#39;ll go for it",Positive
"കഴിവുള്ള വരെ അംഗീകരിക്ക് ബ്രോ, epic ഡിസൈൻ അത്യാവശ്യം നല്ല ഫോൺ തന്നെയാണ്. തനിക്കു തരാത്ത ഫോണിനെ നന്നായി താഴ്ത്തരുത് 👍🏼",Positive
"Formfactor കൊള്ളാം boxy design ... Display, UI,Indisplay finger nte just round minimal design, പിന്നെ wireless charging animation.. Primary cam etc.... ബാക്കി കണ്ടറിയാം.. Waithing 4 detail vid😌",Positive
"കഴിഞ്ഞ വർഷം ഞാൻ 25k ku ഒരു Mi 11x എടുത്തു......പെർഫെക്റ്റ് value for money product....With SD 870 ,120 hz amoled display..5G",Positive
NOTHING ഫോണിന്റെ വൈറ്റ് നെകാൽ ഇഷ്ടപെട്ടത് ബ്ലാക്ക് ആണ് 😍🖤🖤,Positive
Nothing തന്നെ ആണ് അവരുടെ phn iPhone ആയി കമ്പെയർ ചെയ്തത്,Positive
"എടാ കോപ്പേ 35000രൂപയുടെ ഫോൺ ആപ്പിൾ ഫോൺ ആയി കംപൈർ ചെയ്യരുത്, nothing സൂപ്പർ ആണ്",Positive
" 30000 രൂപ റെയിഞ്ചിൽ നല്ല ഫോൺ ഇത് തന്നെ, കുറച്ചു കാത്തു നില്കുകയാണെങ്കിൽ nothing 2 വരുന്നുണ്ട്",Positive
കിടിലം ആണ്.. പ്രൗഡ് യൂസർ 🥰,Positive
Super phone ആണ് 👌,Positive
നല്ല ഫോൺ ആണ് ഞാൻ 100% സാറ്റിസ്ഫൈഡ് ആണ്.. ഫ്ലിപ്കാർട്ടിൽ ഓഫർ വന്ന സമയത്ത് 24000 Rs ആണ് അപ്പോൾ വന്ന റേറ്റ് ഞാൻ എന്റെ പഴയ ഫോൺ എക്സ്ചേഞ്ച് ചെയ്ത് 19500 ന് ആണ് എനിക്ക് ഇത് കിട്ടിയത് ❤,Positive
S21FE flagship experience ആണ്.. especially camara.,Positive
Gaming താല്പര്യമില്ല അതുകൊണ്ട് എനിക്ക് ഇഷ്ടപ്പെട്ടു...,Positive
"കഴിഞ്ഞ Flipkart ഓഫർ sale ടൈംമിൽ 24,999 ആണ് ഞാൻ ഈ ഫോൺ എടുത്തത്. .ഈ price ൽ കിട്ടാവുന്ന best phone ആയിരുന്നു..ഞാൻ satisfied ആണ് 😊.",Positive
Procesaor കാരണം ഒഴിവാക്കിയത് ആണ്...2 വരുമ്പോ ഒരു പൊളി പൊളിക്കണം...🔥,Positive
Nothing 8/128 വാങ്ങിച്ചു കിടുവാണ് 👌,Positive
"Sd 870 നല്ല പവർ efficient ആണ്. Gt neo 2 ആണ് ഉപയോഗിക്കുന്നത്. 8.5hr sot കിട്ടാറുണ്ട്. Cod കളിച്ചാൽ 6.5 ഒക്കെ കിട്ടും. വാങ്ങിയ ഇടക്ക് ടോപ് കിട്ടിയത് 9hour ആണ്. ഇപ്പൊൾ avg 8hour sot ഉണ്ട്. 9months old phone..And about nothing ,give them time they will improve for sure. Their intention is good. Not everyone needs high end perfomance.",Positive
Ente adutt oru phone undayirunnu mettel body vivo y53i പക്കാ buld quality ann. 4varsham ubhayokichu.Ippozum und ente adutt. Iphone 6s nte okke model ann. Athinte വില 8500,Positive
ഞാനൊരു മാസമായി യൂസ് ചെയ്യുന്നു....ബാറ്ററി ബാക്കപ്പ് ബിൽഡ് ക്വാളിറ്റി and സോഫ്റ്റ്‌വെയർ എക്സ്പിരിയൻസ് സൂപ്പർ... 🔥,Positive
നിങ്ങളെ പോലുള്ള professionalസ്സിന് പറ്റിയ ഐറ്റം.. തീപ്പൊരി sanam,Positive
ഈ പറയുന്ന നിങ്ങളെല്ലാം നത്തിങ്ങ് ഫോൺ അൺബോക്സ് ചെയ്ത ശേഷം അതിന്റെ പ്രീമിയം ഫീൽ നിങ്ങളെ അതിശയിപ്പിക്കും. ഇത്രയും കാലം നിങ്ങൾ കണ്ട BBK ഇലക്ടോണിക്സിന്റെ ഫോണുകളേക്കാൾ ബിൽ ഡിംഗ് ക്വാളിറ്റിയും OS ന്റെ മികവും കണ്ട് നിങ്ങളെ കൊണ്ട് നത്തിങ്ങ് ഇത് നല്ല ഒരു ഫോണണെന്ന് പറയിപ്പിക്കും. പിന്നെ ഇത്രയും കാലം ഈ ഫോണിനെ കുറ്റം പറഞ്ഞത് കൊണ്ട് നിങ്ങൾക്ക് നല്ലത് പറയാൻ മടിയുണ്ടാകും,Positive
"Nothing ഒരുപാട് opinion കണ്ടു, ഇത് വളരെ ഇഷ്ടപ്പെട്ടു. Natural 👍🏻👏🏻👏🏻👏🏻",Positive
ഈ same സ്പെക്കിൽ 8 gen chipset കിട്ടിയാൽ യാ മോനെ,Positive
എന്ത് പറഞ്ഞാലും iphone ഉണ്ടാക്കിയ ഇമേജ് ഒരുത്തനും തകർക്കാൻ കഴിയില്ല ❤️‍🔥,Positive
⚡️ but affordable price ആണെങ്കിൽ it will be a 💥💥,Positive
കാട്ടിൽ ചിലപ്പോൾ പുലി ഉണ്ടാകും ആന ഉണ്ടാകും കുതിരകൾ ഉണ്ടാകും പക്ഷേ കാട്ടിലെ രാജാവ് എന്നും സിംഹം. തന്നെയാ (Apple )😂............. കാട്ടിലെ ഏറ്റവും വേഗതയേറിയത് സിംഹത്തിന് അല്ല ഏറ്റവും ഉയരം കൂടിയത് സിംഹത്തിന് അല്ല ഏറ്റവും നീളം കൂടിയതും സിംഹത്തിന് അല്ല എന്നിട്ടും കാട്ടിലെ രാജാവ് സിംഹം ആണെങ്കിൽ its all about attitude (Apple brand ).😂.... പക്ഷേ എപ്പോഴും ഒരേ സിംഹം ആയിരിക്കില്ല രാജാവ് സിംഹങ്ങൾ മാറിമാറി വരും ( nothing ) 😂 let&#39,Positive
"ഞാൻ samsung buds+ AMG ആണ് യൂസ് ചെയ്യുന്നത്, സൂപ്പർ പ്രോഡക്റ്റ് ആണ്, volume കണ്ട്രോൾ budsil തന്നെ ഉണ്ട്, 🔥",Positive
എന്റെ തോന്നൽ ആണ്. ഈ ഫോൺ ഒരു game changer ആയിരികാം 🔥,Positive
ഇതെങ്ങാനും കത്തി കേറുവോ 😉🙂.Design കൊള്ളാം ഫോൺ വരട്ടെ 😇,Positive
ഞാൻ us ചെയ്തു nice ആണ് 👌,Positive
S20 fe 34000 രൂപക്ക് കിട്ടില്ലേ......ഇതിനേക്കാൾ fully loaded ആണല്ലോ.....wirless...reverse wirless..120hz...8 series processer.....,Positive
"<a href=""https://www.youtube.com/watch?v=dBqBP9_FPPM&amp;t=3m05s"">3:05</a> I feel it, ആൾ കൂട്ടത്തിൽ ഫോൺ പുറത്ത് എടുത്താൽ അപ്പോ ചെക്കന്മാർ ഒപ്പം കൂടും ❤️..&quot;ഇത് Nothing അല്ലേ, നോക്കട്ടെ, .ഐഫോൺ പോലെ തന്നെ&quot;",Positive
Nothin 1 തന്നെ ധാരാളം.. 👍🏻,Positive
Super phone ഞാൻ എടുത്തു.. ഒരു രക്ഷയും ഇല്ല 😍😍🔥🔥,Positive
@Dipin Nair .Phone അടിപൊളി... Very fast...camera um നല്ലത് aaan..,Positive
One plus ൽ flip down ചെയ്താൽ സൈലന്റ് മോഡിൽ ആവും.,Positive
"Camera കൊള്ളാം എന്നാണ് എനിക് പറയാനുള്ളത്, മോശമല്ലാത്ത pics and videos aanu",Positive
45000 രൂപക്ക് വേറെ നല്ല ക്യാമറ കിട്ടും but clean ui കിട്ടത്തില്ല perfomence ഉം കിട്ടത്തില്ല only camera മാത്രം കിട്ടും,Positive
256 ജിബി 25kനു കിട്ടും real me 11 പ്രൊ.. നല്ല ഫോൺ ആണ്,Positive
Njn phone 1 aanu use akkunee athil ee feature ഉണ്ട് but കാമുകി ഒന്നേ ഉള്ളു 🥲,Positive
ഞാൻ s20 fe ആണ് use ചെയ്യുന്നത് 1 year ആയി. റോഡിൽ വീണ് കാർ കയറി ഇറങ്ങി no problem. മഴനനഞ്ഞിട്ടുണ്ട് കുഴപ്പം ഇല്ല,Positive
ഒരു വർഷത്തിൽ കൂടുതലായി യൂസ് ചെയ്യുന്നു... ഇപ്പോഴും പൊളിയാണ്... ഫ്ലാഷ് ലെവൽ ഫോൺ തന്നെ... സീപോർട്ട് പോലെയുള്ള ഹെഡ്ഫോൺ വാങ്ങിയാൽ ഒക്കെയാണ്.... 🔥🔥🔥 s20fe 5g always rockzzzzzz♥️♥️♥️♥️,Positive
ഷവോമി and its സബ് കമ്പനികളുടെ എല്ലാ ഫോണിലും ഇപ്പോഴും ഹെഡ് ഫോൺ ജാക്ക് ഉണ്ട്,Positive
അങ്ങനെ ഇരിക്കെ കഴിഞ്ഞ മാസം ഞാനൊരു Samsung Note 20 Ultra 5G (Snapdragon) വാങ്ങി. kidilosky,Positive
"ചേട്ടാ ഞാൻ ഒരു മൊബൈലും ഒരു വർഷത്തിൽ പുറത്ത് യൂസ് ചെയ്യാറില്ല പക്ഷേ ഈ മൊബൈലിന്റെ കൈ രണ്ടു വർഷമായിട്ട് ഇരിപ്പുണ്ട്. ഇതുവരെയും ഒരു കമ്പ്ലൈന്റ് വന്നിട്ടില്ല ഇപ്പോൾ സിനിമ കാണാനും ഗെയിം കളിക്കാനും ഫോട്ടോസ് എഡിറ്റ് ചെയ്യാനും ആണ് യൂസ് ചെയ്യുന്നത്, പിന്നെ ഇടയ്ക്ക് ബാക്ക് പാനലിലെ അടപ്പ് ഹീറ്റായി ഇളകി വന്നായിരുന്നു അത് പിന്നെ കടയിൽ കൊണ്ടുപോയി ഒട്ടിച്ചെടുത്തു ..S20fe 4g",Positive
ബ്രോ Samsung A52s 5g.. Another good phone Samsung... And audio jack und 😍👍🏻,Positive
"S21 fe use cheyyunnu 6 months no heating , battery issues . Onnude premium ലുക്ക് koodum. Heavy games ella adukondaayirikkum😊",Positive
"2023ലും S20Fe യുടെ Unboxing Nice.... .One of my favourite ,from SamSung❤",Positive
അപ്ഡേറ്റ് തരാൻ samsung r👌👌👌പക്കാ ഡീൽ,Positive
Samsumg s20fe 5g ഇൽ വീഡിയോ കാണുന്ന ഞാൻ 2 yeay ആയി യൂസ് ചെയുന്നു this mob is poli എപ്പോഴും നല്ല രീതിക് അപ്ഡേറ്റ് കിട്ടുന്നുണ്ട് പിന്നെ എടുത്തു പറയണ്ട കാര്യം ഇതിന്റെ ഡിസ്പ്ലേ and ഇതിൽ 5g und ❤,Positive
കിടിലൻ samsang 💥💥,Positive
വെല്യ koypelathaayt thoonneelya ... njaan kurre months aayi use cheyne. Heavy use aan with Gaming .... No issue on Battery . 5G ON aakyaal scene aan.😊,Positive
Ente same 📱❤🫡 super anu. But 2023 S 22 nokkamayirunnallo ഇക്കാ 😊,Positive
"ഞാനും എടുത്തു ഒരെണ്ണം, 256gb with pen, keyboard and case. 38k ik ഇത് മൊതല് തന്നെ ആണ്. Xiaomi🔥🔥🔥",Positive
"Normal condition ൽ Navigation ഇട്ട്,... Screenshot വേണ്ട സമയത്ത് Mi കാണിച്ച പോലെ ഒരു Push button കൊടുത്താൽ മതി Screenshot mode ലേക്ക് മാറാൻ ... എന്നിട്ട് Screen shot എടുക്കുക! എത്ര സിംപിൾ!",Positive
Xiaomi pad 5 ഒരു വർഷമായി ഞാനും ഉപയോഗിക്കുന്നു. വെറും ഉപായോഗമല്ല. ഒരു ഒന്നൊന്നര പണിയെടുപ്പിക്കലാണ്.. വേരി റഫ് using... ശാസ് പറഞ്ഞപോലെ ഒരു പൊടി ഒരു കുറവ് എവിടെയും തോന്നിയിട്ടില്ല . കൊടുത്ത പണത്തിന് മേലെ മൂല്യം തോന്നി. മിക്കവാറും ഇതും കയ്യിലാക്കണം .,Positive
Poco f5 is very good phone gaming നോക്കെ കൊള്ളാം 💥💥💥💥 actually i like this segment ⚡️⚡️⚡️⚡️,Positive
Mi pad 5 ആണ് ഞാൻ ഈ vdo കാണുന്നത് 👍 1ഇയർ ആയി പൊളി സാനം ആണ് 👍,Positive
3.2 ghz അല്ലെ.. പവർ ആ 🔥🔥,Positive
Gaming King iQOO 11 Snapdragon 8Gen2 കരുത്ത് പകരുന്നു 🔥🔥🔥,Positive
"ഇനി iq വിൻ്റെ കാലം,🚀🚀🚀",Positive
Battery കിടിലനാണ് 💥🔥👍💯,Positive
Using Poco M4 Pro 4G ഇതുവരെ No Issue രണ്ടോ മൂന്നോ പ്രാവശ്യം update ഉം ചെയ്തു... Still Good 👍 Last updated on 10th July 2023,Positive
ഞാൻ ഉപയോഗിക്കുന്നത് Poco f4കിടിലം P oLeD ഡിസ്പ്ലേ കിടിലം സൗണ്ട് കിടിലം ഗ്ലാസ് ബാക്ക് കിടിലം പെർഫോമൻസ് കാമറ കൊള്ളാം ഞാൻ ഹാപ്പി,Positive
"M2 pro user for 3 year, കഴിഞ്ഞ മാസം friend phn കണ്ടപ്പോ പുതിയ ഫോൺ വഗിച്ചോ എന്നു ചോദിച്ചു, പലതവണ താഴെ വീനെങ്കിലും ഒരു കംപ്ലൈൻ്റ് ഇത് വരെ വന്നിട്ടില്ല",Positive
സത്യം എന്റെ poco M2pro ഇപ്പോഴും smooth ആണ് 2years 8months ആയിട്ടും ❤️,Positive
എന്തൊക്കെ വന്നിട്ടും POCO F1 ന്റെ അടുത്തു വരുന്നില്ലല്ലോ ഒന്നും? ..അതിന്റെ തട്ട് താണ് തന്നെ ഇരിക്കും.,Positive
Poco F1 കഴിഞ്ഞ് വന്ന ഏറ്റവും കിടിലൻ ഫോൺ K20pro ആണ്. Using for more than 3.5 yrs,Positive
ഇപ്പഴും poco f1 use cheyyunna njhn 🤘😇,Positive
Poco F1 ❤ ആണ് ഇപ്പോഴും 5year ആയിക്കാണും 👍🏼,Positive
Poco f1 ൽ വീഡിയോ കാണുന്ന ഞാൻ ❤️❤️.(രണ്ട് ഫോൺ മാറ്റി എങ്കിലും ഇപ്പോഴും സെക്കന്ററി ഫോൺ F1 thane💞),Positive
"ഞാൻ poco x3 ആഹ്നു ഉപയോഗിക്കുന്നെ 2കൊല്ലമായി. ഫോൺ മേടിച്ച അന്നു തൊട്ട് ഇന്നേവരെ ഞാൻ മൊബൈൽ അപ്ഡേറ്റ് ചെയ്തിട്ടില്ല ക്യാമറ ഔട്ട്പുട് പുത്തൻ പോലെ ഇപ്പോളും കിട്ടുന്നു  ❣️ even, പെർഫോമൻസ് and ബാറ്ററി പക്കാ phone still fresh",Positive
S21 FE 5G ആണ് നല്ലത്,Positive
Poco f1 രാജാവ് ❤,Positive
ഞാനും M2 Pro user ആണ് ..... ഇത് വരേയും ഒരു കുഴപ്പവും ഉണ്ടായിട്ടില്ല .... ബാറ്ററിയൊക്കെ വേറേ ലെവലാണ് .....❤,Positive
Poco F1 ഇപ്പഴും use ചെയ്യുന്ന ഞാൻ 😍🔥.Still the Beast !!! 🔥🔥,Positive
ഇതുവരെ കണ്ടതിൽ എനിക്ക് ഒരുപാട് ഇഷ്ട്ടമായ വീഡിയോ.. അപ്പോൾ ഈ tab ഉറപ്പിച്ചു 👍🏻👍🏻👍🏻👍🏻👍🏻👍🏻,Positive
"Samsung with snapdragon അന്ന് better same phone with exynos nalla different ആണ് power, processing, optimization snapdragon beast💥💥💥 ആണ്",Positive
New consept. ഇത് കത്തും 🔥,Positive
Moto g82 ആൻഡ്രോയ്ഡ് 13 അപ്ഡേറ്റ് ന് ശേഷം 2160 p 4k വീഡിയോ വരെ നന്നായി പ്ലേ ചെയ്യുന്നുണ്ട്.,Positive
കഴിഞ്ഞ ആഴ്ച എടുത്തു.Powli❤️,Positive
ഉപയോഗിച്ചതിൽ ഏറ്റവും നല്ല phone.S23 ❤,Positive
Video quality 14 Pro തന്നെ best,Positive
വിലയുടെ കാര്യത്തിൽ ഉള്ളപോലെ തന്നെ ക്യാമറ recording ലും അതിന്റെ മാറ്റം ഉണ്ട് ...s22 ok ആണ്,Positive
<b><i>ഞാൻ യൂസ് ചെയ്യുന്നുണ്ട് techno നല്ലഫോൺ ആണ് ഒരു കുഴപ്പവുമില്ല നിലവിൽ</i></b>,Positive
"2 വർഷം ആയി infinx യൂസ് ചെയ്യുന്നു, ഇതു വരെ ഒരു പ്രേശ്നവും ഇല്ല.",Positive
Infinix 3years ayi use cheyyunnu 100lathikam പ്രാവിശ്യം നിലത്തു വീണിട്ടും ഒരു കൊഴപ്പവും illa😍,Positive
പറ്റിക്കാൻ എന്തിരിക്കുന്നു techno നല്ലൊരു ഫോൺ ആണ്,Positive
ഞാനും same brand aan use ചെയ്യുന്നത് അങ്ങനെ ഒരു കുഴപ്പം ഇല്ല... ഏറ്റവും നല prfomance തരുന്ന IQOO ഫോൺ ഇറക്കുന്നതും വിവോ ആണ് എപ്പോൾ അവരുടെ സ്വന്തം product എന്തായാലും ശ്രദ്ധിക്കും...,Positive
ഞാൻ ഉപയോഗിക്കുന്നു ഞാൻ സാറ്റിസ്ഫൈഡ് ആണ്. I am using this phone and I&#39,Positive
Vivo ആണ് കിടു x മോഡൽ ഞാൻ യൂസ് ചെയുന്നു,Positive
50000 രൂപയുള്ള X90 ഫോണിൽ 1080p 60 fps വരെയേ front ക്യാമെറയിൽ ഷൂട്ട്‌ ചെയ്യാൻ പറ്റുള്ളൂ.. Vivo വി 20 യിൽ അത് 4k 30 fps ഷൂട്ട്‌ ചെയ്യാൻ പറ്റും......Vivo v20 user 😍😍😍😍😍,Positive
"നോ, ഞാൻ അപ്ഡേറ്റ് ചെയ്തിട്ട് prblm ഒന്നും തോന്നിയില്ല.. ഫോൺ നല്ല ഫാസ്റ്റ് ആണ്. കാമറ ഒരു രക്ഷയുമില്ല",Positive
"S23 ultra - 1.5 lakh.Industrie&#39;s leading pro grade camera..Has s pen which is used for taking notes, creativity especially for content creators..Good gaming device..ജീവിതത്തിൽ ഉപയോഗം ഉള്ളവന് അല്ലെങ്കിൽ ഉപയോഗിക്കാൻ അറിയുന്നവന് എപ്പൊഴും worth ആണ്",Positive
Samsung s22ulta🔥 9 മാസമായി ഉപയോഗിക്കുന്നു കിടുക്കാച്ചി ഫോൺ ❤️ തൽക്കാലം s23ultraലേക്ക് അപ്ഗ്രേഡ് ചെയ്യുന്നില്ല .. I am waiting s24ultra💪Vivo x80pro 15ദിവസമേ ഉപയോഗിച്ചുള്ളൂ,Positive
എന്തൊക്കെ ചെയ്താലും realme ക്വാളിറ്റി നിലനിർത്തുന്നുണ്ട ❤,Positive
"കറക്റ്റ് ബ്രോ. പറയാൻ പറ്റില്ല അവന്മാർ അതും ചെയ്യും. In display fingerprint സ്കാനെർ, stereo speaker,15-20k ക്ക് ഇടയിൽ കൊണ്ടു വന്ന്, curved display 25 k ക്ക് കൊണ്ട് വന്ന്, ഒന്നര ലക്ഷത്തിന്റെ ഐ ഫോണിന്റെ dynamic island വരെ അടിച്ചു മാറ്റി 10k റൈഞ്ചിൽ കൊണ്ട് വന്ന്. Realme പൊളി അല്ലെ 😂😂",Positive
ഞാൻ iqoo z7 use ചെയ്യുന്നു. The best ❤,Positive
"Kollam kuzhappam illa. ഇറേഞ്ചിൽ cemera and prefomance, in display finger print ithokke ഈ price റെഞ്ചിൽ best thannayane❤️❤️❤️❤️❤️",Positive
എന്റെ കൈയ്യിൽ iqoo neo 6 ആണ് 1 yer ആയി ഒരു കുഴപ്പവുമില്ല അടിപൊളി സ്പീടാണ് Supper phone,Positive
iQOO 7 😊😊... ഒരു വർഷം കഴിഞ്ഞു.. കൊള്ളാം അടിപൊളി ഇപ്പഴും 💪💪,Positive
"Iqoo neo 6 owner🙌🏻..Iqoo neo 6 ..Camer - 64 mb ois better quality image..Ultrawide camera..Battery 4700 mah..80 wat fast cherger..Stereo speakers with better quality..Display E4 amoled hdr10 plus display..Performance snapdragon 870 5g chip..Bgmi, pubg, cod, 90 fps🔥..No lag no frame drop❤..Wapercooling sistom..2 or 3 minitt kond heating normal aavum..Neo 6 മുതൽ ബാക്കി ഉള്ള neo മോഡൽസ് ഉള്ളവർ ഇത് എടുക്കുന്നത് കൊണ്ട് വല്ല്യ മാറ്റം ഒന്നും ഉണ്ടാകാൻ പോകുന്നില്ല..ഇനി പുതിയ ഒരു iqoo ഫോൺ എടുക്കാൻ നിൽക്കുന്നവർക്ക് ബെറ്റർ ഓപ്ഷൻ ആണ് 🤌🏻❤️",Positive
"സാംസങ് ഗാലക്സിയും ഐഫോണും ഒക്കെ ഉപയോഗിച്ച് മടുത്ത ഞാൻ വേറെ ഏതെങ്കിലും ഒരു ഫ്ലാഗ്ഷിപ് ഫോൺ നോക്കാൻ തുടങ്ങിയപ്പോൾ കണ്ണിൽ പെട്ടതാണ് Oppo FindX5 Pro. കുറച്ചു കാലം ചൈന വിരോധം വെച്ച് കൊണ്ട് ഇതൊന്നും നോക്കിയിരുന്നില്ല. അങ്ങനെ Oppo Find X5 Pro വാങ്ങി, ഇപ്പോൾ ഉപയോഗിക്കുന്നു. കിടിലൻ ഫോൺ ആണ്, അതിന്റെ അനുഭവത്തിൽ നിന്ന് ഈ ഫ്ളിപ് ഫോണിന്റെ ക്വാളിറ്റി ഊഹിക്കാവുന്നതേയുള്ളൂ. പ്രീമിയം ഫോൺ ആണ് ഉപയോഗിക്കുന്നത് എന്ന് കാണിക്കാൻ ആണ് കുറച്ചു പേര് എങ്കിലും സാംസങ് /ഐഫോൺ തിരഞ്ഞെടുക്കുന്നത്. അങ്ങനെ അല്ലാത്തവർക്ക് ഉറപ്പായും ഓപ്പോയുടെ കൂടിയ മോഡൽ വിശ്വസിച്ചു വാങ്ങാം.",Positive
"Oppo യുടെ മെയിൻ feature നിങ്ങൾ പറഞ്ഞില്ല,Close ചെയുമ്പോൾ ഉള്ള ഗ്യാപ് പക്കാ സ്ട്രൈറ്റ് ആണ്. Sumsung ൽ അത് ഇല്ല,close ആക്കുബോൾ വളഞ്ഞു ഇരിക്കും. ഓപ്പോയുടെ നല്ല ഒരു feature ആണ് കാണാനും ലുക്ക് ആകും.",Positive
ഒരേ ഒരു രാജാവ് : SAMSUNG GALAXY 😌🫰😎,Positive
ഞാൻ ഇപ്പൊ ഉപയോഗിക്കുന്നത് vivo x80 ആണ് ഫോൺ 👌👌പൊളി,Positive
water resistant ആണ്....ഞാൻ ഡെയ്‌ലി വെള്ളത്തിൽ കഴുകരുള്ളത് ആണ്,Positive
"Digital Camara zoom എത്രവരെ വരുന്നുണ്ട്?.റിവ്യൂ കണ്ടിട്ട് samsung 22ultra യെക്കാൾ ബെറ്റർ ആണെന്ന് തോന്നുന്നു..Display quality, camera, chipset, design, charging speed👌",Positive
Night photography best ആണ്...,Positive
X80 പോളിയാണ് 👍 ഞാനും ഉപയോഗിച്ച് കൊണ്ടിരിക്കുന്നു,Positive
X80 ഇന്ന് ബുക് ചെയ്തു.....ക്യാമറ അടിപൊളിയാണ്,Positive
Vivo X 80pro എല്ലാം കൊണ്ടും കിടിലൻ ഫോൺ❤️✌️,Positive
അടിപൊളി ഫോൺ camera എനിക്ക് ഇഷ്ടപ്പെട്ടു വിലയും പകം തന്നെ,Positive
Vivo യുടെ ആറാംതമ്പുരാൻ 👍,Positive
Google pixel 6 pro അടിപൊളി ഒരു വർഷത്തിൽ കൂടുതലായി ഞാൻ ഉപയോഗിക്കുന്നു ഒരു പ്രശ്നവുമില്ല,Positive
അണ്ണൻ ഫുൾ നെഗറ്റീവ് പറഞ്ഞിട്ടുള്ള പിക്സൽ 6a എടുത്ത് അതിൽ ഈ വീഡിയോ കാണുന്ന ഞാൻ 😅 but iam happy with the device ❤️,Positive
Photos കണ്ടിട്ട് നല്ല ഫോട്ടോസ് ആണല്ലോ എല്ലാം,Positive
Pixel 4a ആണ് ഗുഗിൾന്റെ എനിക്ക് ഏറ്റവും ഇഷ്ടം ഉള്ള ഫോൺ അതിന് ശേഷം ഉള്ളത് ഒന്നും ഇഷ്ടം ആയില്ല അടിപൊളി ഫോൺ ആയിരുന്നു,Positive
Pixel അണ്ണൻ enna സുമ്മാവാ 💪,Positive
ഞാൻ കാനഡയിൽ 1 വർഷം ആയി Pixel 6 use ചെയ്യുന്നു.. ആദ്യത്തെ 2 മാസത്തെ bugs കണ്ടപ്പോൾ ഗൂഗ്ൾ നോട് പുച്ഛം തോന്നി.. but അതൊക്കെ ഫിക്സ് ആയതോടെ നല്ല എക്സ്പീരിയസ് ആണ്.. call of duty ഒകെ സുഖമായി കുറെ നേരം കളിക്കാറുണ്ട് no frame drop,Positive
Dust proof ആണ് ബ്രോ. Dust പോയാലും വല്യ സീൻ ഇല്ല,Positive
Software experience ഒരു രേക്ഷേം ഇല്ല... മുത്ത് പോലേരിക്കും❤❤❤❤❤🎉,Positive
ഏതു ആൻഡ്രോയിഡ് ഫോൺ ഉണ്ടെടെ ഹാങ്ങ് ആകാതെ 5 years എങ്കിലും ഉപയോഗിക്കാൻ പറ്റുന്നത് . ഒന്നുമില്ല. 2 ടോപ് end ആൻഡ്രോയിഡ് മൊബൈൽ വാങ്ങുന്നതിലും നല്ലതാണ് ഒരു ഐഫോൺ. പൈസ വസ്സൂൽ. 6s plus വാങ്ങി . ഐഫോൺ 12 പ്രൊ max വാങ്ങുമ്പോഴും. 6സ് പ്ലസ് ഒരു കുഴപ്പോമില്ല. ബാറ്ററി ഒരു തവണ മാറി... one time investment. Chindikkunnavarkk manassilakum. Allthavanmaar ithpole vlog compare cheyyum. Ivan parayunnath pole views kittum,Positive
4K സ്ക്രീനിൽ നിങ്ങളുടെ ഒറിജിനൽ ക്യാമറയുടെ ക്വാളിറ്റിയേക്കാൾ നല്ലതായിരുന്നു പിക്‌സൽ ൻ്റെ ക്യാമറ. ഓഡിയോയും ബെറ്റർ ആയിരുന്നു.,Positive
By ദു by പിക്സി ബോയ് ക്യൂട്ട്..,Positive
iphone aayit compare ചെയ്യല്ലേ naaripovum pixel . iphone❤️,Positive
Dxomark സൈറ്റിൽ ക്യാമെറയിൽ no1 pixel 7 pro ആണെന്നാണ് പറയുന്നത്. Iphone 14pro 3rd place ആണ്.,Positive
Enikk um pixel ne യാണ് ഇഷ്ടപ്പെട്ടത്.Nice,Positive
"google pixel 4a ഉപയോഗിക്കുന്ന njan.clean android, performance and camera item 😍😍🔥",Positive
" pixel 7 pro il better hdr ,indoor shoots better,night mode better..video shokam…stabilization like action mode similar in pixel 1080 p support only ..14 series up to 2k",Positive
cinematic mode 1080p ull pixel 7 pro il athum van shokam anu edge detection ok..14 series il 4k il edukam with better edge detection,Positive
Pixel 5 ഞാൻ use ചെയ്യുന്നുണ്ട് നല്ല camera qulity ആണ്,Positive
Google pixel 3A ഇപ്പോൾ ഞാൻ ഉപയോഗിക്കുന്നുCamera software ഇപ്പോഴും super pixel 7 Pro 7 ഇതിലും മികച്ചതാക്കും ഉറപ്പ് Pixel ഉപയോഗിച്ചാൽ മാത്ര അത് അറിയൂ,Positive
" പിക്സൽ ഏറ്റവും മികച്ച flagship phone option ആവുന്നതെന്തുകൊണ്ടാണ് .<i>__________________________________</i>.1. better software experience :3 കൊല്ലത്തെ സോഫ്റ്റ്‌വെയർ അപ്ഡേഷനും 5yrs സെക്യൂരിറ്റി അപ്ഡേഷൻ. (ഈ ഇടക്ക് വന്ന സകല സാംസ്ങ്ങ് software അപ്ഡേഷൻസും ഫോണിന്റെ ക്യാമറ ഉൾപ്പെടെ ഉള്ള സകലതിനെയും സാരമായി ബാധിച്ചു. ios 16 ന്റെ കഥയും മോശമല്ല.... ).2. clear Android experience (99% bug 🐛 free).3 . segment best camra (photos better than iPhone 14 series) , സിനിമാറ്റിക്ക് ബ്ലർ is awesome 👍💯..4. best potrait photos. , natural look photos( far better than iPhone and Samsung devices)..better stabilization in videos (ഐ ഫോണിന് മുൻപ് action mode കൊണ്ടു വന്ന Brand )👑..5. proper car detection features (ഐ ഫോണിൽ ഇപ്പോഴാണ് വന്നതെങ്കിൽ പിക്സൽ ഇതിനെ Pixel 6 ൽ കൊണ്ടു വന്ന ഫീച്ചർ ആണ് )..6. unique and attractive design ..7. build quality and better IP68 ratio..8. സ്പീച്ച് എൻഹാൻസ് മെന്റ് .9. clear call feature (ഇത് ലൈറ്റ് കത്തും എന്ന് നത്തിംഗ് പറഞ്ഞപോലെയല്ല ശരിക്കും യൂസ്ഫുൾ ആണ് ഈ ഫീച്ചർ )..10.പിന്നെ പിക്സൽ ഫോണുകളുടെ പിക്സൽ എക്സ്പീരിയൻസ് അതും എടുത്തു പറയേണ്ട ഘടകമാണ് മറ്റേതൊരു ഫോണിനേക്കാൾ വ്യത്യസ്തമാക്കുന്നത് ഇതുതന്നെയാണ്. ..ഒരു ലക്ഷത്തിന് s22 ultra, iPhone 14, 14 plus.ഇവയെക്കാൾ നല്ല ഓപ്ഷൻ ആണ് pixel 7 pro 🙏",Positive
ഗൂഗിൾ pixel fan❤,Positive
pixel phone ന്റെ വീഡിയോഗ്രാഫി യെപ്പറ്റി അറിയില്ല. But iphone ന്റെ stabilization next level ആണ്. Photography യിൽ iphone pixel ന്റെ അത്രയും വരില്ല എന്നറിയാം.,Positive
Camera ഫോണുകളുടെ രാജാവ്.Pixel 😍,Positive
"പിക്സൽ ഏറ്റവും മികച്ച flagship phone option ആവുന്നതെന്തുകൊണ്ടാണ് .<i>__________________________________</i>.1. better software experience :അഞ്ചു കൊല്ലത്തെ സോഫ്റ്റ്‌വെയർ അപ്ഡേഷനും മൂന്നു കൊല്ലത്തെ സെക്യൂരിറ്റി അപ്ഡേഷൻ. (ഈ ഇടക്ക് വന്ന സകല സാംസ്ങ്ങ് software അപ്ഡേഷൻസും ഫോണിന്റെ ക്യാമറ ഉൾപ്പെടെ ഉള്ള സകലതിനെയും സാരമായി ബാധിച്ചു. ios 16 ന്റെ കഥയും മോശമല്ല.... ).2. clear Android experience (99% bug 🐛 free).3 . segment best camra (photos better than iPhone 14 series) , സിനിമാറ്റിക്ക് ബ്ലർ is awesome 👍💯",Positive
google മാമൻ 😎🔥,Positive
എനിക്ക് ഐഫോൻ 7 ആണ് ഇഷ്ട്ടം cutest iphone😍,Positive
"ഫോൺ ഉണ്ടാക്കാൻ അത്രയും വില വരുന്നുള്ളൂ! എന്നാൽ 4,5 വർഷത്തിനു ഉള്ള software update and security update apple-ന് മാത്രം തരാൻ സാധിക്കുകയുള്ളൂ. അഥവാ തരികയാണെങ്കിൽ തന്നെ മൂന്നും നാലും വർഷങ്ങൾ കഴിഞ്ഞാൽ ആ ഫോണിനെ കൊണ്ട് പ്രത്യേകിച്ച് ഒരു ഉപകാരവും ഉണ്ടാകുകയില്ല,",Positive
"ബ്രോ 7 hrs ബാറ്ററി ലൈഫ് കിട്ടുന്നുണ്ട് ബ്രോ 2hrs continues pubg കളിച്ചിട്ടും , യൂട്യൂബ് വീഡിയോസ് പ്ലേയ ചെയ്തിട്ടും ഇൻസ്റ്റാഗ്രാം, ഫേസ്ബുക് ഇതൊക്കെ use ചെയ്തിട്ടും 7hrs ന്റെ അടുത്ത് ബാറ്ററി ലൈഫ് കിട്ടുന്നുണ്ട്, ഇപ്പൊ ഇറങ്ങുന്ന 4000 mah ബാറ്ററി ഉള്ള ആൻഡ്രോയിഡ് ഫോണിനെക്കാളും ബെറ്റർ ആണ് ,",Positive
"<b>എനിക്ക് എല്ലാം കൊണ്ടും ഇഷ്ടായി❤, പൈസ ഇല്ലാത്തോണ്ട് വാങ്ങുന്നില്ല👍</b>",Positive
ഇപ്പഴാ തൃപ്തി ആയത്!!😄💯❤️.മിനി ആണ് എന്റെ fav😘,Positive
"Bro യുടെ review വേണ്ടി waiting aayirunnu...Superb review 👌.Still I don&#39;t understand, why everyone is comparing iphone 12 mini with iphone se 2020...and iphone 12 mini is far far better than SE..",Positive
എന്ത് ആയാലും samsung എന്റെ dynamic amloed ഡിസ്‌പ്ലൈ ആണ് മാർക്കറ്റിൽ king,Positive
"Please watch comparing videos... display മാത്രം ആണ് ഐഫോൺ ബാക്കിൽ .. ബാക്കി എല്ലാ മേഖലയിലും ഐഫോൺ 11ആണ് മുന്നിൽ... antutu score, battery backup,camera performance.... this team whole smartphone world agrees that apple beated samsung this time with iphone 11 series... and it is pretty clear if you watch comparative videos....please dont say about samsung build quality... i have wasted my money on galaxy s8....... samsung is the real cheaters",Positive
"താൻ എന്തൊക്കെ ആണ് വിളിച്ചു പറയുന്നത്?? ഫാസ്റ്റ് ചാർജിങ് lithium cells പെട്ടന്ന് നശിപ്പിക്കും എന്ന് proven ആണ്..... നിങ്ങൾ ഒരു longterm ഫോൺ ആണ് ചൂസ് ചെയ്യുന്നത് എങ്കിൽ നോർമൽ ചാർജിങ് ആണ് ബെസ്റ്റ്... ആദ്യം lithium battery എന്ത് അന്നെന്നു rapid chrging അതിനെ എങ്ങനെ പെട്ടന്നു നശിപ്പിക്കും എന്ന് പഠിക്കു എന്നിട്ട് വിമർശിക്കു... apple always create product for long term..... പിന്നേ ഡിസ്‌പ്ലേയുടെ കാര്യം.. താങ്കൾ യൂട്യൂബിൽ iphone 11 battery test search ചെയ്യൂ....3000mh battery iphone beated 4300 mh note 10 and oneplus 7t....നിങ്ങള്ക്ക് പ്രത്യക്ഷത്തിൽ കുറേ specification വേണം അത്രേയുള്ളൂ..ഇപ്പോൾ ചൈനീസ് കമ്പനി ചെയ്യുന്നതും അതാണ്.. 64 mp camera 😂😂 for what?? With poor hardware, software optimisation ..iphone 11 only has 12 mp dual camera.. but its far better than note 10 galaxy s10 and oneplus 7t.....iphone a13 bionic chip beated every other premium phones......ഹേറ്റേഴ്‌സ് എപ്പോഴും കുറച്ചോണ്ടേയ് ഇരിക്കും... but apple stepedup up this time with iphone 11 series... താങ്കളെ പോലെ ഐഫോൺ overpriced അന്നെന്നു കരുതിയ ആളാ ഞാനും..but iphone 11 awesome phone am going to buy one soon",Positive
"കുറച്ചു നല്ല ഫീച്ചേഴ്സ് ഒക്കെ വന്നിട്ടുണ്ട്, samsung നോട്ട് 10+ മായി കമ്പയർ ചെയ്യുമ്പോൾ iphone11 pro disappoint ആണ്, എടുത്തു പറയേണ്ടത് 720 ഡിസ്പ്ലേ പോരായിമ തന്നെ ആണ്, നല്ലൊരു വീഴ്ച വീണാൽ പപ്പടം പൊടിയും പോലെ പൊടിയും iphone11 pro.",Positive
ആൻഡ്രോയിഡ് 6 ജിബി ക്കാളും ഫാസ്റ്റ് ഐ phone 2 ജിബിക്ക് ഉണ്ടാവും broo,Positive
1 gb റാം ഉള്ള 6plus ഇതു വരെ ഹങ് അയിട്ടില്ല broo പിന്നാലെ 2 ജിബി റാം ..ഐ ഫോൺ 5s പോലും ഹങ് അവില്ല broo ...ബാറ്ററി പ്രശ്‍നം ഒഴിച്ചാൽ ഐ ഫോൺ വേറെ ലെവല് ആണ്,Positive
sure... But display and battery og aanel best aanu,Positive
2 yr ഉഭയോഗിക്കുന്നു . ❤️❤️❤️,Positive
ഞാൻ 7പ്ലസ് വർഷം ഉപയോഗിച്ചു ഇതുവരെ ഒരു കുഴപ്പവും ഇതുവരെ ഉണ്ടായിട്ടില്ല very ഗുഡ്,Positive
Iphone mini യെക്കാളും നല്ലത് 12 തന്നെയാണ്............. 12 ഉം hand comfortable ആണ്.,Positive
Bro Huawei mate 40 pro best camera phone in the world . പിന്നെ mi 10 pro max ആണ് അത് കൂടെ ഒന്നു ഓർക്കാം😂😂,Positive
അങ്ങനെ ഞാൻ എടുത്തു guys iphone💥🙌🏻✨️,Positive
Supper ആണ് x ഞാൻ ഒന്നര വർഷം യൂസ് ചെയ്യുന്നു .,Positive
2 days മുമ്പ് new piece Nalla deal il കിട്ടിയപ്പോൾ എടുത്തു.. X ishtam ❤,Positive
"4.5 വർഷം കഴിഞ്ഞു , Redmi Note 4, storage balance 2.5 gb മാത്രം ബാക്കി, എന്നിട്ടും ഒരു പ്രോബ്ലം ഇല്ല...",Positive
11 പൊലിയല്ലെ??? ഫോൺ കൊള്ളാം.. It’s Very Nice..❤️👌🏻,Positive
Iphone 7 plus ഇറങ്ങിയ സമയത് എടുത്തതാണ് ഇപ്പൊഴും PUBG കളിക്കുമ്പോൾ ഒരു lag പോലും ഇല്ല ചാർജ് മാത്രമേ ഒരു പ്രശനം ഉള്ളു iphonin തുല്യം iphone മാത്രം,Positive
"Urgent anel എടുത്താ മതി bro xs ,xsmax ,xr ellam epolum pakka anu pinne iphone13 A15 bionic anu, nalla battery life kittum",Positive
സൂപ്പർ 🌹🙏.ബ്രോ പ്വോളി,Positive
nope.. XR നേ ക്കാ ബെറ്റര്‍ XS ആണ്.. മെയിന്‍ ആയിട്ട് XS OLED ഡിസ്പ്ലേയാണ്.. XR നോര്‍മല്‍ lcd .. 😋,Positive
Community tab illa ഇട്ടപ്പോൾ തൊട്ടേ wait chayithu ഇരിക്കുകയായിരുന്നു. Iphone uyir😘🥰,Positive
<b>A14 Chip 5nm ആയിരിക്കും ഇപ്പോഴത്തെ A13 ഇന്റെ ഇരട്ടി പെർഫോമൻസ് ആണെന്നൊക്കെ കേൾക്കുന്നു☺</b>,Positive
6s plus ആണ് എനിക്കിഷ്ട്ടം,Positive
7 plus ഇറങ്ങിയ ടൈമിൽ എടുത്തത് ആണ് അന്ന് മുതൽ ഇന്ന് വരെ heavy use ആണ് ചെയ്യുന്നത് performance ഇപ്പോഴും 100 👌👌 daily pubg കളിക്കുന്നതും ഈ ഫോണിൽ തന്നെ ഒരു തരത്തിലും ഉള്ള lag and ഹാങ്ങ് ഇല്ല charge മാത്രം ആണ് issue pubg കളിക്കുമ്പോൾ headset and charger ഒരുമിച്ച് connect ചെയ്യാനുള്ള connectors കിട്ടും അത് use ചെയ്തു കളിച്ചാൽ still പൊളി iPhones is the best 👌,Positive
Apple fans 🍎😍😍😍.Apple iphone ഒരിക്കലെങ്കിലും യൂസ് ചെയ്തവർക്ക് അറിയാം അതിന്റെ ഫീൽ .That&#39,Positive
1 year കഴിഞ്ഞു poli ആണ് 💥,Positive
എനിക്ക് earphone കിട്ടി.. 🔥,Positive
എടുക്കുപോൾ A serias എടുക്കണം M serias bor ane,Positive
Bro njan ഈ phone വാങ്ങിയിട്ട് 3month ആയി ഒരു problem പോലും കാണുന്നില്ല,Positive
"<a href=""https://www.youtube.com/watch?v=9AgQSSZimp4&amp;t=9m15s"">9:15</a> നൻബാ എന്റെ phone SE ആണ് (first model) .... ഞാൻ എല്ലാ കാര്യവും പറയുന്നില്ല ഒരു കാര്യം മാത്രം പറയാം ... വെറും 2 GB RAM മാത്രം ഉളള എന്റെ ഫോണിൽ pubg കളിക്കുന്ന feel ഒന്നും samsung A70 6GB RAM ഉളള ഒരു ഫോണിൽ കിട്ടുന്നില്ല iphone se നെകാളും features കൂടുതൽ ഉളള samsung a70 കി iphone റ്റെ performance കിട്ടുന്നില്ല .... Budget നോകാന്നേൽ രണ്ടും ഏകദേശം same ആണ്",Positive
2015 ൽ ഇറങ്ങിയ ഐഫോൺ 6s ഇന്നും പുതു പുത്തനായി തന്ന കൈൽ നിൽക്കുന്നു യാഥരു കംബ്ലെന്റേം ഇല്ലാതെ ആർക്കും വിശോസിച്ചു വാങ്ങാൻ പറ്റിയ ഓരോ ഒരു പ്രോഡക്റ്റ് ഐഫോൺ തന്നെയാണ്. ഹെവി ഡ്യൂട്ടി ഫോൺ ios 4.4 .now വർക്കിങ്,Positive
ക്യാമറ പൊളി....ചാർജിങ്ങും fast❤,Positive
പൊളി ആണ്....വേറെ ലെവൽ സ്മൂത്ത്‌ ആണ് ❤,Positive
3D tech ഉണ്ടായത് കൊണ്ട് Home button ആവശ്യം വരുന്നില്ല ....അതുകൊണ്ട് Complaint ആവാൻ ചാൻസ് കുറവാ .....,Positive
എന്റെ അഭിപ്രായത്തിൽ ആപ്പിൾഇന്റെ ഏറ്റവും നല്ല ഒരു ഐഡിയ ആണ് 6s,Positive
According to ur rewiew 6s പോരാ according to me 6s പൊളിയാണ് ❤️,Positive
Gaming + video editing ന് മാത്രം ആണെങ്കിൽ ഈ 24000 price റേഞ്ചില്‍ apple ന്‍റ ടാബ് 6th gen ആണ്‌ good,Positive
Iphone 6s compare ചെയ്യപ്പെടുന്നത് ഇപ്പൊഴത്തെ flagship കളോടാണ് അതാണ് 6s nte rAnge 🔥,Positive
ഞാൻ മടുത്തു bt ഫോൺ മടുത്തിട്ടില്ല. അതിനെങ്ങാൻ ഒരു കുഴപ്പവുമില്ല....,Positive
വാങ്ങിച്ചപ്പോൾ എങ്ങനെ ആണോ അതുപോലെ ഇപ്പോഴും😍...,Positive
4year ayi used vagiyathanu battery service ayi അല്ലാത്ത കുഴപ്പം ഒന്നുമില്ല,Positive
<b>ഈ പൈസക്ക് m51/A62 എടുക്കാം. എല്ലാം കൊണ്ടും ബെസ്റ്റ്.. പിന്നെ apple ആണെന്ന് ആളുകളെ കാണിക്കാം ഇതാണെങ്കിൽ😂</b>,Positive
ആൻഡ്രോയിഡ് 3/4ക്യാം ആയി.. പക്ഷെ iphone 1 ക്യാം ധാരാളം 👌 🎈,Positive
പ്രത്യേകിച്ച് പറയേണ്ട ആവിശ്യമില്ല.always good 👍,Positive
Proud to be iPhone 8 user...എന്റെ 2 വർഷത്തെ experience വറ്റു നോക്കുമ്പോൾ Bro പറഞ്ഞ കാര്യങ്ങൾ എല്ലാം പക്കാ കറക്റ്റ് ആണ്...Anyway I liked this video and I subscribed your cannel...Go ahead bro.,Positive
1st- Notch remains but smaller.2nd- 64mp not happening .3rd- 120hz but no Ltpo dynamic refresh rate.4th- 120hz cancelled.5th- Battery Size REDUCED.6th- Notch remains the same.Now- Camera cutout going to look like identical to current one...The upgrades are so minor feels like they should’ve name it 11s..ഇനി എന്തായാലും ഐഫോൺ ഉയിർ..ക്വാളിറ്റി ആൻഡ് സെക്യൂരിറ്റി മുഖ്യം ബിഗിലെ..,Positive
Xr ഇഷ്ട്ടം 💓,Positive
ബ്രോ ഞൻ 3 weeks അയി new iphone 8plus വാങ്ങിയിട്ട് 256gb from carrefour offer il ധൈര്യം അയി എടുത്തോ സൂപ്പർ ഫോൺ ആണ് one ഡേ battery ലൈഫ് no hang,Positive
8plus സൂപ്പർ ഫോൺ ആണ്. .35k പൊട്ടിക്കാത്ത ബോക്സ്‌ kitiilla .. abow45k epolum price undu,Positive
3years ഇത് വരേ oru prblvum ഇല്ല,Positive
2018 ഇൽ ഇറങ്ങിയത് ഇപ്പോഴും കിടുവായി പോകുന്നുണ്ട് അപ്പോഴാ 😂..Thats the main pros i see in iphones,Positive
iPhone വേറേ levelan മോനെ. iPhone is iPhone. അതിനെ വേറേ phonumayitt comparion ചെയ്യാൻ പറ്റില്ല..one plus നല്ലതാണ്. ഞാൻ ഇതിന് മുന്ന് x ആണ് use ചെയ്തത്. ഇപ്പൊ 11,Positive
xs best എന്ന് പറയുന്നത് അതിന്റെ led display മാത്രം നോക്കിയാണ് ചിലർ പറയുന്നത്.ഞാൻ 11 ആണ് use ചെയ്യുന്നത്.lcd display ആയിട്ട് എനിക്ക് ഇത് വരെ ഒരു പ്രശ്‍നവും തോന്നിയില്ല.അധികമാളുകൾക്കും സ്‌ക്രീനിൽ പെയിന്റ് അടിച്ചു തിളങ്ങുന്ന പ്രകൃതി ഭംഗി ആയിരിക്കും ഇഷ്ടം.എനിക്ക് നാച്ചുറൽ ആയിട്ടുള്ള പ്രകൃതി ഭംഗിയാണ് ഇഷ്ടം😊,Positive
നല്ലൊരു ഫോൺ തന്നെയാണ്...പക്ഷേ വാങ്ങാൻ പൈസ വേണ്ടേ 😭😭😭.എന്നാലും വാങ്ങും എന്നെങ്കിലും😁😘,Positive
"6s ഇപ്പോൾ എടുക്കുന്നത് നല്ലതല്ല, se 128 gb is better",Positive
2020തിൽ ഇറങ്ങിയ കുഞ്ഞു ഫോൺസ് ഒക്കെ ഇഷ്ടപ്പെടുന്നവർക്ക് ഒരു best ഫോൺ ആണ് <b>IPHONE SE</b> 🙌.2021ൽ ചെയ്തതിൽ ഒരുപാട് നന്ദി 😊,Positive
Personally ഇഷ്ടപ്പെട്ടത് Iphone 12 ആണ്,Positive
but എനിക്ക് xr portrait നല്ല രീതിയിൽ വർക്ക്‌ ചെയ്യുന്നുണ്ട്,Positive
"Mi11 ultra.. അതിൽ ഒരു തർക്കം ഇല്ല. Oneplus canera ദുരന്തം ആണ്. പിന്നെ high battery drain issues und.. Software side orupad issues und one plus9pro... Shezam ജപ്പാൻ ജെട്ടി എന് പറഞ്ഞു പുച്ഛിച്ചു oneplus9proye😂... എന്നിട്ട് പോയി mi11 ultra eadthu.1build quality better mi 1 ultra.Display better mi11 ultr.Camera better mi11 ultra.Perfomance of mi11 ultra is better than one plus9pro according to bench marck.. Pinne stock adroid വച്ചു ഇറക്കിയാൽ, ഒരു പട്ടി പോലും ഇത് വാങ്ങില്ലായിരുന്നു.. Mi faninu വേണ്ടത് miui aanu... Allathe stock android alla... Stock android ആണേൽ പിന്നെ ഇത് ആരും വാങ്ങുക പോലും ഇല്ല... Mi de തനിമ അതിന്റെ miui aanu",Positive
Mi 11ultra യുടെ അത്ര എന്തായാലും എത്തൂല,Positive
ഐഫോൺ 13 pro max സിൽ ഇതു കാണുന്ന ഞാൻ 😀.ഒന്നും പറയണ്ട വേറെ ലെവൽ ആണ് ഐഫോൺ 13 pro max സൂപ്പർ,Positive
എനിക്ക് എൻ്റെ 12 pro തന്നെ കിങ് 😄,Positive
QUALITY ആണ് സാറേ....ഇയാളെ Main⚡🌟,Positive
plud പൊളി അല്ലെ broo എനിക്കിഷ്ട്ടം 6s plus ആണു,Positive
Huge bezel ഒരിക്കലും ഒരു പോരായ്മ അല്ല..കട്ടിലിൽ/സോഫയിൽ കിടന്നോൻഡ് ഫോൺ ഉപയോഗിക്കുമ്പോ bezelഇന്റെ ഗുണം മനസ്സിലാകും. ബാക്കി ഉള്ള ഫുൾ ഡിസ്‌പ്ലേ ഫോൺ ആണെങ്കിൽ mistouch എന്ന ഒരു ദുരന്തം അവിടെ സംഭവിക്കും. ഇത് ശെരിക്കും grip ചെയ്യാൻ ഒരു സ്ഥലം വേണ്ടെയ്‌😣,Positive
Apple വേറെ ലെവൽ തന്നെ ✌👍,Positive
"Ennaa.. Quality -യാന്നെ ....., Al poli .😍., ഇഷ്ട്ടായി😍😍.",Positive
Quality സിംഹമേ നമിച്ച് 😍,Positive
കിടു മൊതല് ♥️👌.as always Nice video DUDE ♥️♥️♥️👌👌👌,Positive
ANChuz MusiC 11 മതി ബ്രൊ. Telephoto camera and AMOLED display അല്ല എന്നേ ഉള്ളൂ..അടിപൊളി performance ആണ്‌.,Positive
Unbox Therapy ഇത് bend ചെയ്യാൻ നോക്കി! നടന്നില്ല 😁🤭,Positive
Samsung s20 ultra ആയിട്ടു മത്സരിക്കാൻ ഒരു ഐഫോൺ ഉം ഇല്ല,Positive
"ഐഫോൺ 12 /12പ്രൊ മാക്സ് HDR 10 bit Dolby vision വീഡിയോ റെക്കോർഡിങ്നെ കുറിച്ചു നമ്മൾ ചില കാര്യങ്ങൾ മനസിലാക്കേണ്ടത്..ഒരു നോർമൽ കസ്റ്റമർ വെച്ച് നോക്കുവാണേൽ HDR Dolby vision വലിയ സംഭവമായി തോന്നില്ല.പക്ഷെ വീഡിയോഗ്രാഫി il, ഉള്ളവർക്ക് അലെൽ സിനിമ ഫീൽഡ് ഉള്ളവർക്ക് ഹ്യൂജ് അച്ചീവേമെന്റ് ആണ്.കരണo.(Worlds Most advanced dynamic HDR ആണ് dolby Vision ).Dolby Vision special is its use of dynamic metadata. Unlike HDR10, ആൻഡ് HDR 10 plus which is an open format, Dolby Vision uses dynamic metadata to tone-map the image on a scene-by-scene or frame-by-frame basis.ഇന്ന് real time 10 bit HDR dolby visionൽ റെക്കോർഡ് ചെയ്യാൻ പറ്റുന്ന ഒരു സിനിമ ക്യാമറ/ പ്രഫഷണൽ ക്യാമറ ഇല്ല.അപ്പോൾ നിങ്ങൾ ഓർക്കും dolby വിഷൻ ഇൽ സിനിമ ഉണ്ടാലോ എന്ന് ശരിയാണ് പക്ഷെ സിനിമ ക്യാമറ പോലും വീഡിയോ എടുത്തു പിന്നിട് എഡിറ്റിംഗ് സോഫ്റ്റ്‌വെയർ ഇൽ ഓരോ ഫ്രെയിം കളർ ഗ്രേഡ്,ചെയ്‌താണ് dolby vision HDR ആകുന്നത്..*ഇവിടെയാണ് നമ്മൾ ഐഫോൺ 12 പ്രൊ /മാക്സ്ന്റെ.വീഡിയോ റെക്കോർഡ് മികവ് മനസിലാക്കേണ്ടത്.(Iphone 12 pro/ pro max First camera ever to record HDR 10 bit with Dolby Vision...).*Iphone 12 pro /max supports 10 bit HDR dolby vision in rear cam up to 4k 60 fps.* 12 pro /pro max front cam support 10 bit HDR dolby vision up to 4k 30 fps.*12 / 12 mini has 10 bit HDR dolby vision im rear cam up to 4k 30 fps,.Dolby vision up to4k 60 fps 12 /mini ഇല്ല because of less ram than pro models ..HDR 10 bit Dolby vision 12 pro and 12 pro max real time ആണ് rendring ചെയ്യുന്നത് അതും 4K 60 fpsൽ.Dolby vision ആകാൻ എഡിറ്റിംഗ് ആവശ്യം ഇല്ല.റെക്കോർഡിങ് ഇൽ തനെ ഫോൺ dolby vision HDR 10 bitൽ rendring ചെയ്യുന്നു ഓരോ ഫ്രെയിംഉം ഓരോ സെക്കന്റ്‌ ലും..10 bit 700 മില്യൺ കളർ ക്യാപ്ർ ചെയുന്നത് .A14 ചിപ്പ് isp processing power ആണ് ഇത് കാണിക്കുന്നത്.* ഇനി dolby vision ഓഫ്‌ ആക്കിയാൽ വീഡിയോ റെക്കോർഡ് മോശം ആകും എന്ന് ഓർക്കണ്ട കാരണോം നോർമൽ വീഡിയോ റെക്കോർഡ് ഇൽ up to 4k 60 fps ill extended dynamic range available ane like 11 pro മാക്സ്,12 pro മാക്സ് etc.ചിലർക്ക് അറിയായിരിക്കും iphone 11 /12 4k 60 fps വിത്ത്‌ extended dynamic range ഇൽ 4k 120 fps ഇൽ ആണ് വീഡിയോ റെക്കോർഡിങ് ചെയുന്നത്....(Dolby വിഷൻ വീഡിയോ, colours,hdr, ഹൈലൈറ് ഡീറ്റെയിൽസ്, എലാം, extended dynamic rangeനെകൾ .കുടുതലായിരികും, HDR 10 bit dolby vision വീഡിയോ etc, extended dynamic rangeനെക്കൾ way better ആണ്...)..ഐഫോൺ 11 പ്രൊ /12 pro ശരിക്കും 4k 60 fps extended dynamic റേഞ്ച് അച്ചിവ് ചെയ്യാൻ (4k 120 ) ആണ് internally ഷൂട്ട്‌ ചെയുന്നത്.Because iphone in 4k 60 etc iphone has has real time rendering it internally recording in 4k 120 fps, power of A14 and processing of isp it can well exposed both standard exposure frames and high exposure frames in real time and rendering it in the video thats why iphone has better dynamic range and highlights details and shadow details than the android counderparts.....അതുപോലെ തനെ സെയിം ഐഫോൺ 12 seres ഇൽ തനെ HDR 10 bit Dolby vision playback and എഡിറ്റിംഗ് ആൻഡ് sharing സാധിക്കും..പക്ഷെ നമ്മൾ മനസിലാക്കേടത് HDR 10 bit dolby vision supported ഡിസ്പ്ലേ വളരെ കുറവാണ് smartphone ഐഫോൺ 12 സെറീസ് ഡിസ്പ്ലേ മാത്രം ആണ് 10 bit dolby vision പ്ലേബാക്ക് സപ്പോർട്ട് ചെയുന്നത്, സാംസങ്,, oneplus, etc ഒന്നും സപ്പോർട്ട് ചെയ്യില്ല etc.*ഐഫോൺ 12 seres ഡിസ്പ്ലേ 10 bit color supported ആണ്....ഇതിനർത്ഥം ഐഫോൺ 12 സെറീസ് ഇൽ എടുത്ത HDR 10bit dolby vision നമ്മൾ ആൻഡ്രോയ്ഡ്ലേക്ക് ഷെയർ ചെയ്‌താൽ,/ സപ്പോർറ്റീവ് അല്ലാത monitor ഇൽ ഇട്ടാൽ dynamic range and highlight details difference, മനസിലാക്കാൻ സാധിക്കില്ല,10 bit dolby വിഷൻ സപ്പോർറ്റീവ് അല്ലാത്ത ഡിസ്പ്ലേ ഇൽ ഓവർ exposed ആയി തോന്നുമം..എന്നാൽ ആപ്പിൾ (ഐഫോൺ X XS, 11,12,, ipad apple tv )ellam Dolby vision playback support ഒണ്ട്, ആപ്പിൾ dolby vision codec സപ്പോർട്ട് older device പ്ലേബാക്ക് ചെയ്യാൻ സോഫ്റ്റ്‌വെയർ അപ്ഡേറ്റ് ലുടെ നൽകും.അതുപോലെ തനെ (i movie, fcp,) എല്ലാം HDR 10bit dolby vision സപ്പോർട്ട് ആകുന്നുണ്ട് ആപ്പിൾ .അതുകൊണ്ട്, ഐഫോൺ 12 ഇൽ എടുത്ത HDR10 bit dolby vision footage നമുക്ക് ഇനി സോഫ്റ്റ്‌വെയർ അപ്ഡേറ്റ് ശേഷം, dolby വിഷൻ footage playback older ഐഫോൺ ഇൽ കാണാം....",Positive
"ഐഫോൺ 12 പ്രൊ max അഡ്വാൻടേജസ് ആൻഡ് ഇമ്പ്രൂവ്മെന്റ്സ് 11 പ്രൊ മാക്സ് വെച്ച് നോക്കുവാണേൽ.....* A14 5nm chip....* 5g support iPhone 12 Pro 5G (sub‑6 GHz and mmWave) .max have the most 5G bands of any smartphone( smart data mode ).* ceramic shield tough glass .* ip 67 water and dust resistant up to 6 meters .* 2 times faster lte speed .* boxy design and smaller bezzels .* 128 gb base model storage .* wireless charging up to 15 വാട്ട്.*.(ക്യാമറ നോക്കുവാണേൽ ഹ്യൂജ് ഇമ്പ്രൂവ്മെന്റ്സ് ആണ് ഉള്ളത്).New camera with f/1.6 arpacture ,with 7 element lens ,.*New 47 % larger 1.7 pixel size , 87%better low light photos .*New telephoto camera with 65 mm focal length 6 element lens .* sensor shift stabilisation for better smoother stabilisation New OIS makes 5000 adjustments per second,.*HDR 10 bit video recording .* Dolby vision HDR video recording in 4k 60 fps in both front and back cam ......* Lidar scanner with 6x faster autofocus in low light .* night mode portrait photography .* night mode with time lapse etc .* now iphone all cameras has deep fusion.* up to 12 x digital zoom .*apple pro raw .* smart hdr 3 .*all camera support night mode include front",Positive
Lumafusion അടിപൊളിയാണ് 4k editing -upto 3 വിഡിയോ channel support ചെയ്യും,Positive
"ഒരു ആർട്ടിസ്റ്റ് ആണെങ്കിൽ നിങ്ങൾക്ക് ഐപാഡ് 7th gen വാങ്ങാം അല്ലെങ്കിൽ ഒരു ipad air. രണ്ടിലും apple പെൻസിൽ സപ്പോർട്ട് ചെയ്യും. ആർട്ടിസ്റ്റ് കൾക്ക് ഒരുപിടി നല്ല ആപ്പുകൾ ഉണ്ട് ipad ഇൽ. Procreate, Autodesk sketch, painter, concepts അങ്ങനെ ഒരുപാട് നല്ല ആപ്പുകൾ ഉണ്ട്. പിന്നെ ഫോട്ടോഷോപ്പ്, affinity designer, affinity photo മുതലായ നല്ല graphics ആപ്പും ഉണ്ട്",Positive
"വിഡിയോ നന്നായിട്ടുണ്ട് ... കഴിഞ്ഞ 3 വർഷമായി ipad pro ഉഒയോഗിക്കുന്ന ആളാണ് ഞാൻ ipados 13 update mouse സപ്പോർട്ട് കൊണ്ടുവന്നതുമുതൽ എന്റെ work ലാപ്ടോപ്പിന്റെ ഒരു replacement ആയി ഞാൻ ഇത് ഉപയോഗിക്കുന്നു ... Pencil ആൻഡ് Keyboard വിത്ത് trackpad ഉണ്ടെങ്കിൽ ഇത് ഒരു ലാപ്ടോപ്പ് replacement ആണ് പ്രത്യേകിച്ച് 12.9 ഇഞ്ച് .പിന്നെ ഒരു ചെറിയ suggestion ഉണ്ട് .. <a href=""https://www.youtube.com/watch?v=CeXPixkgaWY&amp;t=3m30s"">3:30</a> പറയുന്നു apple A12z ചിപ്പ് മാക് ബുക്ക് ഇത് വരുന്നു എന്ന് ..അത് എത്ര ശരിയാണെന്ന് അറിയില്ലാ... ഈ ചിപ്പാണ് apple developer machine ഇൽ ഉപയോഗിച്ചിരിക്കുന്നത് പുതിയ macbook ഇൽ A 14 ആവാനാണ് സാധ്യത",Positive
7th Gen ആണ് കുറച്ചു കൂടെ നല്ലത് അതിൽ apple Pencil Support ഉണ്ട് കൂടാതെ ഒരു ലോജിടെക് കോംബോ ടച്ച് കീ ബോർഡും കൂടിയുണ്ടെങ്കിൽ almost ഒരു Laptop replacement ആയി&#39,Positive
"അഭിനയിച്ച് അഭിനയിച്ച് shazz brokku vella multiple personality disorderum veruvo ,🙃",Not_relevant
ഒരു dislike പോലും ഇല്ല 😎,Not_relevant
പൂച്ച സെർ :- ഇവൻ ഇപ്പോഴും എന്റെ പുറകിൽ തന്നാണോ 😂😂😂😂.ഒന്ന് നടക്കാനും സമ്മതിക്കില്ലേ ....,Not_relevant
അടിപൊളി വീഡിയോസ് ആണ് പെർഫോർമൻസും കൊള്ളാം അവതരണം അടിപൊളി ആണ് lots of love frm മ്മളെ മലപ്പുറം 💕,Not_relevant
Indian govt. Tax 👎 തീ കൊള്ള,Not_relevant
2023 lum realme c20 യിൽ കാണുന്ന ഞാൻ.😁,Not_relevant
ആർക്കും വാങ്ങാം ബ്രോ റിലയൻസ് il നിന്ന് ബജാജ് ഫിനാൻസ് വഴി 24 month no cost emi und 2700 something monthly emi varum no processing charge and no interest ngan ഇന്നലെ മേടിച്ചു 13,Not_relevant
<b>ചുമരിൽ ഉള്ള ഫോട്ടോ</b>.<b>അനിയന്റെ ആണോ</b>,Not_relevant
@ശ്യാം ഫക്കീർ മുഹമ്മദ് കൊല്ലം oman etra ind price.Ind money?,Not_relevant
@Ameen sha അത് നല്ലകുകുറവാണല്ലോ 𝕓𝕣𝕠. ഇവിടെ ഒമാനിൽ നല്ല rate ഉണ്ട് 😕,Not_relevant
ചേട്ടാ.ഈ ചർച്ച് ഏതാ. എവിടെയാ സ്ഥലം. മിക്ക വീഡിയോ കണ്ടിട്ടുണ്ട്,Not_relevant
പ്രതാപേട്ടാ....ഒരു iphone വാങ്ങിച്ചു തരുമോ 🥺.ഒരു ചെറിയ പൈസന്റെ മതി..കയ്യിൽ ആണെങ്കിൽ പൈസ ഇല്ല 😑 വീട്ടുക്കാർ ആണെങ്കിൽ ആരും വാങ്ങി തരുകയും ഇല്ല 😑,Not_relevant
<b>ഇങ്ങള്</b> <b>ഒരു</b> <b>ജിന്നാണ്</b>.<b>☺︎︎ꨄ︎☺︎︎</b>,Not_relevant
Free fire കളിക്കുന്നവർ ഒണ്ടോ ഇവിടെ 👇🔥,Not_relevant
എവിടെയോക്കെയോ   actor നന്ദുവിന്റെ voice 🤔,Not_relevant
90k ക്കുവാങ്ങാൻ 25k ticket കൂലിയും കൊടുത്ത് വാങ്ങാൻ പോകുന്ന അൽമലയാളി😄😄😄,Not_relevant
ഈ നാറി തന്നേ അല്ലേ i phone കുറ്റം പറയുന്നത്,Not_relevant
"കിടിലൻ straight forward, honest review",Not_relevant
ചേട്ടാ ഞാൻ ഫോണിനെ kurich ഒന്നും അറിയില്ല എനിക്ക് മാത്രം മൊബ് നമ്പർ ഒന്ന് തരുമോ,Not_relevant
ചേട്ടൻ പലപ്പോഴും മനോജ്‌ k ജയൻ ആവുന്നുണ്ടല്ലോ,Not_relevant
Review പുറമേ ആളുകളെ പിടിച്ചിരുത്താനുള്ള കഴിവാണ് ക്ഷസ്സതിനെ വ്യത്യസ്‌തനക്കുന്നത്,Not_relevant
ആരൊക്കെ ഗിരീഷ് ഗംഗാധരനെ search  ചെയ്തു 🙄👍❤️,Not_relevant
എന്താണെന്നു അറിയില്ല എത്ര negative പറഞ്ഞാലും still I LOVE U😍,Not_relevant
Broയുടെ എല്ലാ vedios കാണാരുണ്ട് പൊളിയാണ് 😍💥🔥💥,Not_relevant
Shazzam... ഈ ചതി നമ്മളോട് വേണ്ടായിരുന്നു ട്ടാ. നീയേ ഉണ്ടായിരുന്നുള്ളൂ നീ മാത്രേ ണ്ടായിരുന്നു ള്ളൂ ട്ടാ... ഐഫോൺ പ്പാൻസിന്റെ മുന്നിൽ പിടിച്ചു നിന്നോണ്ടിരുന്നതാ,Not_relevant
ഇവിടെ ഒരു ചായ കുടിക്കാൻ പോലും പൈസയില്ല തെണ്ടുകയാണ് കൂട്ടുകാരോടൊപ്പം അച്ഛന്റെ അമ്മയുടെ അടുത്ത്   അന്നേരം  i phone കാണുബോ  😭😭😭😭😭,Not_relevant
<b>Iphone</b> ഫാമിലിയിലേക്ക് സ്വാഗതം <b>mr shazam</b> 😁❤,Not_relevant
Apple inte Expression യാ മോനെ,Not_relevant
ആപ്പിൾ കമ്പനിക്കാർ വീഡിയോ കണ്ടാൽ സന്തോഷിക്കും🤣 finally shazzam  i phone vaghi ✌🏻👍,Not_relevant
എന്നെ ട്രോള്ളാൻ എനിക്ക് ഒരു തെണ്ടിയുടെയും ആവശ്യമില്ലാന്ന് 😂😂😂 well-done bro 😝😝😝,Not_relevant
26k എവിടെ കിട്ടും please please reply,Not_relevant
Chettan oru maasam mumbu alle iPhone 13 mini upayogichathu...Pinna enthina kore naal... Varsham ennokke parayane aa video kandu irikkumbalaanu ഈ  video nta notification vannathu🤣🤣🤣🤣😜😜,Not_relevant
Zasham ബ്രോ... പറ്റുമെങ്കിൽ ഒന്ന് വിളിക്കിക്ക്...,Not_relevant
@Jenu Mathew ഞാൻ ഇയാളെ അമ്മായി അപ്പൂപ്പൻ ചാനലിൽ കണ്ടായിരുന്നു 😂🙏,Not_relevant
Eppo angane ഇരിക്കണ്,Not_relevant
ഒരു വർഷം കഴിഞ്ഞ് video കാണുന്ന ഞാൻ,Not_relevant
ഇപ്പോഴും redmi note 5pro use ചെയുന്ന എന്നോട് ചാർജിങ്ങിന്റെ കാര്യം പറഞ്ഞു പേടിപ്പിക്കല്ലേ 😌😌,Not_relevant
"ഇങ്ങിനെയും ഫോൺ റീവ്യൂ ചെയ്യാം അല്ലെ, പൊളി ബ്രോ. Excellent, kudos ❤️",Not_relevant
Prithviraj ന്റെ ഒരു ചായകാച്ചൽ എനിക്ക് മാത്രമാണോ തോന്നിയത്?,Not_relevant
Chatta oru iphone tharumo  ഏതകില്ലും ഒന്നു please,Not_relevant
12 mini എടുത്താൽ പണി കിട്ടുമോ....അതോ next ബിഗ്‌ ബില്യൺ days വരെ വെയിറ്റ് ചെയ്യണോ..,Not_relevant
"<a href=""https://www.youtube.com/watch?v=01GL99WDxc0&amp;t=10m41s"">10:41</a> മൊബിലിറ്റി ഹബ് എങ്ങോട്ട് ആകാശത്തേക്കോ😂😂😂",Not_relevant
Video resolution 1080P ആക്കാമോ.Camera samples ഒക്കെ കാണിക്കുമ്പോൾ ഒരു Quality ഇല്ലാത്ത പോലെ.,Not_relevant
ഇപ്പോഴും 1gb ram ഫോൺ use ചെയ്യുന്ന ഞാൻ 🥺😪💓,Not_relevant
ലുട്ടാപ്പി ഫോൺ.....😂😂😂😂😂😂😂. ലുട്ടാപ്പി കളി...... 😂😂😂😂😂😂😂.റിവ്യൂ കാണാൻ ഒന്നും അല്ല വരുന്നത് ഈ മൊതലിന്റെ സംസാരം കേൾക്കാനാ 😂😂😂😂😂😂😂😂😂,Not_relevant
Bro Pushpa trailer Reaction വേണം 😁🙂,Not_relevant
t-shirtഎവിടുന്നാണ് ബ്രോ മേടിച്ചത്,Not_relevant
Bro a ടിഷർട്ട് എവിടെ കിട്ടും 😂,Not_relevant
Tshirt കണ്ട് വാണം വിട്ടവർക്ക് ഒത്തുകൂടാൻ ഉള്ള post 🙂🙂,Not_relevant
T ഷർട്ട്‌ ആണോ ലാപ്ടോപ് ആണോ കാണേണ്ടത്.. 🥴,Not_relevant
Shaz bro ipad നെ പൊക്കിയതൊന്നും ആരും കേട്ടില്ല തോന്നുന്നു. എല്ലാരുടെ കണ്ണും ആ ഷർട്ടിലാ 😅,Not_relevant
ഞാൻ മാത്രം അല്ല അപ്പൊ വേറെ ipad നോക്കിയത് 😂,Not_relevant
T shirt പുറത്തുള്ളവർ കാണണ്ടാ അവർ വേറെ എന്തെകിലും വിചാരിക്കും 😂😂,Not_relevant
എന്തൊരെടെ ആ t-shirt എനിച്ചു തെരോ 😂😂,Not_relevant
ഹോയ് ഹോയ് ഹോയ് ഹോയ്... പറന്നു nadakam,Not_relevant
Edverd മൂഞ്ചിയെങ്കിൽ ഞങ്ങളെന്തുവേണം....😂😂,Not_relevant
Ipad ഉള്ളോണ്ട് Tshirt ആരും ശ്രദ്ധിച്ചില്ലല്ലോ ല്ലേ ല്ലോ ല്ലേ 😂😂😂😂,Not_relevant
Tab ആരും നോക്കുന്നില്ല. എല്ലാർക്കും T shirt മതി😅,Not_relevant
ആദ്യത്തെ  3 min  ഞാൻ വൈവക്ക്  ഇരുന്ന  പോലുണ്ട്  😂😂,Not_relevant
എന്റെ പൊന്നോ ഫസ്റ്റ് shazaam വില്ലൻ look 🔥💥,Not_relevant
കാണണം......ചിരിക്കണം .....പോണo.....  That&#39;s my Policy..😂🤣🙏,Not_relevant
"ഞാൻ കാണുമ്പോൾ എല്ലാം ആലോചിക്കും എന്നെങ്കിലും tim cook ഈ video കണ്ട ഇങ്ങേർക്കു എതിരെ billion ഡോളർ compensation ചോദിക്കും, മാനനഷ്ട്ടത്തിന്...",Not_relevant
@Sreerajomatic live ഞാനും ഒരു 10 12 എണ്ണം മേടിച്ചു,Not_relevant
IPad Air 4 ൽ ഈ വീഡിയോ കാണുന്ന ലെ ഞാൻ .ശരിക്കും എന്തിനാ ഈ വീഡിയോ കാണുന്നെ എന്ന് ചിന്ദിക്കുന്ന,Not_relevant
Progress Card കൊണ്ട് അച്ഛനെ കാണിക്കാൻ പോയത് ഓർമ വന്നു. Well done bro..😄😄😄,Not_relevant
"Everyone’s target is to make money, including Shaaz. ഇവിടെ ഒരു ആർത്തിപ്പണ്ടാരം വേറൊരു ആർത്തിപണ്ടാറത്തെ കുറ്റം പറയുന്നു എന്ന് മാത്രം. .One person is selling products and other person is doing service ( using his influencing power to advertise any thing )😂",Not_relevant
എല്ലാത്തിലും ചേഞ്ച് അപ്ഡേഷനും ഇല്ലേ കളിയാക്കുന്ന shaazz അണ്ണാ . എന്തര് നിങ്ങളുടെ ക്രിയേറ്റിവിറ്റി എന്നും ഒരു പോലെ ഇരിക്കുന്നെ . സെയിം ഡയലോഗ് . കോമഡി ആറ്റിട്യൂട് . ഒരു മാറ്റം ഇല്ല ..ഞാൻ കുറ്റം പറഞ്ഞോണ്ട് ഇനി shazz വിരോധി ആകേണ്ട . ഒരു ചേഞ്ച് ആഗ്രഹിക്കുന്നോട് പറഞ്ഞന്നേ ഉള്ളു,Not_relevant
Skit പൊളിച്ചു.. 😄,Not_relevant
"അയ്യോ.. Tim cook നെ ചെറ്റ എന്നൊന്നും വിളിക്കല്ലേ... പുള്ളിയെ സ്നേഹിക്കുന്ന, ആപ്പിൾ സ്വന്തം കുടുംബമായി കാണുന്ന ഒരുത്തൻ ഉണ്ട്.. പിടിക്കില്ല.",Not_relevant
S22 ultra S23 ultra ഉപയോഗിക്കുന്നവര്‍ നല്ല ക്വാളിറ്റി photos കിട്ടണം എങ്കില്‍...ഫോട്ടോ എടുത്ത് filter ല്‍  പോയി ivory എന്ന filter ഇടുക...നിങ്ങള്‍ക്ക് എത്ര വൈറ്റ് ആണോ വേണ്ടത് അത് അഡ്ജസ്റ്റ് ചെയ്യുക...എന്നിട്ട് സേവ് ചെയ്ത് താഴെ കാണുന്ന 3 dots ല്‍ പോയി remaster ചെയ്യുക,Not_relevant
കയ്യിൽ പത്തിന്റെ പൈസ ഇല്ലെങ്കിലും S23ന്റെ സകല വീഡിയോയും ഇരുന്ന് കാണും 😂😂,Not_relevant
S22 തരുവോ,Not_relevant
"ഞാൻ എടുത്തു black കളർ    512 gb   ഓഫർ  സൗദിയിൽ നിന്ന്    90,000 INR",Not_relevant
Last section..... പൊളി.... 😍😍,Not_relevant
അണ്ണന് iphone വിരോധി ആയോണ്ടാണ് ഞാൻ iphn എടുക്കത്തെ അല്ലാതെ പൈസ ഇല്ലാത്തോണ്ടല്ല ട്ടാ..,Not_relevant
"<a href=""https://www.youtube.com/watch?v=inYHvgD0OK8&amp;t=8m10s"">8:10</a> Sec : നിOver അവലെ നിങ്ങളും basic ആയി bug വരുന്നതും iphone ഈക്കുന്നതും , ചെറിയ കാര്യം വലുതാക്കി ഊതാറും ഉണ്ട് bro നിങ്ങളുടെ video തന്നെ ഗണ്ട് നോക്ക് പിന്നെ അവൻമാരുടെ അടുത്ത് എന്ത് ഇത്ര കടി i cant understand. dog Show ഇറക്കതെ report അങ്ങ് അഡിച്ച് തരും . പിറന്ന നി ഈ പറഞ്ഞവൻമാർക്ക് നി പറഞ്ഞത് മനസിലാകൻ മലയാളം അറിയത്തും ഇല്ല വെറുതെ  ഇത് ഇതാണ് മെ വെറുത്ത് പോവുന്നത്ത്",Not_relevant
ആ {NCS }pleeg home  with പോട്ടം 😍 എനിക്ക് അങ്ങ് പിടിച്ചു 🔥🔥.ഇങ്ങള് പൊളി ആണ് കേട്ടോ 👌🔥😊,Not_relevant
@call me shazam നിങ്ങളുടെ lockscrren wallpaper എവിടുന്ന് കിട്ടും,Not_relevant
"<a href=""https://www.youtube.com/watch?v=inYHvgD0OK8&amp;t=7m30s"">7:30</a>  മുതൽ അളിയൻ്റെ ഡയലോഗ് പോളി man",Not_relevant
ഇവിടെ 1 lakh വരുന്ന ഫോൺ ദുബായ് നിന്നു 60000 എടുത്ത ഞാൻ 😁,Not_relevant
"<a href=""https://youtu.be/skeXnep-Jjk"">https://youtu.be/skeXnep-Jjk</a>.പറ്റോ ശ്വാസം..😂😂😂 ഇത് പോലെ ഒരു വീഡിയോ ചെയ്യാൻ... നിനക്ക് പറ്റില്ല..😂😂",Not_relevant
Bro പോയി പല്ല് തേക്കൂ,Not_relevant
same phonil video കാണുന്ന ഞാൻ😊,Not_relevant
legengary അതെന്താ സാധനം.. ഇംഗ്ലീഷ് അറിയില്ലേലും മുറി ഇംഗ്ലീഷേ പറയൂ,Not_relevant
"240 grams in each pocket, പാന്റ് ഉരിഞ്ഞു പോകുമല്ലോ അണ്ണാ...😂",Not_relevant
ചേട്ടൻ poli,Not_relevant
s23 ultra അല്ല mr.prfect tech ആണ് more perfect..😂,Not_relevant
എന്നെ  പോലുള്ള ചെറിയ  youtubersine സപ്പോർട്ട് ചെയ്യാൻ  ആരുമില്ല.. 😌😔💔💔💔😍😭,Not_relevant
@ഷാജി പാപ്പൻ paditham okke kazhinju bhai.. Oru suggestion chodichathaa.,Not_relevant
ഞാൻ ഇപ്പോൾ ഐഫോൺ 14 പ്ലസ് ഉപയോഗിക്കുന്നു.  അടുത്ത ഫോൺ ഞാൻ s23 അൾട്രാ വാങ്ങണം,Not_relevant
എന്റെ യൂട്യൂബ് ചാനൽ സബ്സ്ക്രൈബ്ർസ് ഒന്നുമില്ല 0 .ഞാൻ വീഡിയോസ് ഇട്ടാലും ആരും കാണാറില്ല 🥹😢,Not_relevant
@Sayooj Garrix അവസാനം ന്യായീകരിക്കാൻ ഒരു points ഇല്ലാതെ ആയി അല്ലെ ? 🤣🤣🤣,Not_relevant
Aa bonsai tree എവിടുന്നാ മേടിച്ചേ 🙄🙄🙄 നൈസ് ആണല്ലോ,Not_relevant
നാട്ടിൽ എവിടെ ആണ് bro,Not_relevant
അഞ്ചു പൈസ ഇല്ലാ 🤣.എന്നാലും വിഡിയോ കാണും 😁 ആ ഫോൺ സ്വന്തമാക്കിയ ഒരു feel ആണ്,Not_relevant
അഞ്ചു പൈസ ഇല്ലാ 🤣.എന്നാലും വിഡിയോ കാണും 😁 ആ ഫോൺ സ്വന്തമാക്കിയ ഒരു feel ആണ്,Not_relevant
iqoo നിർത്തി,Not_relevant
I phone 15 pro Max waiting ചെയ്യുന്നവർ like adichoo ❤,Not_relevant
Nalla quality താടി 😂✨️,Not_relevant
പക്കാ detailed review👌🥰,Not_relevant
Examinu പോയിരുന്നു പഠിക്കെടാ ചെക്കാ 😂,Not_relevant
"കഴിച്ചുകൊണ്ടിരിക്കുമ്പോൾ പോലും എണ്ണമയമുള്ള കൈകൊണ്ട് display finger unlock test ചെയ്യാൻ കാണിച്ച മനസ്സ് ആരും കാണാതെ പോകരുത്😂😂 <a href=""https://www.youtube.com/watch?v=skrxeU9IkvQ&amp;t=5m22s"">5:22</a>",Not_relevant
S22ultrayil കാണുന്ന ഞാൻ,Not_relevant
ദുബായ് ഇപ്പൊ s23അൾട്രാക്ക് 3100😂,Not_relevant
Ultr 25 ഇറങ്ങിയോ മലയാളത്തിൽ അല്ലാത്ത എഇലാചാനലിലും കാണുന്നുണ്ടല്ലോ,Not_relevant
"ഫോൺ വാങ്ങി ഡിസ്പ്ലേ മാറ്റിയവർ ഇവിടെ like ഇടൂ 😮 <a href=""https://www.youtube.com/watch?v=iSxD7LndWtI&amp;t=17m31s"">17:31</a>",Not_relevant
Next month ആവട്ടെ 👍,Not_relevant
നിങ്ങൾ ഇത് വാങ്ങിയത് അണോ അതോ cmbny kaaru റിവ്യൂ ചെയ്യാൻ തരുന്നതോ?,Not_relevant
Review nu വേണ്ടി അയച്ച് കൊടുക്കുന്നത് ആണ്.. review unit എന്നാണ് ഇതിനെ പറയുന്നത്...retail unit ആണ് ഇവർ swntham പൈസക്ക് വാങ്ങുന്നത്,Not_relevant
ജയരാജേട്ടാ ഉഗ്രൻ വീഡിയോ. Super video,Not_relevant
ഈ phone ഒക്കെ നിങ്ങൾ പൈസ കൊടുത്ത് വാങ്ങുന്നത് ആണോ,Not_relevant
മൊത്തത്തിൽ advertisiment ആണ്... ഒന്നും നോക്കി കാണാൻ പറ്റുന്നില്ല... ഇത് ഇത്തിരി കൂടി പോയി... ഇന്ന് തൊട്ട് e ചാനൽ unsubscribe 👎,Not_relevant
JUSTICE ഒരേ ഒരു രാജാവ് ലാലേട്ടൻ മാത്രം,Not_relevant
"എന്റെ ♥️ചങ്ക് Noufu ന് Note 20 Ultra ഉണ്ട്, കട്ട Samsung Fan ആണ്, മിക്കവാറും അവൻ എടുക്കുമ്പോൾ S22 Experience ചെയ്യാൻ പറ്റും",Not_relevant
Something with room lighting.... ഒരു dark മൂഡ്...,Not_relevant
ഇപ്പോഴും 2000 രൂപക്ക്  വാങ്ങിയ Samsung j2 ഉബയോഗിക്കുന്ന ഞാൻ 🥲,Not_relevant
Mobile വാങ്ങാൻ പ്ലാൻ ചെയ്യുമ്പോൾ തന്നെ ഇവിടെ കയറിയാൽ പിന്നെ ആരോടും ഒന്നും ചോദിക്കണ്ട 🥰😍,Not_relevant
അതിമനോഹരമായ thumbnail 😍,Not_relevant
@Respect #1 തെറ്റ് തിരുത്തി കൊടുത്തത്  അല്ലെ broo☺️nalla karym alle,Not_relevant
Ad കുറച്ച് കൂടുതലാ,Not_relevant
ഞാൻ എന്തെങ്കിലും ഫോൺ വാങ്ങണം എങ്കിൽ ജയരാജേട്ടന്റെ വീഡിയോ ആണ് നോക്കുന്നത്. Realme 8  വാങ്ങിയത് പോലും വീഡിയോ പല തവണ കണ്ടിട്ടാണ്. ഫ്ളിപ് കാർട്ടിൽ നിന്നും ലഭിക്കുന്നതിനേക്കാൾ അറിവ് വീഡിയോയിലൂടെ കിട്ടി,Not_relevant
അതല്ല ഞാൻ ആലോചിക്കുന്നത് ഈ ഫോണൊക്കെ unboxx ചെയ്ത് കഴിഞ്ഞാൽ ഇത് പിന്നെയും റിട്ടേൺ അയക്കുമോ അതോ ജയരാജേട്ടൻ തന്നെ എടുക്കുമോ 🤔🤔,Not_relevant
ഞാൻ കാത്തിരുന്ന video,Not_relevant
നിങ്ങളെ  tambnil ഇഷ്ടായി 💯❤️❤️,Not_relevant
"ഈ phone എടുക്കുന്നവർ മിക്കവാറും. വട്ട് കേസ് ആയിരിക്കും,,,, അല്ലെങ്കിൽ പണിയെടുക്കാതെ വല്ലവരേയും പറ്റിച്ചു സമ്പാദിച്ചത് ആയിരിക്കും,,, 🤣🤣🤣🤣🤣",Not_relevant
ഈ ഒരു reviewവിനു വേണ്ടി കാത്തുനിന്നവർ ആരൊക്കെ 😍,Not_relevant
😂😂😂😂😂😂😂😂 ninak ചെറിയ ഫോണൊന്നും പോര അല്ലേ s23 തന്നെ വേണോ,Not_relevant
@Manu Payyada അഹ് ഏത് മൊബൈൽ ഫോൺസ് ആയാലും ഇവിടുന്ന് എടുക്കുന്നത് ആണ് ലാഭം,Not_relevant
I phone ഓളികൾ 🙄🙄🙄,Not_relevant
ആശാൻ  പറഞ്ഞാൽ  പിന്നെ വേറെ ഫോൺ  ella😄😄.Shazzam ആശാൻ  ഉയിർ 🥰🥰🥰,Not_relevant
ആദ്യം കേട്ടപ്പോ നെഞ്ജ് ഒന്നു കാളി. പിന്നാ മനസിലായെ shaz brode കിളി പോയതാണെന്ന് 😂,Not_relevant
ഇത് അത് എന്ന് പറയാതെ correct variant എന്ന് പറഞ്ഞു് കൂടെ😡,Not_relevant
വേറെ വല്ല പണിയും നോക്ക് Mr. Mobile review ആണ് എന്നറിയാത്ത കുറെ പേരിൽ ഒരാൾ 😡,Not_relevant
Le സേട്ടൻ എന്നേ ഇങ്ങനെ പുകഴ്തല്ലേ. പിന്നെ എനിക്ക് പുകഴ്ത്തുന്നത് വലിയ ഇഷ്ടമാ 😂😂😂😂. Nice lock ആണ് bro,Not_relevant
അത് പറയാൻ 3 sec വേസ്റ്റ് ചെയ്തു,Not_relevant
ഒള്ളത് പറയാലോ ചേട്ടനെ കാണാൻ കുഞ്ചാക്കോ ചേട്ടന്റെ ഒരു face cut ond 🥰🔥,Not_relevant
കൂടുതൽ സമയം waste ചെയ്യാതെ lets roll ❤️‍🔥😍✨,Not_relevant
"എത്ര phone ആണ് പഹയാ നിങ്ങൾക്,, ഒരണ്ണം നമുക്ക് തരുമോ ☺️",Not_relevant
Super വീഡിയോ 🔥🔥😍😍🇮🇳🇮🇳,Not_relevant
കണ്ടില്ലല്ലോ എന്ന് കരുതിയുള്ളൂ അപ്പോഴേക്കും എത്തി lets roll😍😇,Not_relevant
പ്രതാപ്ജിയുടെ റിവ്യൂസിനു വേണ്ടി കട്ട വെയിറ്റിംഗ്‌ ആയിരുന്നു Tnxxx ❤,Not_relevant
രാത്രി പടം കണ്ട് buds ഇടാൻ പെട്ടി തിറയുന്നവർ ഉണ്ടോ,Not_relevant
50 രൂപയ്ക്ക് മേടിച്ച headset ൽ ഇത് കേൾക്കുന്ന ഞാൻ 😭😭😭😭 ഉള്ളത് കൊണ്ട് ഓണം പോലെ😂😂😂,Not_relevant
techniqued malayalam YouTube channel nothing phone unbox ചെയ്തിട്ടുണ്ട്,Not_relevant
എന്താ മോനു രണ്ട് nothing phone എടുകട്ടെ 😅😅,Not_relevant
Milan ബ്രോ നല്ല അവതരണം ❤️💯,Not_relevant
ആ തെന്നി പോക്ക് .🥰😃😃😃,Not_relevant
Milan bro. ആ theme &amp,Not_relevant
@കോഴി🐓 kaama vili vilikkand iriyada naye!,Not_relevant
Nokia അമ്മാവൻ ഇനി എപ്പഴാണാവോ വരുക 😂,Not_relevant
ആ specs വെക്കുന്ന style yenikk ഭയങ്കര ഇഷ്ട്ടാണ് 😍,Not_relevant
"Dr chrome nte കുറേ fans തെണ്ടികൾ നെഗറ്റീവ് ഇടാൻ ആയിട്ട് വന്നിട്ട് ഉണ്ട് നിങ്ങളോട് ഒന്നേ പറയാൻ ഉള്ളൂ, നീയൊക്കെ എത്ര നെഗറ്റീവ് അടിച്ചാലും ആരും support inu varilla 😂",Not_relevant
"<a href=""https://www.youtube.com/watch?v=dt5pBFBCx0c&amp;t=2m07s"">2:07</a>-<a href=""https://www.youtube.com/watch?v=dt5pBFBCx0c&amp;t=2m10s"">2:10</a>മ്യാരക എക്സ്പ്രഷൻസ് 😅😂",Not_relevant
8 ദിവസം മുൻപ് ചായ with tech news ന്റെ ഷൂട്ടിംഗിന് ശേഷം ചായ cup വീണു പൊട്ടിയത് കൊണ്ട് ആണോ episode വൈകുന്നത്,Not_relevant
ചായ with tech കാണാനില്ല,Not_relevant
ഇത് nothing. ൻ്റെ review ആണോ അതോ OnePlus. ൻ്റെയോ...😅😅.Anyways as usual presentation ❤❤😂😂,Not_relevant
Please no ജയരാജ് ചേട്ടാ എനിക്ക് നമ്പർ തരുമോ പ്ലീസ് ഒരു സംശയം ചോദിക്കാറുണ്ട്,Not_relevant
"Guys സകായിക്കണം തനിയെ കാട്ടിൽ പോയി കിടിലം camping &amp; കുക്കിംഗ്‌ വീഡിയോസ് ചെയ്തിട്ട് ആരും watch ചെയ്യുന്നില്ല, സകായിക്കണം 😔",Not_relevant
ചേട്ട ചേട്ടന്റെ thumbnail മാത്രം എന്ത കഥകളി ഭാവങ്ങൾ പോലെ?😆,Not_relevant
giveaway ഒന്നും ഇല്ലല്ലോ ഇപ്പൊ.👇like,Not_relevant
Free product ഉണ്ടെങ്കിൽ അറിയിക്ക്😭😌,Not_relevant
നിങ്ങടെ videos കാണുമ്പോൾ ഒരു സമദാനമാണ് സത്യ സന്ദമായിട്ടാണ് കാര്യങ്ങൾ അവതരിപ്പിക്കുന്നത് അതുകൊണ്ട് നമ്മൾ product നെ കുറിച് കൂടുതൽ അന്വേഷിക്കേണ്ടതില്ല 👍😍,Not_relevant
എല്ലാം നന്നായിരുന്നു. താങ്കൾ നഗറ്റീവ് പറയുന്നതിനും കുഴപ്പമില്ല. BUT... ലാസ്റ്റ് പറഞ്ഞത് ഒരുമാതിരി ഊളത്തരമാണ്. ഇയാളു പറയുന്നതിനും കാണിക്കുന്നതിനും നഗറ്റീവ് പറയാൻ പാടില്ലെന്ന്.നിങ്ങളെ പോലെ തന്നെ കാണുന്നവരുടെ ഫ്രീഡം ആണ് അഭിപ്രായങ്ങൾ.,Not_relevant
എന്തായാലും ഒരിത്തിരി മര്യാദ അതുവേണ്ടേ.. Basil and team എടുത്ത effort അതിനൊരു കയ്യടി കൊടുക്കേണ്ടതാണ്.. ഇത് english aha malayalam oho,Not_relevant
<b>ബ്രോ മിന്നൽ മുരളി remove ചെയ്ത എന്തിനാ</b>..Riview ബ്രോ യ്ക്ക് ഇഷ്ടം ഉള്ള പോലെ തന്നെ ഇടണം..അല്ലാതെ ബാക്കി ഉള്ളവന്മാർ എന്തു പറയും എന്നു നോക്കണ്ട❤️,Not_relevant
സ്ഥിരം viwers ഇങ്ങങുപോരെ 🔥🔥,Not_relevant
@Foot ambro ennu രാവിലെ ഉണ്ടായിരുന്നു. പ്രൈസ് error വന്നതാണോ എന്നാണ് സംശയം..,Not_relevant
ഇങ്ങേർടെ expressions കണ്ടാൽ വങ്ങിപ്പോവു.....😂,Not_relevant
Samsung galaxy buds 2 pro റെഡ്മി ഫോണിൽ use ചെയ്യുന്ന ഹതഭാഗ്യൻ 😕😕😕,Not_relevant
​@alan augustian yes. ഞാൻ Noon ൽ നിന്നും വാങ്ങിയതാണ്. Price 428 - 512 aed ഇടയ്ക്കു മാറി മാറി rate change ആകും..,Not_relevant
സത്യം പറയാലോ shazanna ❤ ഞാൻ ഇവിടെ bor അടിച്ചു നിൽക്കന്ന് അപ്പൊ just ഒന്ന് ഇങ്ങളെ video കണ്ടു bor അടി എല്ലും മാറി ❤❤,Not_relevant
nigalk എത്ര age,Not_relevant
എന്താണ് ബ്രോ റിവ്യൂ കാണുമ്പോൾ അതായിട്ടു കണ്ടാൽ പോരെ .....ഞാൻ ഒരു iphone lover ആണ് iphone 11 nte pros and cons video ചാനലിൽ ചെയ്തിട്ടുണ്ട് ഒന്ന് കണ്ടു നോക്കു (ഞാൻ use ചെയ്യുന്നതും അത് തന്നെ ആണ് ),Not_relevant
<b>എന്റെ ചാനൽ ഒന്ന് subscribe ചെയ്യാമോ</b>,Not_relevant
Pushing ചെയ്യുമ്പോള്‍ നിങ്ങളുടെ മുഖത്ത് അത് കാണാം.. Promo pushing ആവുമ്പോ ആ tone ഒക്കെ formal ആയി മാറും. Review ആണ്‌ നിങ്ങളുടെ forte എന്ന് തോന്നുന്നു. അതാണ് ഞങ്ങള്‍ക്കും ഇഷ്ടം.,Not_relevant
Promotion കുറച്ച് കൂടിപ്പോയോ ...,Not_relevant
അണ്ണൻ ഇപ്പൊൾ full paid promotion anello😂,Not_relevant
നിനക്ക് ഏതെങ്കിലും ഒരു dr കണ്ടൂടെ 😂,Not_relevant
ഇത്രയും പുച്ഛത്തോടെ product unbox ചെയ്യുന്ന ഒരു ചാനൽ അതു ഇതാണ് കമ്പനി കാണണ്ട ഇയാളു പോളിയാണ് ബ്രോ 😂😂😂👍,Not_relevant
ഞാൻ വാങ്ങി Boat ടെ,Not_relevant
എല്ലായിടത്തും ARABIC KUTHU തന്ന 💥🔥,Not_relevant
ഭാവിയിലെ ഒരു meme godine njan kannunu,Not_relevant
നിങ്ങൾ suppar,Not_relevant
4 വട്ടം ads close ചെയ്തിട്ടാണ് ഈ video play ആക്കിയത് !!! 😂😂,Not_relevant
ഇതുപോലത്തെ unboxing ഇവിടെയേ കാണാൻ പറ്റൂ 😂😂😂,Not_relevant
ദയവു ചെയ്തു നെഗറ്റീവ് അടിക്കാൻ വരല്ലി pls,Not_relevant
ഇച്ചിരി over ആയില്ലേ..🙂എക്സ്പ്രഷൻ.,Not_relevant
"<a href=""https://www.youtube.com/watch?v=rReLslECbho&amp;t=1m18s"">1:18</a> entammooo..... ആ expression with dance undallo🤣🤣",Not_relevant
"ഇത് പോലെത്തെ unboxing സ്വപ്നങ്ങളിൽ മാത്രം 😂😂 <a href=""http://www.youtube.com/results?search_query=%23callmeshazzamthings"">#callmeshazzamthings</a>⚡️",Not_relevant
ചിലപ്പോ രാവിലെ upload ചെയ്തത് ആവും ഉച്ചക്ക് ശേഷം ആയിരിക്കും complete aayindakuka 😁,Not_relevant
Leo Glimpse Of Antony Das കണ്ടോ bro Bgm🔥സൂപ്പർ 👌,Not_relevant
TWS നും മുൻപ് കണ്ടത് shaz brode തല ആണ് 👀,Not_relevant
"<a href=""https://www.youtube.com/watch?v=-YTe_h7rEik&amp;t=5m32s"">5:32</a> njan speedtest by ഊള enna vayichirunnath 😂",Not_relevant
"ഇത് വരെ തങ്ങളുടെ കണ്ട വീഡിയോ കളിൽ ഏറ്റവും decent professional അവതരണം എന്ന് എന്നിക്ക് വ്യക്തിപരമായി തോന്നി, അഭിനന്ദനങ്ങൾ - മറ്റുപലതിലും valipadi adigam palapoyum bore agunnu -)",Not_relevant
Prithviraj aano Motorolakk sound തന്നത്,Not_relevant
എന്തരായാലും താങ്കളെ കുറിച്ച് എനിക്കുള്ള impression കൊള്ളാം എന്ന് മാത്രമാണ്,Not_relevant
എല്ലാ മൊബൈൽ ഫോൺ കയ്യിൽ ഒതുങ്ങുന്നതാണ്..അല്ലാതെ കാലിനടിയിൽ വെച്ച് ഒതുങ്ങുന്നതല്ല. നാറി...,Not_relevant
വാര ഫലം കേട്ടിട്ടുണ്ടോ സൂര്യ tv.. രാവിലെ 7.30😂 അതെ ശബ്ദം 😂😂😂,Not_relevant
4K കണ്ട് surprised? ഇയാൾക്കു Moto ye പറ്റി ഒരു ചുക്കും അറിയില്ല.. 1 year munne edge 30 യിൽ front camera 4K ആണ്... ചുമ്മാ catalog നോക്കി features വായിക്കാതെ man.....Review ചെയ്യാൻ അറിയില്ലേൽ നിർത്തി പോ...,Not_relevant
Moto alla first phone erakiyat HTC ആണ്,Not_relevant
"shazaam bro, beinga a moto fan boy since 2020, njan എപ്പോളും moto phones reviews nokkarundaayirunnu.. but innu ആദ്യമായി( after moto event) moto phone review ചെയ്യുന്നത് കണ്ട്... Im so happy",Not_relevant
prithvi സംസാരിക്കുന്നത് പോലെ ഉണ്ടല്ലോ,Not_relevant
രാജു അണ്ണന്റെ voice pole alla athu thanneey😂😂,Not_relevant
"അന്നു review ചെയ്യാൻ പറഞ്ഞപ്പോൾ എന്നെ തെറി വിളിച്ചു,...😂ഇപ്പൊ ദേ ഭയങ്കര സംഭവം ആക്കി റിവ്യൂ... കിട്ടാത്തത് കൊണ്ടാവും അല്ലേ",Not_relevant
@⚔പോരാളി⚔ ellarum school ano time kanditu niyum school vitta pole🤣,Not_relevant
"നീ ആദ്യം മനസ്സിലാക്കേണ്ടത് ഈ മൊബൈൽ ഫോൺ എന്ന് പറയുന്നത് game കളിക്കാനുള്ള ഒരു ഉപകരണമല്ല.പിന്നെ ഒരു കാര്യം കൂടി നിനക്ക് ഞാൻ പറഞ്ഞുതരാം moto,Lg,iPhone, Samsung ഈ brand ഫോണുകൾ game കളിക്കാനുള്ള ഫോൺ അല്ല..ഒരു additional features കൊടുത്തിരിക്കുന്നു എന്നേയുള്ളൂ. എന്തിനാണ് മൊബൈൽ ഫോണിൽ game add ചെയ്തിരിക്കുന്നു എന്ന് ആദ്യം മനസ്സിലാക്കണം..ഇതൊന്നും മനസ്സിലാക്കാതെ വായിൽ കോതക്ക് പട്ട് എന്നരീതിയിൽ ഒരുമാതിരി കണ കുണ എന്നുംപറഞ്ഞു വീഡിയോ ചെയ്യരുത്.",Not_relevant
എനിക്ക് ഏറ്റവും ഇഷ്ട്ടപ്പെട്ട ഒരു you tuber aanu താങ്കൾ... താങ്കളുടെ വീഡിയോ കണ്ടു എന്ത് സാധനവും കണ്ണും പൂട്ടി എടുക്കാം...❤❤❤Thanku sir❤️🔥🔥,Not_relevant
E sim postpaid connection ഇല്‍ മാത്രം ഉള്ളതാണ് തോന്നുന്നു....,Not_relevant
താങ്കളുടെ അവതരണം നന്നായിട്ടുണ്ട് പക്ഷെ ഫോണിന്റെ back side മുഴുവനായി ഈ വീഡിയോയിൽ ഒരുതവണപോലും കാണിക്കുന്നില്ല എന്നത് വളരെ disappointing 👎,Not_relevant
നിങ്ങൾ ആളുകളെ പറ്റിക്കുന്ന പരിപാടി നിർത്തി വല്ല പറമ്പ് കിളച്ചു ജീവിക്കാൻ നോക്ക്.വിയർത്തു പണിയെടുക്കണം.നിങ്ങളെ പോലെയുള്ളവരുടെ വിചാരം കുറച്ചു subscribum ലൈക്കും accontil കാശും വന്നു തുടങ്ങിയാൽ എല്ലാ തികഞ്ഞു എന്നാണ്..ഞങ്ങളെപ്പോലെയുള്ള പാവം viewers ഉള്ളത് കൊണ്ട് മാത്രം ജീവിച്ചു പോകുന്ന കുറേ വർഗങ്ങൾ .അറ്റ്ലീസ്റ്റ് ഞങ്ങൾ ഇടുന്ന കമന്റസിനു എങിലും ഒന്നു റിപ്ലേ കൊടുക്കാൻ പഠിക്കൂ.ഞങ്ങൾ ഇല്ലെങ്ങിൽ നിങ്ങൾ ഇല്ല .വെറും പുച്ഛം മാത്രം,Not_relevant
ചേട്ടന് correct excise officer ഉടെ oru look ഉണ്ട്,Not_relevant
Ethra video ayi ഇന്ന് 😂 pratheppettan polikkukayanallo 🤭❤,Not_relevant
9 തവണ iqoo neo 6 ad വന്നു.,Not_relevant
ബീഫും പൊറാട്ടയും നിത്യേന തിന്നാൻ കൈവില്ലാത്തൊരു ത്ത ന് .സാറെ ലോട്ടറി കിട്ടിയാൽ വാങ്ങാം അല്ലേ ☹️,Not_relevant
കയ്യിൽ 5 പൈസ ഇല്ല😒..എന്നാലും ഏതൊക്കെ കാണാൻ ഒരു രസം 😇,Not_relevant
Best Tech Channel in Kerala.Jayarag G Nath💥💥....നല്ല അടിപൊളിയും വറൈറ്റിയും ആയ entertaiment വീഡിയോസ് കാണണമെങ്കിൽ ഇവിടെ കയറി നോക്കു😍🥺,Not_relevant
ചേട്ടാ... ഈ video മറ്റു videosനെ അപേക്ഷിച്ച് ഒരു verity ഉണ്ട്... എനിക്ക് വളരെ ഇഷ്ടപ്പെട്ടു... ചേട്ടന്റെ presentation എനിക്ക് വളരെ ഇഷ്ടമാണ്..😍😘😘😘😘😘,Not_relevant
ജയരാജ്‌ ഏട്ടന്റെ കയ്യിൽ Apple ന്റെ ഒരു തൊട്ടം തന്നെ ഉണ്ടല്ലോ 🙄🤣,Not_relevant
എന്തായാലും jayaraj ഏട്ടൻ എല്ലാ ഫോണും ഉബയോഗിച്ചിട്ടുണ്ടാവും 😃,Not_relevant
1k അവത്തവർ വരൂ നമുക്ക് ഒരുമിച്ചു മുന്നേറാം 💯😌 പക്ഷേ അരും ആരെയും cheat ചെയ്യരുത്🚫🚫⛔,Not_relevant
Iphone 13 ൽ കാണുന്ന ഞാൻ 😅,Not_relevant
ഇത് techno സ്പർക്ഇൽ കാണുന്ന ഞാൻ 🤣⚡️⚡️,Not_relevant
"അവതരണം നന്നായിട്ടുണ്ട്, പ്രഫഷണൽ ആയിട്ട് തോനുന്നു. 👍👍👍....ഞാൻ ഉപയോഗിക്കുന്നത് 12000രൂപയുടെ ഫോൺ ആണ്.അതുകൊണ്ട് തന്നെ എല്ലാം ഒരു കൗതുമായിട്ട് തോനുന്നു.",Not_relevant
വാങ്ങാൻ പൈസ ഇല്ലെങ്കിലും iphone വീഡിയോ കുത്തിയിരുന്ന് കാണും njan,Not_relevant
മോടിക്കാൻ പറ്റിയിലക്കിലും video കാണാൻ മാത്രമോ നമ്മുക്ക് പറ്റൂ,Not_relevant
Ad :ഇഷ്ടം ഇല്ലത്തവർ 😂,Not_relevant
ഇടക്കെ വന്ന JAYARAJ BROO പൊളിച്ചു 😍😍😍,Not_relevant
ജയരാജ് ഏട്ടൻ ഇപോഴും നല്ല product മാത്രം review ചെയ്യാത്തൊള്ളൂ 😊👏,Not_relevant
IQoo ന്റ് ad കണ്ട് വന്നവർ ഉണ്ടോ,Not_relevant
<b>Skip ചെയ്യാതെ വീഡിയോ മുഴുവനും കണ്ടവരുണ്ടോ❣️</b>,Not_relevant
ഏട്ടാ athil onnu giveaway aayi enichu theruo 😬😬😬,Not_relevant
Add വെറും വെറുപ്പിരാണല്ലോ?,Not_relevant
ഞാൻ ഫോണുകളെ പറ്റി പഠനം നടത്തുന്നത് bro ടെ videos കണ്ടിട്ടാണ് bcoz എല്ലാം ഒന്നിനൊന്നു മികച്ചതാണ് താങ്കളുടെ വീഡിയോകൾ 💞💞💞,Not_relevant
Redmi note 9 pro ....... 128 gb. 64 mb camera 6 gb ram ഇത്‌ ഞാൻ ഓർഡർ ചെയ്തു saudi arabia,Not_relevant
@sekhar അതാണ് എറണാകുളം കേരളത്തിലും കേരളം ഇന്ത്യയിലും ആണ് ബ്രോ. I love ♥️ my India. Jaihind,Not_relevant
"ഒരു unit തന്നതിന് ഇത്രക്ക് കൂറ് പുലർത്തുമെന്ന് പ്രതീക്ഷിച്ചില്ല. വളരെ കുറഞ്ഞ വില 🤣🥴🤭. ഇതിനേക്കാൾ മികച്ച രീതിയിൽ shazz, sarath, perfect tech ഒക്കെ റിവ്യൂ ഇടും",Not_relevant
"എടൊ ഗോപാല കൃഷ്ണ,,,,, samsung A53 5g phone നല്ല ഫോൺ ആണെന്നും പറഞ്ഞു ഒരു വീഡിയോ ഇട്ടു,, പിന്നെ ഒരു വീഡിയോയിൽ പറയുന്നു നിങ്ങൾ വാങ്ങാൻ പാടില്ലാത്ത ഫോൺ ആണ് A53 5g,, ഏത് വിശ്വസിക്കണം,, ഇനി അടുത്ത വീഡിയോയു മായി വരുമോ A73 5g വാങ്ങാൻ പാടില്ലാത്ത ഫോൺ ആണെന്നും പറഞ്ഞ്,, ഏതെങ്കിലും ഒന്നിൽ ഒറച്ചു നിൽക്കടെ,,,",Not_relevant
Super അവതരണം,Not_relevant
Hi താങ്കളുടെ അവതരണം വളരെ ഇഷ്ടപെടുന്നുണ്ട് ഒരു ഫോണിന്റെ റിവ്യൂ അത് ലളിതമായി അവതരിപ്പിച്ചു 🙏👍🏻👍🏻👍🏻🌹🌹🌹,Not_relevant
എവിടെയോ ഒരു Naptol വീഡിയോ കാണുന്ന feel. ..Looks artificial/sponsored..Just my opinion..May be because you didn&#39,Not_relevant
ഒരുപാട് കാത്തിരുന്ന ഒരു vedeio ആയിരുന്നു 🥰,Not_relevant
കാത്തിരിക്കായിരുന്നു ഈ Review….കുറെ തവണ തിരഞ്ഞു ഈ റിവ്യൂ…..താങ്ക്സ് പ്രതാപേട്ടാ…,Not_relevant
Shazzam bro മാത്രം ആണ് correct പറയുന്നത് 💯👍,Not_relevant
Yes.. 💯......Friends എൻ്റെ channel ൽ giveaway ഉണ്ട് എല്ലാവരും പങ്കെടുക്കുക,Not_relevant
Bro നിങ്ങൾ പൊളി ആണ് ❤️❤️,Not_relevant
സത പറയട്ടേ ചേട്ടന്റ video ഒരു രക്ഷയും ഇല്ല പൊളി മലയാളത്തിൽ ആരും ഇത്ര വ്യക്തമായി പറഞ്ഞ് തരില്ല👍,Not_relevant
Video അല്പം duration കൂടിയാലും എല്ലാ detailsslum പറയുന്നുണ്ട്..എനിക്കിഷ്ടായി .Subscribe ചെയ്യുന്നു.ഗോപാലൻ.,Not_relevant
"ബ്രോ,,👍👍നല്ല അവതരണം ആണ്,, good one👍👍",Not_relevant
അവതരണ സിമ്മം 👌👌. Subscribe ചെയ്ത ഏക മലയാളം ചാനൽ,Not_relevant
യാത്രകൾ ഇഷ്ട്ടപെടുന്നവർ എന്റെ ചാനൽ ഒന്നു സന്ദർശിച്ചു. ഇഷ്ട്ടപെട്ടെങ്കിൽ subscribe ചെയൂ 😀,Not_relevant
Hiwa... കാത്തിരുന്ന video. ഇച്ചായൊ. ഇങ്ങൾ. മുത്താണ്...😍😍😍😍😘😘😘😘😘,Not_relevant
പഴയ വീഡിയോ അത്ര ഇൻട്രസ്റ്റ് ഇല്ല പുതിയ വീട് കാണാൻ ഒരു വീഡിയോ തന്നെ കുറെ content,Not_relevant
Njan ഈ വീഡിയോ പ്രേതിഷിച്ചു ഞാനും എടുക്കാൻ പ്ലാൻ ഇടുവാ 😁❤️,Not_relevant
ഇങ്ങനെ ഒരു comparison വിഡിയോ ചെയ്യാൻ മുൻപ് ഞാൻ comment ഇട്ടിരുന്നു അത് കണ്ടിട്ടാണോ manushya നിങ്ങൾ വിഡിയോ ചെയ്തത് 🤔ആണെങ്കിൽ onnu പറഞ്ഞൂടെ 😍full support👍🏻👍🏻👍🏻,Not_relevant
Chetta poli റിവ്യൂ 🔥,Not_relevant
പ്രതാപേട്ട പേട്ടൻ brandine താങ്ങി സംസാരിക്കുന്നത് കുറച്ചു കൂടുന്നുണ്ട് ഇനി താങ്ങിയ unsubscribe ചെയ്യും 😁,Not_relevant
"ശരത് ന്റെ vdo കാണാൻ interest ആണ്, simple and humble ❤️",Not_relevant
"ഈ.... വീഡിയോ കണ്ടുകൊണ്ടിരിക്കുന്ന നിങ്ങളുടെ ഈ മൊബൈൽ ഫോണിന് 📱📱പറ്റിയ ഒരു അടിപൊളി.കവർ വേണ്ടേ.. ....ട്രെൻഡിങ് കവർകളുടെ മോഡൽസ് അറിയാൻ ഇവിടെ കമോൺ..,🔥💪👍",Not_relevant
70K മുതൽ താങ്കളെ Subscribe ചെയ്യുന്നുണ്ട് ഇത് വരെ Disappointed Aayitilla👍👍👍👍❤,Not_relevant
Ringtoone 😂😂😂. കേട്ടാൽ വല്ല വൈറസ് കേറിയ പോലെ 😂😂😂😂,Not_relevant
"ഇതിലും മികച്ച ഒരു ഫോൺ unboxing intro, അത് സ്വപ്നങ്ങളിൽ കൂടി ഇല്ല എന്നതാണ് സത്യം😼🔥",Not_relevant
എന്നെ പോലുള്ള ചെറിയ youtubersine സപ്പോർട്ട് ചെയ്യാൻ ആരുമില്ല.. 😌😔💔💔💔😍,Not_relevant
"No രണ്ട് ദിവസം മുമ്പ് വേറെ രണ്ട് മലയാളം chanenlil unboxing review വന്നിരുന്നു,, എന്നാലും ഇതും മുഴുവൻ കണ്ടു ❤️",Not_relevant
Intro ഇജ്ജാതി ഊക്ക്🤣.ശരത് അണ്ണന്റെ പ്രതികാരം💥😂,Not_relevant
കൊറേ വീഡിയോയിൽ unbox തപ്പി പ്പോയി അവസാനം മ്പളെ ശരത് മച്ചാന്റെ വീഡിയോയിൽ unbox കണ്ടു തൃപ്പിതിയായി 😂❤⚡️,Not_relevant
എന്റെ പൊന്നോ അഹ് intro🔥 കൊല്ലാതെ കൊന്നു 😎,Not_relevant
ആ intro seen❤️❤️🤣🤣🤣🤣🤣🤣🤣🤣🤣🤣🤣🤣🤣🤣🤣,Not_relevant
First time മച്ചാൻ്റെ വീഡിയോ കാണുന്നത് പൊളി ഐറ്റം🔥🔥,Not_relevant
Intro കണ്ടപ്പോ nostu അടിച്ചു പോയി😅🤭🤭😅 .ഉത്സവ സ്ഥലത്ത് കിട്ടുന്ന ധൂം പ ചാലെ..ധൂം പ ചാലേ...ഫോൺ ഓർമ വന്നു😂,Not_relevant
Bro 🔥🔥 ആണല്ലോ,Not_relevant
Indro അടിപൊളി super wow അല്ല ഒരു രസവും ഇല്ല over over,Not_relevant
ചേട്ടൻ്റെ contact number. ഒന്നു തരുമോ,Not_relevant
"ഈ.... വീഡിയോ കണ്ടുകൊണ്ടിരിക്കുന്ന നിങ്ങളുടെ ഈ മൊബൈൽ ഫോണിന് 📱📱പറ്റിയ ഒരു അടിപൊളി.കവർ വേണ്ടേ.. ....ട്രെൻഡിങ് കവർകളുടെ മോഡൽസ് അറിയാൻ ഇവിടെ കമോൺ..,🔥💪👍",Not_relevant
Jayaraj ചേട്ടന്റെ റിവ്യൂസ്.കിടിലന്‍,Not_relevant
ഈ ഒരു വീഡിയോ കൊണ്ട് redmi k50i യെ വെറുത്തവർ ഉണ്ടോ .എന്തൊരു add ആണ് എനിക് 4 വട്ടം വന്നു,Not_relevant
Redmi k50 i ന്റെ add 7 പ്രാവിശ്യം വന്നു 😇😶,Not_relevant
😂🔥🔥🔥🔥🔥 njn 5+ തവണ kandu,Not_relevant
ചേട്ടൻ്റെ intro കാത്തിരിരുന്ന്,Not_relevant
ജയരാജേട്ടാ intro annyayam 😂🔥,Not_relevant
വീഡിയോ മുഴുവനായും കാണുമ്പോഴേക്കും Mi K 50i യുടെ ad 6 തവണ വന്നു. അതും skip option ഇല്ലാതെ 😃,Not_relevant
Intro വെറൈറ്റി👍,Not_relevant
Intro ചുമ്മാ പൊളി😍😍,Not_relevant
Hlo ജയരാജ്ചേട്ടാ പിന്നെ നിങ്ങൾ എടുക്കുന്ന ഫോട്ടോസ് bit aaki ഗൂഗിൾ drive aaki ഡിസ്ക്രിപ്ഷൻ ബോക്സിൽ ഇട്ടൂടെ,Not_relevant
ഇനി Shazam koode review ഇട്ടാൽ കോളം പൂർത്തിയാവും😁,Not_relevant
Intro💝😂 ഇത്രയും വിശദമായ റിവ്യൂ 👍🏻🌹💙,Not_relevant
Unboxing section ഇത്രേം cuts vendayrunnu. അതിന്റെ ഒരു ഇത് പോയി,Not_relevant
എന്നെ പോലുള്ള ചെറിയ youtubersine സപ്പോർട്ട് ചെയ്യാൻ ആരുമില്ല.. 😌😔💔💔💔😍😭,Not_relevant
ഇങ്ങള് ഒരു വല്ലാത്ത പഹയൻ തന്നെ മൻസ്യ..... Intro പൊളിച്ചു 🔥🔥🔥,Not_relevant
Nothing phone 1 ന്റെ പല ഇൻട്രോയും കണ്ടു🙄 പക്ഷെ ഇത് ഒരു ഒന്നൊന്നര ഇൻട്രോ... 👌പൊളി ജയരാജേട്ടാ....👌 ആ കിട്ടി എന്ന് പറഞ്ഞു ഒരു acting.. 😂😂പൊളിച്ചു 🥰,Not_relevant
വീഡിയോയുടെ length ഒന്ന് കുറക്കാമായിരുന്നു....,Not_relevant
ഇൻട്രോ കിടുക്കി.ഇഷ്ടപ്പെട്ടു❤️🔥,Not_relevant
"ബാക്കി എല്ലാ channelil ലും phone ന്റെ കാര്യം മാത്രം കണ്ടു..എവിടെ accessories അടക്കം..😃😊 charger, case ഇപ്പോഴാ ഒരു videoil കാണുന്നെ",Not_relevant
"ഇങ്ങനെപോയാൽ ജയരാജ്‌ ഏട്ടൻ ബിഗ് സ്‌ക്രീനിൽ കാണാൻ പറ്റും, എജ്ജാതി item intro 🔥",Not_relevant
Intro 🔥🔥🔥 റിപീറ്റ് അടിക്കുന്നു,Not_relevant
Intro അന്യായം 😂😂👌👌👌,Not_relevant
Late ആയി വന്നാൽ എന്താ.. 😃 വരവ് ഒരു fully entertainment entry ആയില്ലേ.. intro ചുമ്മാ seeeen സാനം... 😍😂😂,Not_relevant
കുറെ കാലമായി ചാനൽ കാണുന്നു ഇതുവരെ കമന്റ് ഒന്നും അടിച്ചിട്ടില്ല....പക്ഷെ ഇന്നത്തെ intro പറയാതിരിക്കാൻ വയ്യ... 😂 നമിച്ചു,Not_relevant
"ജയരാജേട്ടാ, ഇത്രയും നല്ല രീതിയിൽ review ചെയ്തേ അടിപൊളി ആയിട്ടുണ്ട്... big thanks for you!😊",Not_relevant
Intro കിടു 🔥🔥✌️,Not_relevant
Intro പോളി ......,Not_relevant
Intro പൊളിയായിട്ടുണ്ട്,Not_relevant
Intro..🔥🔥😍 .ജയേട്ടന്റെ അഭിനയം സൂപ്പർ..😊,Not_relevant
Intro വേറെ ലെവൽ,Not_relevant
Intro പൊളി 😃😃❤️❤️❤️👌🏻,Not_relevant
Chata എനിക്കൊരു phone taramo pubg kalikana😔😔😔😔,Not_relevant
"ഈ.... വീഡിയോ കണ്ടുകൊണ്ടിരിക്കുന്ന നിങ്ങളുടെ ഈ മൊബൈൽ ഫോണിന് 📱📱പറ്റിയ ഒരു അടിപൊളി.കവർ വേണ്ടേ.. ....ട്രെൻഡിങ് കവർകളുടെ മോഡൽസ് അറിയാൻ ഇവിടെ കമോൺ..,🔥💪👍",Not_relevant
Evan chumma പറയുന്നതാ അത് കേൾക്കാൻ കുറെ വഴകൾ,Not_relevant
Bro ningade review വളരെ jenuine ആയിട്ടാണ് തോന്നിയിട്ടുള്.,Not_relevant
ഇതെന്താ ചായ ക്ലാസാണോ നിലത്തുവീണാൽ പൊട്ടൻ... He he he... 😂😿,Not_relevant
ഫോൺ റിവ്യൂ king ❤❤,Not_relevant
Shaz അണ്ണൻ ന്ത് late ആയിപ്പോയ 😊,Not_relevant
July12വിന് nothing phone1ഉം July 13നിന് എന്റെ birthdayയും 😃😃😃,Not_relevant
"ഇത് വെറുതെ ആണ്, ഇവന്മാർ expected വില കൂട്ടി കാണിച്ചിട്ട്, ഇറക്കുമ്പോൾ വല്ല 25-30 ഇടയ്ക്ക് ഇറക്കിയിട്ട് ഹൈപ്പ് ഉണ്ടാക്കാനുള്ള പണി ആണ്.",Not_relevant
good video ikka 😍 .Power bank usage recommend ചെയ്യാത്ത കാരണം ഒന്ന് പറയാമോ pls?,Not_relevant
നല്ല പക്വതമായി video ചെയ്തു 👍🏻👍🏻👍🏻,Not_relevant
സംസാരം കേട്ടാൽ automatic aayi like adikkum,Not_relevant
"ആ review ചെയ്യുന്ന സ്റ്റൈൽ ഉണ്ടല്ലോ,.അടിപൊളി ആണ്. വളരെ സരസമായി, എല്ലാവരെയും രസിപ്പിച്ച് അവതരിപ്പിക്കുന്നു. ഒരാള് ആഗ്രഹിക്കുന്ന രീതിയിൽ product നേ മനസ്സിലാക്കി കൊടുക്കുന്നു..Great work bro.",Not_relevant
ഇതാണ് review 😊😇,Not_relevant
പൊളി unboxing....... 😄😄😄👍👍👍👍 കണ്ടിരുന്നു പോയി 🤪🤪🤪👍,Not_relevant
മറ്റുള്ളവർ ആവശ്യത്തിൽ ഏറെ എയർ പിടിച്ചു അവതരണം നടത്തുമ്പോ... .മച്ചാൻ സിംപിൾ ആയി അവതരിപ്പിച്ചു അങ്ങ് പോവും അതാണ് മുത്തെ നിന്നെ ഒരുപാട് ഇഷ്ടം❤❤❤,Not_relevant
Android Software updates തരുന്നത് ഫോൺ പതുക്കെ പതുക്കെ കേടാകാൻ വേണ്ടിയാണ്. അവർ indirect ആയിട്ട് വേറെ ഫോൺ വാങ്ങടാ തെണ്ടി എന്നാണ് പറയുന്നത് 😌.,Not_relevant
വേറെ ആരോ unbox ചെയ്ത ഫോൺ ആണല്ലേ.... ഒട്ടും മനസിലാവില്ല 😂😂😂😂ഫ്രീ കിട്ടാത്തപ്പോ ഇങ്ങനെ ചെയ്യുന്നതാ നല്ലത്.... എന്തിനാ വെറുതെ പൈസ കളയുന്നത് 👍🏻,Not_relevant
"Hahaha ഇതാണ് Shazam അണ്ണൻ്റെ review nu vendi wait cheythathinte main kaaranam, correct kaaryam parayum 😂😂😍",Not_relevant
Pc സെറ്റപ്പ് പൊളി,Not_relevant
ഇത് വരെ ആരുടേയും review കാണാതെ മച്ചാന്റെ video ക് വേണ്ടി കാത്തിരുന്നു ❤️,Not_relevant
"ഇതൊക്കെ ആണ് review ,മ്മ്‌ടെ കൂടെ നിന്ന് സംസാരിക്കും ....keep it up bro ,,",Not_relevant
അണ്ണാ ഈ review ചെയ്തതിനുശേഷം phone ഒക്കെ എന്ത് ചെയ്യും 🙂😅 ഇതിപ്പോ കൊറേ ഉണ്ടാവുമല്ലോ 😁. വേറൊന്നുമല്ല അറിയാഞ്ഞിട്ടു ചോദിച്ചയ 😂,Not_relevant
Shazz അണ്ണൻ ❤💥,Not_relevant
Shazam bro ആദ്യം പോയി anniyan കാണ് 👀👀👀,Not_relevant
അണ്ണൻ poli💖💖💥🔥💖,Not_relevant
Intro പൊളിച്ചു😂😂 ഇങ്ങനെ ഈ type intro ആണ് കിടു,Not_relevant
"ആ തുടക്കത്തിൽ, എന്തിരടെ, മിണ്ടാതിരിയെടെ!!😎😂.Bro, പുലിയാണ് കേട്ടാ!!😍",Not_relevant
എന്റെ അണ്ണാ ...😂 .റിവ്യൂ കേട്ട് ചിരിച്ചുഊപ്പാട് പോയി .. keep going 😊,Not_relevant
Thumbnail കണ്ട് മചാൻ്റെ partnere കാണാൻ full video കണ്ട ഞാൻ 😢,Not_relevant
Partner നെ kanaan wait ചെയ്ത ഞാൻ🥲,Not_relevant
"തെറ്റു ചെയ്യാത്തവരായി ആരുണ്ട്, ഗോപു?? ക്ഷമിച്ചിരിക്കുന്നു bro",Not_relevant
Thumbline കണ്ട് വീഡിയോ കുത്തിയിരുന്ന് കണ്ടവരുണ്ടോ..? 😂,Not_relevant
വീഡിയോ പ്ലേ ചെയ്തപ്പോൾ സ്റ്റാർട്ടിങ്ലേ വന്ന ആഡ് സമയത്ത് കമൻറ് സെക്ഷനിൽ വന്ന് കമൻറ് നോക്കിയതിനുശേഷം thumbnail ശ്രദ്ധിച്ച ഞാൻ 😂,Not_relevant
ഇറുക്കത്തിനും മുറുക്കത്തിനും Japan ജട്ടി 😅😂😆😂🤣,Not_relevant
ഒരു buds അങ്ങ് വാങ്ങി കൊടുക്ക് അണ്ണാ,Not_relevant
ഞാനും clash of clan കളിക്കുന്ന ആളാണ്‌ വർഷങ്ങൾ ആയി..,Not_relevant
Partner face എവിടെ???,Not_relevant
Xiaomi അണ്ണൻ്റെ വിഷമമം കേട്ട് കണ്ണീരു പൊടിഞ്ഞു സാരമില്ല ഞങ്ങളുണ്ട് കൂടെ😪,Not_relevant
apple ഒഴികെ ഏത് കൂതറ സാധനത്തേയും പൊക്കി പറയും apple ഉം നിങ്ങളുമായി എന്താ പ്രശനം,Not_relevant
അല്ല പിടയുന്ന shazzam 😂😂😂😂,Not_relevant
ഞാൻ redmi user ആ ആരുടെ ഒക്കെ കൈയിൽ redmi ind🚶🏻‍♂️❣️,Not_relevant
ഒരു വീഡിയോ കാണാൻ 4 ad,Not_relevant
എന്നാണാവോ updation മറ നീക്കി പുറത്തു വരുന്നത്,Not_relevant
Bro aa താടി ഒന്ന് ഷേവ് ചെയുവോ.കാണാൻ ഒരു ആഗ്രഹം 😂,Not_relevant
അന്നും ഇന്നും ഫോൺ review king 👑 mr prefect Tech💫,Not_relevant
ഇതെങ്ങനെയാ എല്ലാ tech channels ഉം ഇതിന്റെ reaction same time ൽ upload ചെയ്യുന്നേ? 🤔,Not_relevant
ഇപ്പോഴും 8gb സ്റ്റോറേജ് ഉള്ള ഫോൺ ഉപയോകിക്കുന്ന ഞാൻ 🥹😪😔,Not_relevant
YouTube thumbnail തന്നെ കോമടി ആന്നെല്ലോ😂,Not_relevant
Wait till may .Price കുറയും,Not_relevant
എനിക്ക് ആ reel swipe ചെയുന്നത് ഇഷ്ട്ടപെട്ടു... ❤️,Not_relevant
ഒന്ന് പോടാ manda,Not_relevant
അണ്ണന്റെ അവതരണം... HOOooo... Vere LeveL❤❤,Not_relevant
അണ്ണന്റെ വിഡിയോയിൽ യൂട്യൂബ് ad അതിലും അണ്ണൻ തന്നെ. 🤣,Not_relevant
"ബ്രോ നിങ്ങടെ അഭിപ്രായം കിട്ടിയ അത് മാർക്കറ്റ് ഹിറ്റ്‌ ആയി, നിങ്ങൾ ഒരു ബ്രാൻഡ് ആണ്.. Love u bro❤️. ബിഗ് ഫാൻ 🔥🔥",Not_relevant
"Hair style onn set aak bro.Face kaannumbo comedy aavunn, താടി എല്ലാത്ത ലുക്ക് 😂",Not_relevant
പോയി മുടി വെട്ട്റാ 😎 good information,Not_relevant
ആരും vaayikkatha പുസ്തകം 🤣🤣🤣🤣🤣,Not_relevant
Phone അല്ല അണ്ണന്റെ സംസാരം അതാണ്... 😊😊😊,Not_relevant
ഇടയ്ക്ക് ഇടയ്ക്ക് bro inte videos ഇല് ippo nokia അമ്മാവൻ്റെ sound കേറി വർന്നുണ്ട്😂,Not_relevant
ന്റ മോനെ ഇജാതി unboxing ചിരിച്ചു ചത്തു 😂😂. എന്തായാലും കിടു ബ്രോ.,Not_relevant
Spoken English ആണോ,Not_relevant
കാത്തിരിപ്പ് aanu,Not_relevant
ഇവന്റെ ചാനലിൽ ഒരു ഫോണും മോശം അല്ല..എല്ലാ ഫോണിലും മികച്ച പെർഫോമൻസ്.മികച്ച ക്യാമറ.മികച്ച തേങ്ങാക്കൊല. എന്ന് മാത്രം ഉള്ള ഡയലോഗ് 🤮🤮,Not_relevant
wow...super ❤അടിപൊളി അവതരണം❤❤❤,Not_relevant
Narzo 50 pro 5g വാങ്ങി....😊😊😊😊,Not_relevant
Advanced HBD അണ്ണാ 💖💖💖💖,Not_relevant
എന്നെ പോലുള്ള ചെറിയ youtubersine സപ്പോർട്ട് ചെയ്യാൻ ആരുമില്ല.. 😌😔💔💔💔😍,Not_relevant
Shirt... കിടു ❤❤❤,Not_relevant
ജയരാജേട്ടന് realme പൂച്ചയെ കിട്ടിയിട്ടുണ്ട്.,Not_relevant
Cocacola Ad കൊടുക്കുന്നതിന് ഫോൺ വാങ്ങുന്ന Customerസിന് ഇങ്ങോട്ട് പൈസ കൊടുക്കണം എന്നാണ് എൻ്റെ അഭിപ്രായം 😎,Not_relevant
THUMBNAIL ഇഷ്ട്ടപ്പെട്ടവർ ലൈക്ക് അടി ♥️♥️,Not_relevant
അണ്ണന്റെ t shirtil മമ്മൂക്ക,Not_relevant
ചേട്ടനെ കാണുബോൾ kunchacko boban പോലെ ഇണ്ട് 😁,Not_relevant
എല്ലാരുടെയും review കണ്ടു. നിങ്ങളെ നോക്കി ഇരിക്കുവാരുന്നു ഇപ്പോഴ സമാധാനം ആയെ 😌,Not_relevant
Add കാരണം വീഡിയോ കാണാൻ പറ്റുന്നില്ല😖😖,Not_relevant
X80 യുടെ video ഇതിന്റെ add കാരണം കാണാൻ pattunilla😂😂,Not_relevant
എന്റെ ഫോണിൽ oru ക്യാമെറയെ ഉള്ളു.😆.അല്ലെഗിലും 3 ക്യാമറ ഒകെ ഇണ്ടായിട് എന്തിനാ ഒരു നേരം 3 ഫോട്ടോ ഒന്നും എടുക്കാൻ പറ്റില്ലല്ലോ 🤭😅,Not_relevant
Ad കണ്ട് കണ്ട് വെറുത്ത phone,Not_relevant
ആദ്യത്തെ 5 min പ്രസന്റേഷൻ കിടു 🎊പിന്നെ ഭൂ ലോക ചവർ മഹാ ബോർ,Not_relevant
Bro Love today tamil movie കണ്ടിട്ട് റിവ്യൂ പറയുമോ?,Not_relevant
Subtitles ഒക്കെ ഇട്ട് തുടങ്ങിയോ 😹❤️🔥,Not_relevant
"ഇത് തന്നെയാണ് marques അണ്ണനും പറഞ്ഞത്, പക്ഷേ പുള്ളി പറഞ്ഞപ്പോ Iphone Biased!",Not_relevant
ആ face zoom cheythath poliyayi😂,Not_relevant
Background കോഴിക്കുട്ടി 👍,Not_relevant
വിഡിയോ pixel ളിൽ കാണുന്ന ഞാൻ 🤣,Not_relevant
💁🏻‍♂️നാട്ടിലെ റേൻജ് ഇഷ്യൂ മൂലവും GB ദാരിദ്ര്യം മൂലവും shazam ബ്രോയുടെ video കാണൽ ഇപ്പൊ കുറവാ🤦🏻‍♂️ 💁🏻‍♂️but kuwait യിൽ ഉള്ളപോൾ റൂമിലെ tv യിൽ എന്നും കാണും അതും 500GB യാണ് net പിന്നെ സൂപ്പർ ഫാസ്റ്റ് so ലീവ് കഴിഞ്ഞു തിരിച്ചു പോവാണ് so again daily viewer ആവും ❤️😁,Not_relevant
ഉമ്മാടെ reaction was priceless ❣️❣️,Not_relevant
എങ്ങനെയാണ് ഇത്രെയും പൊളി ആയിട്ട് സംസാരിക്കുന്നത്.. വീഡിയോസ് ഇപ്പോൾ കാണാൻ തുടങ്ങിയതാണ് but സൂപ്പർ,Not_relevant
ഉമ്മയെ കാണാൻ പറ്റുമോ... so cute mom just like her son 😍😍😍,Not_relevant
"<a href=""https://www.youtube.com/watch?v=cVQlAQr08WA&amp;t=4m52s"">4:52</a> എനിക്കും എന്നാണാവോ അമ്മക്കും അച്ഛനും ഇതേപോലെ surprise കൊടുക്കാൻ പറ്റുന്നത് 😍",Not_relevant
ഉമ്മാടെ excitement ❤️❤️,Not_relevant
"എല്ലാ ടെക് vloggers കളും shamZ ബ്രോ പ്വോളി ആണ്, കാര്യം എല്ലാം തുറന്നു പറയും, മറ്റുള്ളവരെ പോലെ അല്ല എല്ലാ കാര്യം തുറന്നു പറയു, അതാണ് 🔥കാര്യം കാര്യം ആയിട്ട് പറയും അല്ലാതെ പ്രൊമോഷൻ പോലെ അല്ല.. Review waiting 🔥",Not_relevant
Motorola razor എടുത്തു ണ്ട് പണ്ട് പട്ടി ഷോ കാണിക്കാൻ 😛,Not_relevant
പുതിയ Studio സെറ്റപ് പൊളിച്ചു.,Not_relevant
Bro യുടെ വീഡിയോ വരാത്തത് എന്താ എന്ന് ഉള്ള വിഷമത്തിലാണ് ഞാൻ😂😅😅,Not_relevant
പിന്നെ നീ പറയുമ്പോൾ 380 രൂപ മുടക്കി വാങ്ങിച്ച dp മാറ്റാൻ പോവുകയല്ലേ😏,Not_relevant
@Cardrive ചേട്ടന്റെ അഡ്രെസ്സ് പറ കുറച്ചു കഷായം അയച്ചു തരാം,Not_relevant
Pixel 7 വച്ച് ഈ വീഡിയോ കാണുന്ന ഞാൻ 💪😁,Not_relevant
Machane പൊളിച്ചു,Not_relevant
Shazzame pixel 7 മുഴുവൻ റിവ്യൂ ഇപ്പൊ വരും? എല്ലാ ദിവസവും കേറി nokanund.. ഉടനെ kaanuvo? Velachil എടുക്കരുത് 🙃,Not_relevant
👆 fake ആണോ,Not_relevant
പൂച്ച സാർ kelippan ആണെല്ലോ.😀😂😁,Not_relevant
"😂😂😂😂😂 ആരെയും അറിയിക്കാതെ , റെക്കോർഡ് ചെയ്യാതെ, ഒറ്റക്കിരുന്ന് PIXEL അൻബോക്സിങ് ചെയ്ത നിങ്ങൾ മാസ്സാണ് മിസ്റ്റർ ഷസാം .",Not_relevant
കഴിഞ്ഞ 4/5 വർഷമായി ഫോൺ എടുക്കാൻ നടക്കുന്നു... ഇപ്പോഴും 2016 മോഡൽ samsung use ചെയ്യന്നു എല്ലാ വിഡിയോസും കാണും flipkart ൽ ഓഫർ time il ക്രെഡിറ്റ്‌ കാർഡും പണി തരാറുണ്ട് GT 2 ഇറങ്ങിയിട്ട് ബ്രോ purchase ചെയ്ത് വീഡിയോ ഇടുന്ന വരെ wait ചെയ്തു പക്ഷേ 5/6 മാസം ആയി അതും നടന്നില്ല ഓരോ ഫോൺ ഇറങ്ങുമ്പോഴും വീഡിയോ കാണും.. ഒരു ഫോൺ എടുക്കണം എന്ന സ്വപ്നം ഇപ്പോഴും ബാക്കി...,Not_relevant
ഞാൻ മുൻപും പല ആളുകളുടെ pixel ഫോണിൻ്റെ വീഡിയോയിൽ കമൻ്റ് apiprayam ഇട്ടിട്ടുണ്ട് അത് ഇവിടെയും പറയാം 😌😌🤓🤓 ബാക്കിൽ ഉള്ള G കളറിൽ കൊടുത്താൽ കുറച്ചൂടെ സൂപ്പർ ആയേനെ,Not_relevant
pixel വാങ്ങാൻ കാശില്ലാത്തൊണ്ടു poco x2 pixel experience rom ഇട്ട് ഉപയോഗിക്കുന്ന ലെ ഞാൻ😎😎,Not_relevant
പൂച്ചയും frustrated ആണല്ലോ 😒,Not_relevant
Da Kokkkananaya Iphone 14 pro 206g Pixel 7 pro 212 g Thaaaan battery azhichitaaaano thoooookiyaty Thante video full misinformation aaaaaan Ennit ഒന്നാമത്തെ പോസിറ്റീവ് 😂😂😂😂😂😂,Not_relevant
വേറെ പണി ഒന്നും ഇല്ലേ രാവിലെ കുളി nana ഒന്നുമില്ലെ,Not_relevant
Pixel 7 pro ക്ക് 60k തരുവാണേൽ ബോക്സ് പീസ് തരാം... ഞാൻ ഉപയോഗിച്ചതല്ല ഇവിടെ വില കുറവാണ്.. 12ജിബി ക്ക് 57k... സത്യസന്തമായി പറഞ്ഞാൽ 3k എനിക്ക്..നാട്ടിൽ 85k+ ആണെന്ന് ആലോചിക്കണം 😁😁,Not_relevant
Edit ചെയ്തു നശിപ്പിച്ചു (unboxing),Not_relevant
ingerde review verum valipp aanu....manual nokki spec vaayikan nammuk ariyatha pwole😂,Not_relevant
Shazzam ഒക്കെ ചെയുന്നപോലെ ഒറ്റ ആംഗിൾ ഷൂട്ട്‌ ചെയ്യു ഇത് പരമ ബോർ 🙁🙏,Not_relevant
"വീഡിയോയുടെ അവസാനം ഒന്ന് ശ്രദ്ധിക്കുക, 2 വേരിയെന്റും 128 ജിബി ആണ്..എന്നാൽ 7pro 256 ജിബി എന്നാണ് പറഞ്ഞത്.",Not_relevant
"ജയരാജ്‌ ബായ് ഒരു doubt, ഇങ്ങനെ അയച്ചു തരുന്ന phone ഫ്രീ ആയിട്ടു തരുന്നതാണോ അതോ റിവ്യൂ കഴിഞ്ഞാൽ തിരിച്ചു കൊടുക്കണോ 🤔",Not_relevant
Camera man .തൻറെ ജോലിയിൽ പ്രഗൽഭ്യം വളരെ കുറവാണെന്ന് തെളിയിക്കുന്നുണ്ട്,Not_relevant
Review ഒക്കെ നല്ലത്‌ തന്നെ .But unfortunately nighalude Review kand phone എടുക്കാന്‍ പറ്റില്ല bcz എല്ലായ്പോഴും phone പോളിഷ് ചെയത് മാത്രം പറയാനുള്ളു .വളരെ കുറച്ചു video sil മാത്രമേ phone കുറ്റം പറയുന്നത് കേട്ടിട്ടുള്ളത്. .But ഞാന്‍ phone എടുക്കണോ വേണ്ടയോ എന്ന് തീരുമാനിക്കേണ്ടത് ഉള്ളതിനാല്‍ video കാണുന്നത്. But really difficult to understand from video u always polishing phone maybe bcz paid promotion. .Support ചെയ്യുന്നവർ like അടിക്കു....,Not_relevant
Camera focus ഇടക്കിടക്ക് മാറുന്നത് കൊണ്ട് തല വേദന വരുന്നു വീഡിയോ കാണുമ്പോൾ. Please change your recording style,Not_relevant
"Bro, Unboxing സ്റ്റൈൽ മാറ്റുന്നത് നല്ലതായിരിക്കും എന്നൊരു ചെറിയ അഭിപ്രായം. ഷോട്സ് എന്തോ പോലെ. പ്രൊഡക്റ്റ് മാത്രം ഫോകസ് ചെയ്ത് ചെയ്യുന്നതാകും ബെറ്റർ.",Not_relevant
Camera എടുക്കുന്നവൻ ഓടിക്കളിക്കാണോ ? ഒരിടത്തു നിൽക്കാൻ പറ .,Not_relevant
Marquez brownlee നേക്കാൾ 2 min മുൻപ് Google pixel 7/pro റിവ്യൂ ചെയ്ത നിങ്ങൾ ❤,Not_relevant
1K ആവൻ സഹായിച്ച എല്ലാവർക്കും എന്റെ ഹൃദയം നിറഞ്ഞ നന്ദി ഇനി 2k ആവാൻ സഹായിക്കണം TNX FOR 1K ROAD TO 2K,Not_relevant
പുതിയ item ആയി എത്തി നമ്മുടെ jayarajettan,Not_relevant
Thumbnail കണ്ടപ്പോ ഞാൻ വിചാരിച്ചു Mrwhosetheboss മലയാളത്തിലും ഉണ്ടൊന്ന്...🥶,Not_relevant
Enikku മിനി ഫ്രീ ആയി തരുമോ😢,Not_relevant
1st review oru 7 to 10 minute ആക്കാമായിരുന്നു,Not_relevant
മലയാളത്തിൽ no 1tech vloger 🥰,Not_relevant
നല്ല അവതരണം.. 👍.വെറുപ്പിക്കൽ ഇല്ല.. 👍,Not_relevant
നല്ല അവതരണം 👌....keep going ✌️✌️,Not_relevant
5 g network ഇന്ത്യയിൽ ആയി വരാൻ 4 വർഷം എടുക്കും. അപ്പഴേക്കും ഇപ്പൊ ഇറങ്ങിയ 5ജി ഫോണുകൾ ഉപയോഗസൂന്യമായിരിക്കും,Not_relevant
Good review. മലയാളത്തിൽ ഇത്തരം ഒരു detail short റിവ്യൂ വിരളം ആണ്.,Not_relevant
അപ്പോൾ ഇത്രക്കും ശ്രദ്ധിക്കുന്ന അങ്ങുന് എന്തുകൊണ്ട് iphone xr വാങ്ങി??specification wise oneplus എന്തുകൊണ്ട് നിങ്ങൾ അപ്ഗ്രേഡ് ചെയ്തില്ല...,Not_relevant
അപ്പോൾ അങ്ങുന്നിന്റെയ് ചൊറിച്ചിലിന്റെയ് കാരണം മനസിലായി... ഞാൻ വിചാരിച്ചു iphone വാങ്ങിയിട്ട് ആണ് ഡയലോഗ് എന്നു... heheh...കിട്ടാത്ത മുന്തിരി പുളിക്കും,Not_relevant
yes bro ഇപ്പൊ എല്ലാർക്കും കുറേ specification പ്രത്യക്ഷത്തിൽ മതി.. അതു എങ്ങന ഉപകാരപ്പെടുന്നു അതു ആവശ്യം ഉണ്ടോ എന്ന് ഒന്നും അറിയണ്ട.....iphone ഉപയോഗിക്കുന്നവരേക്കാൾ കൂടുതൽ വേവലാതിയും കുറ്റവും ഇതു ഉപയോഗിക്കാത്തവർക്കു ആണ്.. ego problem അന്നെന്നു തോന്നുന്നു,Not_relevant
നിങ്ങളുടെ റിവ്യൂ ഒക്കെ പൊളി ആണ് but നിങ്ങൾക് വീഡിയോ തുടർച്ചയായി ഇടുന്നില്ല,Not_relevant
നല്ല വിശദികരണം 👌.Keep it up bro ❤️,Not_relevant
Wallpaper ഉം table ഉം മാച്ചിങ്,Not_relevant
ഒരു റിവ്യൂ ചെയ്യാണേൽ ഇങ്ങനെ ചെയ്യണം...👍.njan sbscribe cheythu...,Not_relevant
Thumbnail ഉപയോഗിച്ച് ബാഗ്രൗണ്ട് കളർ എന്താണ് Product Link Undo Name please,Not_relevant
thumbnail കണ്ടപ്പോ കരുതി mkbhd പുതിയ വീഡിയോ upload ചെയ്‌തെന്ന്😀👌,Not_relevant
5T ഇപ്പോൾ കിട്ടാനില്ല.😑,Not_relevant
Malayalam leading.Iphone12 unboxing first നിങ്ങളാണ്,Not_relevant
Iphone 12 seriesൽ charging adapter ഒഴിവാക്കിയത്തിന്റെ കാരണം അറിയാൻ ഈ ചാനലിൽ ഒന്നു കേറി നോക്കിയാൽ മതി...... Apple&#39,Not_relevant
വാക്കുകൾ മാറ്റിയാൽ വളരെ നന്നായിരിക്കും..ഈ വട്ടം = ഈ പ്രാവശ്യം or ഇത്തവണ.അതിനേക്കാട്ടിം = അതിനേക്കാളും.🥰🥰,Not_relevant
"ഞാൻ ഒരെണ്ണം US ഇല്‍ നിന്ന് വാങ്ങാൻ പോകുവാ, 12 Pro. Apple Care US ഇല്‍ ചോദിച്ചപ്പോ പ്രശ്‌നം ഒന്നുമില്ല അൺലോക്ട് വാങ്ങാൻ പറഞ്ഞു 😊👍",Not_relevant
"മൊബൈലിലൂടെ വെറും 5 MIN ചിലവഴിച്ച് നല്ല രീതിയിൽ ക്യാഷ് ഉണ്ടാക്കാം*👈🏻 🔗🔗🔗🔗🔗🔗🔗🔗🔗🔗🔗🔗🔗🔗 കൊറോണ ആയിട്ട് വീട്ടിൽ ഇരിക്കുന്നവർക് ക്യാഷ് ഉണ്ടാക്കാൻ ഇതാ ഒരു അവസരം😍 ₹8️⃣0️⃣TO₹1️⃣5️⃣0️⃣0️⃣ 💵മൊബൈൽ ബുക് ചെയ്ത് നല്ല വരുമാനം ഉണ്ടാക്കാൻ താല്പര്യമുള്ളവർ ഉണ്ടെങ്കിൽ ഈ ലിങ്ക് ക്ലിക് ചെയ്ത് ഗ്രുപ്പിൽ Joine ചെയ്യുക 👉🏻 ഈ ജോലിയുടെ പ്രെത്യേകത. 👈🏻 🛑NO INVEST 🛑NO RISK 🛑NO REFERE, 🛑 FIVE MINUTES WORK, 🛑HIGH PROFITE. *SHARE*💕 💰💰💰💰💰..Team MS BOOKERS..<a href=""https://chat.whatsapp.com/HnC89KWe1XXDijOTheemRu"">https://chat.whatsapp.com/HnC89KWe1XXDijOTheemRu</a>",Not_relevant
ഒരു ഫോൺ കണ്ടിട്ട് അതിന്റെ features മാത്രം പറഞ്ഞു ആർക്കണ്ടോ വേണ്ടി ഒക്കാനിക്കുന്നവരേക്കാൾ ഇവരെ പോലെ ഉള്ളവർക്ക് ആണ് സപ്പോർട്ട് കിട്ടണ്ടത്..1 million കിട്ടിയവനെ കൊണ്ട് എന്ത് ഗുണം,Not_relevant
വിചാരിച്ച പോലെ തന്നെ...... First iphone unboxing in malayalam.......😍,Not_relevant
നിങ്ങളുടെ റിവ്യൂ കണ്ടാൽ പിന്നെ ആ ഫോൺ എടുത്തു പോഗും... ഐഫോൺ 12 ഇറങ്ങിയിട്ട് ഇപ്പോഴാണ് മര്യാധകുള്ള റിവ്യു കാണുന്നത്.....സൂപ്പർ.Thank u for this beautiful review in malayalam,Not_relevant
ഇപ്പൊ ഭയങ്കര ഫാസ്റ്റ് അണ്ണലോ unboxing ഒക്കെ... Good keep it up...😊💪,Not_relevant
മച്ചാന്റെ rvw നു വേണ്ടി wait ചെയ്തു നില്കുവായിരുന്നു,Not_relevant
നല്ല അവതരണം സൂപ്പർ ബ്രോ keep Going 👍,Not_relevant
പോയി പണിയെടുത്തു തിന്നെടാ .....😡😡😡,Not_relevant
കിടിലൻ unboxing and review ഒരു രക്ഷയും ഇല്ല .Clear and perfect 🔥🔥🔥🔥,Not_relevant
Pwoli video ഏട്ടാ,Not_relevant
Keep going bro.... നല്ല reach എന്തായാലും പെട്ടന്ന് തന്നെ കിട്ടും... because your presentation is ausome!!🙂❤️😇,Not_relevant
Iphones ന്റ് deep reviews മലയാളത്തിൽ വേറെ ഇല്ല... TBC 🔥,Not_relevant
"Video quality, sound, content.. അതിനു ഇ ചാനലിൽ വരണം 😍😍😍",Not_relevant
ഐഫോൺ 12 ഒന്നും എന്റെ കയ്യിൽ ഇല്ല.ഇതൊന്നും ഞാൻ വാങ്ങാനും പോകുന്നില്ല.പക്ഷെ നമ്മുടെ മച്ചാന്റെ ചാനലിൽ നിന്ന് നോട്ടിഫിക്കേഷൻ വന്നാൽ ഞാൻ ഓടിയെത്താർ ആണ് .വെറുതെ എങ്കിലും ഇതിനെ പറ്റി ഒക്കെ പടിക്കലോ,Not_relevant
താമര ബ്രോയുടെ review കണ്ടാൽ ആണ് ഒരു രസം ഉള്ളൂ...My favourite review channel in Malayalam..,Not_relevant
താങ്കൾ വളരെ diifrent ആയിട്ടാണ് റിവ്യൂ ചെയ്യുന്നത്...👏👏👏👌,Not_relevant
പെട്ടന്ന് 1M ആവട്ടെ എന്ന് പ്രാർത്ഥിക്കുന്നു,Not_relevant
കുറച്ചു late ആയി...ക്ഷമിക്കണം...Review 👌👌,Not_relevant
"Pwoli review bro 🔥... pinne നിങ്ങൾക്ക് ഓട്ടോമൊബൈൽ വീഡിയോകൾ ഇഷ്ടമാണെങ്കിൽ, ദയവായി എന്റെ ചാനലും subscribe ചെയ്യുക❤️",Not_relevant
Continue your great work on these videos..- മലയാളി പട vlogs....Spread your continuous support in my channel too ❤️✊🏽,Not_relevant
കൈയിൽ 5ന്റെ പൈസ ഇല്ല പക്ഷെ ഇതൊക്കെ കാണുമ്പോൾ just for a rassam 🤭🤭,Not_relevant
Everything Malayalam from TBC അതാണ് പറയുന്നത് iPhone 📲എന്ന ഈ സാധനം ഇറങ്ങുമ്പോഴെ പോയിവാങ്ങരുതന്ന്പറയുന്നത്😀,Not_relevant
"<a href=""https://youtu.be/6pS2Kt_O1mQ"">https://youtu.be/6pS2Kt_O1mQ</a>..കഴിവുകൾ support cheyyuka ഇതൊക്ക അല്ലെ support ചെയ്യേണ്ടത് ✌️✌️",Not_relevant
Good വീഡിയോ,Not_relevant
"<a href=""https://youtu.be/vpA7bfde0ps"">https://youtu.be/vpA7bfde0ps</a>.കൈലാസം - അറിയും തോറും അകലുന്ന മഹാ സാഗരം ...ലാലേട്ടൻ പാറയും പോലെ",Not_relevant
Hypnotism lesson 3.. പ്രേതബാധ ഒഴിവാക്കാൻ ഹിപ്നോതെറാപ്പി കൊണ്ട് കഴിയുമോ കാണുക .https://youtu.be/MOKrWd_lTpI,Not_relevant
ചേട്ടാ എനിക്ക് ഒരു iphone താറാവോ for my youtube channel please bro any iphone please ചേട്ടാ,Not_relevant
Iphone 11 Red 256 GB case ഇല്ലാതെ ഉപയോഗിക്കുന്ന ഞാൻ 😜,Not_relevant
നല്ല ക്വാളിറ്റി video ചെയ്യുന്ന ചാനൽ ആ ഇത് ബട്ട് റീച് വളരെ കുറവാ..... .Soo sad,Not_relevant
എന്റെ കയ്യിൽ midnight color ആണു... 😍,Not_relevant
പുള്ളിയുടെ വീഡിയോസ് എല്ലാം സൂപ്പർ ആണ് നല്ല അവതരണം good,Not_relevant
നല്ല voice👍👍👍👍👍💝,Not_relevant
bro...techniqued malayalam channel 13 pro unbox ചെയ്തിട്ടുണ്ട്.....എന്തായാലും രണ്ടുപേരും പൊളി ആണ്....👍👍👍💜💜💜💜💜💜💜💜💜,Not_relevant
Yes! വേറ ഒര് മലയാളം ടെക് യൂടൂബേർസും 13 സീരീസിന്റെ വീഡിയോ ചെയ്ത് കണ്ടതേയില്ല🙂,Not_relevant
12 സീരീസും ആദ്യം ചെയ്തത് ഇങ്ങേർ തന്നെ.... Power 💥💥💥💥,Not_relevant
ഇത്ര പെട്ടെന്ന് പ്രതീക്ഷിച്ചില്ല .Good job keep going.👍👍👍👍,Not_relevant
പുള്ളിയുടെ വീഡിയോ കിടിലം ആണ് perfect ആണ്,Not_relevant
എന്നാ ഒരു ക്വാളിറ്റിയാ ബ്രോ വീഡിയോ. മലയാളത്തിലെ ആദ്യത്തെ iPhone 13 on hand video അണ് . എന്നിട്ടും ഇത്ര സിംപിൾ ആയി Content മാത്രം ബ്രീഫ് ചെയ്ത് video ittath വളരെ speciality ആയി തോന്നി.👌👌👌,Not_relevant
ഇത് giveaway കൊടുക്കോ 🤣😂,Not_relevant
15 pro ഇറങ്ങട്ടെ. എന്നിട്ട് ഒന്ന് എടുക്കണം,Not_relevant
എന്റെ പൊന്നേ മലയാളത്തിൽ ഇത് ആദ്യം. Iphone 13 rivew ഇത് click ആവും bro പറയാതിരിക്കാൻ വയ്യ.,Not_relevant
ഇയ്യാൾക്ക് മാത്രം എങ്ങനെ iphone Latest models ഇത്രയും വേഗം ലഭിക്കുന്നത്. എന്നെ അമ്പറപ്പിച്ചു 😍,Not_relevant
സാധാരണ എല്ലാ ഫോൺ rivew ചെയുന്നത് ഇറങ്ങി 3 മാസം കഴിഞ്ഞു ആണല്ലോ. ഇപ്പോൾ മലയാളത്തിലെ ആദ്യത്തെ i phone 13 review ആയി. പൊളിച്ചു 👍👍,Not_relevant
മലയാളത്തിലെ first iphone 13 unboxing 👍👍,Not_relevant
ഇത് എനിക്ക് മാത്രം തോന്നുന്നത് ആണോ എന്ന് അറിയില്ല iphone 13 pinkinte edgum se 1 geninte edgum same ആയിട്ടു തോന്നി,Not_relevant
ഏതൊരു ഫോൺ ഇറങ്ങിയാലും ഉടനടി <b>review</b> ഇവിടെ കാണും…..<b>ufff quality king..!! </b>,Not_relevant
<b><i>ഇതവണ നേരത്തെ ആണല്ലോ .... 😂</i></b>,Not_relevant
അങ്ങനെ മലയാളത്തിലെ ആദ്യ iPhone13 unboxing വന്നു 💥💥💥,Not_relevant
Chetta enikk ഒരു phone തരാമോ please 🥺🥺🥺🥺🥺🥺🥺🥺🥺,Not_relevant
"Nalla quality 👌, ഒള്ളത് പോലെ പറഞ്ഞു.. great review. 👌💯💯💯💯💯",Not_relevant
ഇവന്‍ ഇലുമിനാണ്ടിയാണ് 😑😑 xs ന്‍റേ മലയാളം റിവ്യു ഇ ചാനലില്‍ ഞാന്‍ രണ്ടൂസം മുന്നേ തപ്പിനോക്കീര്‍ന്നു 😀😀😀,Not_relevant
2021 il കാണുന്നവർ 😊✌️.❤️👇,Not_relevant
അടിപൊളി Review👍👍,Not_relevant
ആദ്യമായിട്ടാണ് ഈ channel കാണുന്നത്. നല്ല quality അവതരണം. Impressed..❤️❤️❤️ Tech youtubers ന്റെ കാര്യത്തിൽ മലയാളത്തിൽ ഇത്രേം quality ഞാൻ ഇതുവരെ അനുഭവിച്ചിട്ടില്ല. You deserve more subscribers &amp,Not_relevant
iPhone 7 ❤️ എങ്കിലും എടുക്കണം😊✌️,Not_relevant
എനിക്ക് അറിയാനുള്ളത്... നിങ്ങള് ഇതിൽ കളിച്ച game ഏതാ എന്നാ?😜,Not_relevant
Broyude ഫോൺ ഏതാ,Not_relevant
<b>iphone 7</b> നിൽ ഇപ്പൊ വീഡിയോ കാണുന്ന ഞാൻ ...🙂,Not_relevant
7ഇൽ vdo കാണുന്ന ഞാൻ 🤪,Not_relevant
ഈ പാവപ്പാടവന്റ ചാനല് 1k ആക്കി തരുമോ ആർക്കിലു ഒന്നും ലൈക് അടി മക്കളെ 👍👍👍,Not_relevant
ഇത് പോലുള്ള video kal ane നമുക്ക് വേണ്ടത് brooo . 👍👍,Not_relevant
ഇവിടെങ്ങും 4g kk polum range illa🤣,Not_relevant
11 pro maxil കാണുന്ന (ലെ - ഞാൻ ).nice ....🍏,Not_relevant
ഏത് വിഡിയോയും 360p കാണുന്ന .ഞാൻ ...😐.ഇവിടെ വരുമ്പോൾ മാത്രം 480p അല്ലേൽ അതിന്റെ മേലെ ഉള്ള pixeli. കാണറാണ് ...!!😄🥰.<b>***Quality king</b> ...!!T.B.C*<b>**</b>,Not_relevant
നല്ല അവതരണം. കൃത്യമായ വാക്കുകളിൽ മനോഹരമായ presentation. എന്ത് കൊണ്ടും നല്ലൊരു റിവ്യൂ,Not_relevant
Nice ആയിട്ടുണ്ട് ♡ keep going 👍,Not_relevant
നല്ല വിശദീകരണം.... keep it up bro,Not_relevant
2023 October 17.ഇപ്പഴും 11പ്രോ മാക്സിൽ ഈ വീഡിയോ കാണുന്നവർ ഉണ്ടോ 😊,Not_relevant
"Flagship ഫോൺ മാത്രം review ചെയ്യാതെ, mid range ഫോൻസും unboxing, review ചെയ്താൽ മലയാളത്തിൽ നല്ല റീച് കിട്ടാൻ ചാന്സുള്ള ചാനെൽ ആണ്...",Not_relevant
"<b>ഇന്നലെ ആമസോണിൽ 60k ക്ക് i phone 11 sale ഉണ്ടാർന്നു,ഫ്ലിപ്പ്കാർട്ടിൽ xr 44k ക്കും.....Xr 2min കൊണ്ട് out of stock</b>",Not_relevant
Iphone ഇല്ലെങ്കിലും review ഇടുമ്പോൾ ഓടി വന്ന് നീലം മുക്കും,Not_relevant
Enikke oru iphone giveawey tharooo broo pls ഉപയോഗിക്കാനുള്ള കൊതി കൊണ്ടാ പഴയ ഫോൺ മതി,Not_relevant
Iphone വാങ്ങണം എന്ന് താത്പര്യം ഉണ്ടെ പക്ഷേ ക്യാഷ് ഇല്ലാത്തത് ആണ് എന്റെ പ്രശ്നം poli review ane broo,Not_relevant
ആദ്യം തൊട്ടെ വീഡിയോ കാണുന്നത് ഞൻ മാത്രം അനോ അന്യായം മയ അവതരണം poli broo,Not_relevant
നിങ്ങളെ studio setup vedio cheyyaamo,Not_relevant
ഐഫോൺ se ഇനിയും പുതിയ വീഡിയോസ് ചെയ്യൂ ippo ട്രെൻഡിങ് അതാണ് കട്ട waiting🌠💞,Not_relevant
ഞാൻ eduthu സെക്കന്റ് phone 46000 aayi 😊,Not_relevant
വെറുപ്പിക്കാത്ത review 👍🏽,Not_relevant
ഞാൻ ആദ്യം white എടുക്കാനാണ് തീരുമാനിച്ചത്.white ആയിരുന്നു ഇഷ്ടം.പിന്നെ green എടുത്തത് ഏറെ കാരണങ്ങൾ ആണ്.1.മല്ലു ട്രാവലർ gold wing വാങ്ങിക്കുന്ന സമയത്തും യൂറോപ്പിൽ പോയ സമയത്തും ചുരുക്കിപ്പറഞ്ഞാൽ അവന്റെ ഭാഗ്യമുള്ള സമയത്ത്‌ ഞാൻ കയ്യിൽ കണ്ടത് iphone 11 green ആയിരുന്നു😂.2.മേലെയുള്ള വെള്ള ആകാശം ചളി പിടിക്കാത്തത് കൊണ്ടും താഴെയുള്ള വെള്ള ചളി പിടിക്കുന്നത് കൊണ്ടും ആണ്😂.3.ഞാൻ ഫോൺ വാങ്ങുന്നതിന് മുമ്പ് യുട്യൂബിൽ അധിക വീഡിയോയുടെ കമന്റിലും green സൂപ്പർ എന്ന് കണ്ടു😂അങ്ങനെ എന്റെ തലക്ക് അകത്ത് പച്ച കളർ കത്താൻ തുടങ്ങി.അങ്ങനെയാണ് എടുത്തത്😂പിന്നെ പ്രകൃതിയുടെ ഭംഗി പച്ച ആയത് കൊണ്ട് അതിനോടൊത്ത് പോവുന്നു😁,Not_relevant
എന്റെ green കളർ ആണ്.,Not_relevant
പിന്നെ 100% charge ചെയ്താൽ use ചെയ്ത് 50% ആകുമ്പോഴേക്കും ചാർജ് ചെയ്യുക.അതാണ് നല്ലത്.കാരണം battery health 1% എന്ന് പറയുന്നത് 30cycle (0-100%)ആണ്.,Not_relevant
കുവൈറ്റിലും കിട്ടുന്നില്ല.ഞാൻ അവരോട് ചോദിച്ചു നോക്കിയപ്പോൾ gcc കൺട്രികളിൽ എവിടെയും കിട്ടില്ലെന്നാ പറഞ്ഞത്.അത് കൊണ്ടാണ് ഞാൻ 128gb എടുത്തത്,Not_relevant
Chettan is the best👍 പക്ഷെ റീച് കുറവാണല്ലോ 🤔,Not_relevant
ഈ ചാനൽ കൊള്ളാം.. excellent reviews...superb quality well explained,Not_relevant
"ബ്രോ... താങ്കളുടെ എല്ലാ വിഡിയോസും ഞാൻ കാണാൻ ശ്രമിക്കാറുണ്ട്... Way of presentation ആണ് എനിക്ക് ഇഷ്ട്ടം... സത്യ സന്ധമായിട്ട് പറയുന്നത്.. ഇപ്പോഴത്തെ മലയാളം യൂട്യൂബ്ഴ്സിൽ കാണാൻ പറ്റാത്തത്.. അതോണ്ട് ആണ് ബ്രോയെയും, prathap gtec എന്ന ചാനലിനെ എനിക്ക് ഒരുപാട് ഇഷ്ട്ടം...😊",Not_relevant
ഇത് വരെ കണ്ടിട്ടുള്ള മികച്ച റിവ്യൂകളിൽ ഒന്ന് 👌👌👌.. Thank you!!,Not_relevant
Iphone ഉബയോഗിക്കുന്നവർ മാത്രം phone വിളിക്കുമ്പോൾ എങ്ങനെ പിടിക്കുന്നു എന്ന് കാണിച്ചത് കലക്കി 💯,Not_relevant
ചേട്ടൻറെ review കാത്തിരിക്കുകയായിരുന്നു,Not_relevant
Bro ഓരോ വിഡിയോക്കും നല്ല ഗ്യാപ് ഉണ്ടല്ലോ എന്താ അപ്‌ലോഡ് ചെയ്യാതെ വേറെ വർക് എന്റങ്കിലും ഉണ്ടൊ ഗ്യാപ് ഇട്ട് അപ്‌ലോഡ് ചെയ്‌താൽ അത് വ്യൂയിങ് റേറ്റിംഗിനെ ബാധിക്കില്ലേ,Not_relevant
കഴിഞ്ഞ 4വർഷമായി എല്ലാം നല്ല ഫോൺ കളുടെയും റിവ്യൂ കാണാൻ തുടങ്ങിയിട്ട്. ഒരു ഷോപ്പ് കാരനെക്കാളും അറിവുകൾ ഇപ്പോൾ ആയിട്ടുണ്ടാകും. പക്ഷെ ഒരു J5 prime മാറ്റി iphone സ്വന്തമാക്കാൻ ഇതുവരെ കഴിഞ്ഞില്ല 😂😂😂,Not_relevant
ഒരു giwaway ചെയ്യ്,Not_relevant
ഒരു വിസിറ്റ് വിസ എടുത്ത് duabi വന്നു ഫോൺ എടുക്കുക tax എമൗണ്ട് visitors നു എയർപോർട്ടിൽ നിന്നും റഫണ്ട് കിട്ടും എന്നാലും ഫോൺ ഇന്ത്യൻ പ്രൈസ് വരില്ല,Not_relevant
12 pro maxil video kanunna ഞാൻ,Not_relevant
കാക്ക മാടി വിളിച്ചപ്പോളെ എനിക്ക് തോന്നി 😍.ഇന്ന് എന്തേലും വീഡിയോ കൊണ്ട് വരുമെന്ന് 🤓.ഒന്നും പറയാനില്ല വീഡിയോ അടിപൊളി 🙃,Not_relevant
1)Bro എവിടെ നിന്നാണ് ഒപ്പിച്ച് എടുത്തത്.2)എന്ത് കൊണ്ടാണ് camera 📸 മുന്നിൽ വരാത്തത്.3) എന്തുകൊണ്ടാണ് ഇത്രയും നല്ലവണ്ണം അവതരിപ്പിച്ചിട്ട് subscribets .കുറവ്.4)bro വീട് എവിടെയാണ്.5) വേറെ ചാനൽ ഉണ്ടോ.Link.🔵 kerala Mrwhoostheboss 🔵,Not_relevant
ഇൗ ഫോണിനെ കുറിച്ചൊന്നും അഭിപ്രായം പറയാൻ മാത്രം ഞാൻ വളർന്നിട്ടില്ല.....Rate കേട്ടിട്ട് തന്നെ കിളി പോയിരിക്കുവ😄.,Not_relevant
English കണ്ടതിന് ശേഷം മലയാളം കാണാൻ വന്ന ഞാൻ 👻💥,Not_relevant
Shazzam ന്റെ brother ആണോ,Not_relevant
Instagram ഇൽ messege അയച്ചാൽ എടുക്കുമോ,Not_relevant
ബ്രോ എനിക് ഒരു ഐഫോൺ se 2020 വാങ്ങി തരുമോ പ്ലീസ് പ്ലീസ്.... 😔😔😔,Not_relevant
Good quality.. താങ്കൾ ഇനിയും ഒരുപാട് subscribersനെ അർഹിക്കുനുണ്ട്.. go ahead all the best💕,Not_relevant
Bro eppo bike review ഒന്നും കാണുന്നില്ല?,Not_relevant
കാത്തിരുന്ന വീഡിയോ thanks bro.... ❤️,Not_relevant
"Yes bro, നല്ല effort എടുത്താണ്‌ വീഡിയൊ ചെയ്യുന്നത്‌. Thank you so much for the comment 😍👍🙏",Not_relevant
"കൃത്യം ആയ വിവരണം, മറ്റു മൊബൈൽസ് വെച്ച് കമ്പരിസൺ ചെയുന്നത് ഹരീഷേട്ടൻ മാത്രമേ ഉള്ളു, and കൊറേ സമയം എടുക്കാതെ കിടിലൻ qlty ഇൽ ചെയ്യുന്നു 🥰",Not_relevant
മികച്ച അവതരണം ✌️ suscribe ചെയ്തിട്ടുണ്ട് 👍,Not_relevant
എത്ര iphone 13 video കണ്ടാലും നിങ്ങടെ video വെറെ LEVEL. 🔥♥️🔥,Not_relevant
ആരാടെ ഇതിനൊക്കെ unlike ചെയ്യുന്നേ 🥶😏,Not_relevant
മലയാളത്തില്‍ ഇത്രേം നല്ല quality യിൽ content ചെയ്യുന്ന ആളില്ല.എന്നിട്ടും ഇങ്ങേര്kk view സും subscribersm koravakan reason എന്താണാവോ????,Not_relevant
23 ആം വയസില് i phone 13 പ്രൊ ഇൽ ഇരുന്നു കാണുന്ന ഞാൻ,Not_relevant
"Consistency, Content and Quality. പൊളിച്ചു bro👌👌",Not_relevant
"2k subscribes ഉള്ളപ്പോൾ സബ്സ്ക്രൈബ് അയതാണ് .. ഇന്ന് വരെ ക്വാളിറ്റി വിട്ട് ഒരു കളി ഇല്ല .. <a href=""http://www.youtube.com/results?search_query=%23quality"">#Quality</a> King",Not_relevant
എനിക്ക് PlusOne Exam ആയത്കൊണ്ട് ഇന്നലെ വീഡിയോ കാണാൻ കഴിഞ്ഞില്ല... .Video was EPIC as always 🔥,Not_relevant
Review കണ്ട apple വരെ ഞെട്ടി 🥰🥰,Not_relevant
Amazing video bro!! Worth watching!! ഹരീഷ് ബ്രോ നിങ്ങളെപ്പോലുള്ളവരെയാണ് support ചെയ്യേണ്ടത്. crap ചാനലിനൊക്കെ millions കിട്ടുന്നത് കാണുമ്പോൾ ദുഃഖം തോന്നുന്നു.,Not_relevant
അടിപൊളി video thanks 😊😍,Not_relevant
2160ps എലും വീഡിയോ വേറെ ലെവൽ .മലയാളികളെ MKBHD. 🔥,Not_relevant
ഈ video കാണുന്നവരുടെ ശ്രദ്ധക്ക് minimum 480p യിലെങ്കിലും വീഡിയോ കാണാൻ ശ്രമിക്കുക എന്നാലേ ഈ quality king ന്റെ video ആസ്വദിക്കാൻ പറ്റൂ.......,Not_relevant
Iphone കാണാത്തൊണ്ടോ unboxing കാണാത്തൊണ്ടോ അല്ല ഈ വീഡിയോ കാണുന്നത് നിങ്ങടെ quality കൊണ്ടാണ്.... Super,Not_relevant
എന്റെ പൊന്ന് ഹരിക്കുട്ടാ.നിനക്ക് സമയ സമയത്ത് വീഡിയോ ചെയ്തൂടെ. consistency ആണ് നിന്റെ പ്രശ്‌നം.,Not_relevant
ഇവിടെ comment ചെയ്യുന്നവർ കുറവാണ്..പക്ഷെ ഇവിടെ ആളുകൾ comment ഇടുന്നത് subscribers കിട്ടാനും likes കിട്ടാനും അല്ല..അത് ഹരീഷേട്ടന്റെ video making quality കണ്ട് appreciate ചെയ്യാൻ ആണ്❤️😻,Not_relevant
നിങ്ങടെ b-roll ഒക്കെ വേറെ ലെവൽ ആണ്... ഭായ് 👌🏾👌🏾,Not_relevant
ഇപ്പോ mrwhosetheboss ന്റെ reviews കാണാൻ കാത്തിരിക്കുന്നപോലെ ആണ് മനുഷ്യ നിങ്ങളുടെ videos നു കാത്തിരിക്കുന്നത്..phone ചത്താലും 2k resolution ഇട്ട് മാത്രേ കാണു😅🔥❤️,Not_relevant
Most waiting review of 13 series.ഈ കൈകളിൽ tech ഭദ്രം❤️.ഹരീഷേട്ട നിങ്ങളെ ആപ്പിൾ കൊത്തിക്കൊണ്ടൊവും😘😘😘,Not_relevant
ഇന്നാണ് വീഡിയോ കാണാൻ ഇടയായത് . very Nicetnks...,Not_relevant
Iphone se പോലെ തന്നെ ചേട്ടനും look ആണ്,Not_relevant
മലയാളികളുടെ MKBHD...,Not_relevant
നല്ല അവതരണം keep it up,Not_relevant
കണ്ടതിൽ വെച്ച് SE UDE അടിപൊളി വീഡിയോ. വീഡിയോ തീർന്നതും ചാനൽ സബ്സ്ക്രൈബ് ചെയ്തു. ഗുഡ് പ്രസന്റേഷൻ ഇൻ ഡീപ്. Expect more and more videos like this. All the best👍,Not_relevant
"Sir കേരളത്തിലെ marquee brownlee anu , superb review sir",Not_relevant
Perfect review🖤 iphone se വാങ്ങണം എന്ന് ഉണ്ട് but budget 😔,Not_relevant
ഇന്നാണ് ആദ്യമായിട്ട് ഈ ചാനൽ കാണുന്നത്...ഒറ്റയിരുപ്പിൽ എല്ലാ വിഡിയോസും കണ്ടുതീർത്തു...ഇജ്ജാതി ക്വാളിറ്റി 👌👌 .Useful tips and tricks ❤️.Also the quality of presentation is 🔥🔥🔥,Not_relevant
ഇങ്ങനെ detail ആയി review/comparison video മലയാളത്തിൽ ആദ്യമായി കാണുവാ..❤️,Not_relevant
ഇതിന് like മാത്രം കിട്ടിയാ പോര എനിക്ക് മറുപടി കിട്ടണം,Not_relevant
Uff ഇങ്ങള് പൊളി ആണ്🔥😍.Mrwhosetheboss മലയാളം വേർഷൻ❤️,Not_relevant
Dosen&#39; support APK അത്  എന്തുവാ മനസിലായില്ല 🤔 apk only for ആൻഡ്രോയ്ഡ് ബ്രൊ androind package kit. 🙏,Neutral
"Samsung S22 ultra 512 GB 118999 രൂപയ്ക്ക് കിട്ടുന്ന പോലെ iphone 13pro Max  കിട്ടില്ലല്ലോ,146,999 കൊടുക്കണമല്ലോ. ഐഫോൺ 128GB വാങ്ങുന്ന പണം ഉണ്ടെങ്കിൽ Samsung S 22 ultra 512 gb എടുക്കാം...",Neutral
Iphone 15 ന് വേണ്ടി വെയിറ്റ് ചെയ്യുന്ന ഞാൻ .48 എംപി with periscope camera.for now my 8plus is enough.,Neutral
Game കളിക്കുമ്പോൾ notification വരാതിരിക്കാൻ option und സെർ 🤓,Neutral
കയ്യിൽ വേറെ ആൻഡ്രോയ്ഡ് ഫോൺ ഉണ്ടെങ്കിൽ അതിലേക് വീഡിയോസ് xender വഴി കയറ്റി പിനീട് ലാപ്ടോപ് ലേക്ക് കുത്താൻ പറ്റില്ലേ,Neutral
ബ്രോ ഇതിൽ esim ആണോ,Neutral
Bro 9rt 43000 രൂപക്ക് worth ആണോ gaming and camera,Neutral
Bro guided acces mode on ചെയ്താൽ game കളിക്കുമ്പോൾ notification ഒന്നും വരില്ല bro ഗെയിംനു മാത്രം അല്ല നമ്മുക്ക് vedio കാണുപോലും yutube കാണുമ്പോളും എല്ലാം use ചെയ്യാം,Neutral
ഗെയിം കളിക്കുമ്പോൾ നോട്ടിഫിക്കേഷൻ ഓഫ് ചെയ്ത് വെക്കാൻ pattum . triple tap ലോക്ക് ബട്ടൺ,Neutral
ഒരു  i expand വാങ്ങിയാൽ easy ആയി data transfer ചെയ്യാം,Neutral
13 pro യും 13 pro max തമ്മിലുള്ള ഡിഫ്രണ്ട് ഒന്നു പറയുമോ,Neutral
"അതിനും കൂടെ വേണ്ടിയാണ് ബ്രോ focus എന്ന ഒപ്ഷനും shortcut എന്ന ആപ്പും, ഇത് കൃത്യമായി ഉപയോഗിക്കാൻ അറിയുന്നവർക്ക് Iphoneൽ എന്തും നട്ക്കും. .ബ്രോ പറഞ്ഞ എല്ലാ കാര്യങ്ങളും focus/shortcut ൽ നടക്കും.",Neutral
ബാറ്ററി ഹെൽത്ത്‌ undoo,Neutral
I phone 13 pro യില് optical zoom undo,Neutral
പണം ഉള്ളവൻ എടുക്കും അല്ലാത്തവൻ ഇരുന്ന് അങ്ങു മൂ*<b>*</b>,Neutral
Iphone 13 പ്രോ max engene ബ്രോ para വാങ്ങിക്കാൻ ആണ് megnet charger എഎത്തിലാണ് ullath,Neutral
ഇപ്പോൾ ഐ ഫോൺ 13 വാങ്ങിക്കുന്നത് വർത് ആണോ. അതോ s23 ആണോ.,Neutral
12 por 13 ഇതിൽ ഏതാ നല്ലത് എടുക്കാൻ നല്ലത്,Neutral
"Bro, iPhone 15 ലോഞ്ച് ചെയ്‌തതിന് ശേഷം ഏതൊക്കെ iPhoneകൾ നിർത്തലാക്കും? (big billion days sale time)",Neutral
​@Alaina Anna എല്ലാരും battery aan super എന്നാണ്‌ paranjath... Problem ippo solve aayo?,Neutral
ആദ്യമായി i ഫോൺ വാങ്ങാൻ പ്ലാൻ ചെയ്യുന്നു. 12 pro ആണോ 13 ആണോ കുറച്ചൂടി value for money ആയി ഉള്ളത്,Neutral
Video stebility ഉണ്ടോ,Neutral
Njan 13 എടുത്തു  but oru doubt ഉണ്ട്   ചില  time il screen automatically lock ആവുന്നു  അതിന്റെ   കാരണം  എന്താ  use ചെയ്തു  കൊണ്ടു ഇരിക്കുമ്പോഴാ  ee problem.. ആരെങ്കിലും replay തരണേ,Neutral
👍👍👍 ഇതിന് ഏത് back കവർ ആണ് best?,Neutral
വെയ്റ്റിംഗ് ഫോർ iphone 50,Neutral
Cash കാര്യമാക്കേണ്ട ... ഞാൻ തരാം,Neutral
Bro battery capacity okke നല്ലവണം കിട്ടുന്നുണ്ടോ പ്ലസ് repl,Neutral
പ്രതീപേട്ട ഒരു സംശയം ചോദിക്കട്ടെ പ്ലീസ് ഹെല്പ് ച്യ്യണം....13 ആണോ 13 pro ആണോ നല്ലത് എനിക്ക് pug g കളിക്കാൻ ആണു... പ്ളീസ് replay,Neutral
BBD Sales il പൊക്കാം 😅,Neutral
കാത്തിരുന്നു അങ്ങനെ ഞാനും വാങ്ങി iphone 13,Neutral
@ശ്യാം ഫക്കീർ മുഹമ്മദ് കൊല്ലംbro .I am also going to buy can you say I phone 13 price In oman because I .Am in oman .256gb model price can you say,Neutral
"നമസ്കാരം, call record ചെയ്യാൻ പറ്റുന്ന iphone ഏതാണ് എന്ന് പറയാമോ",Neutral
Camera review പെട്ടന്ന് ചെയ്യൂ..... ❤😍,Neutral
Iphone 13നില്‍ ഇരുന്ന് കൊണ്ട് തന്നെ എന്തെങ്കിലും നെഗറ്റീവുണ്ടോന്ന് നോക്കാന്‍ വന്ന ഞാന്‍,Neutral
14 ഇറങ്ങുമ്പോൾ paisa കിട്ടിയാൽ എടുക്കണം,Neutral
നല്ല selfie and back camera ഉള്ള image and video quality ഉള്ള കാമറ ഉള്ള മൊബൈൽ ഏതാണ് ??????.Budget: 80000,Neutral
"ഞാൻ ഒരു സെക്കന്റ്‌ ഹാൻഡ്‌ ഐഫോൺ വാങ്ങാൻ ഉദ്ദേശിക്കുന്നു. എനിക്ക് ഫോട്ടോ ക്ളാരിറ്റി പിന്നെ കൂടുതൽ സ്റ്റോറേജ് എന്നിവ ആവശ്യമാണ്‌. ഐഫോൺ 7plus 256 ജിബി,  ഐഫോൺ X, എന്നീ ഫോൺ ആണ് എന്റെ സെലെക്ഷൻ. ഇതിൽ  ഞാൻ ഏതാണ് തിരഞ്ഞെടുക്കേണ്ടെത്.ഒരു റിപ്ലൈ പ്രതീഷിക്കുന്നു.",Neutral
@Riyan വേറൊന്നും കിട്ടിയില്ലേ 𝕓𝕣𝕠😕,Neutral
Online ആണോ വാങ്ങിയത്,Neutral
Cash ഉള്ളവൻ 12ഉം 13ഉം ഒക്കെ എടുക്കും ഇല്ലാത്തവൻ ഇവടെ ഇരുന്ന്  moonjum😅,Neutral
പുതുതായി വാങ്ങിക്കുമ്പോൾ ഐഫോൺ 12 pro ആണോ 13 ആണോ better ?,Neutral
ഏറ്റവും പുതിയ music earbuds review ചെയുവോ G???,Neutral
"11ഉം 12ഉം 13ഉം 12mini ഉം എല്ലാം ഉണ്ട് എന്നാൽ ഇതിൽ ഒരെണ്ണം എനിക്ക് തന്നൂടെ പ്രതാപ് ഏട്ടാ, iphone മോഹിച്ചു കുറെ നാളായി 🌝🌝😅😅",Neutral
പ്രതാപ് ചേട്ടാ ഒരു comparison വീഡിയോ ചെയ്യുമോ iphone 12 vs iphone 13 and iphone 13 vs iphone 13 mini,Neutral
ഇതൊക്കെ എനിക്ക് തന്നൂടെ prathap ഏട്ടാ 😅😅,Neutral
@Eldho നിങ്ങൾ Securityum പറഞ്ഞ് അവിടെ തന്നെ നിന്നൊ 😆,Neutral
Gaming റിവ്യൂ വേണം ചേട്ടാ,Neutral
@Eldho ഈ slow down എങ്ങെനെ ആണ് ചെയ്യുന്നത് Software വഴി ആണ് അത് ആദ്യം മനസ്സിലാക്ക് . ആ slow down ചെയ്ത Software deleat ആകിയിട്ടാണ് custom Rom Install ചെയ്യുന്നത്. പിന്നെ പറഞ്ഞല്ലേ Root ചെയ്യുന്നത് Risk ആണെന്ന് അത് ശരിയാണ് but ഒരു തിരുത്തു ഉണ്ട്  Rom Install ചെയ്യാൻ root permission വേണ്ട ok അത് ആദ്യം മനസ്സിലാക്ക് ആകെ boot|oder Unlock ചെയ്ത മതി അത് Simple ആണ്,Neutral
ചേട്ടൻറെ primary phone iPhone 13 ആണോ,Neutral
"Hi bro   20,000 രൂപക്ക് ഒരു 3 samsungന്റെ  നല്ല ഫോണുകൾ  ഏത്  ഒന്ന് പറയോ",Neutral
പ്രതാപേട്ടാ POCO M3 ആണോ നല്ലത് INFINIX NOTE 10 ആണോ ..Review ഒക്കെ നോക്കിയായിരുന്നു..Replay തരൂ Please.....🥺😊,Neutral
OLed ഡിസ്‌പ്ലൈയും Amoled ഡിസ്‌പ്ലൈയും ഒന്നാണോ? Oled യിൽ always on disply ഉണ്ടാകുമോ?,Neutral
Samsung ഫോണുകൾക്ക് ഒരു വർഷം കഴിയുമ്പോൾ motherboard Complaint ആകുമെന്ന് പറയുന്നത് ശരിയാണോ,Neutral
Hi പ്രതാപ് ചേട്ടാ സാംസങ് m51 മദർ ബോർഡ് ഇഷ്യൂ ഉണ്ടോ m30s 1year കഴിഞ്ഞു അങ്ങനെ ഒരു ഇഷ്യൂ ഉണ്ട്. m51 വാങ്ങാൻ ആണ് ഒന്ന് അഭിപ്രായം പറയുമോ,Neutral
S22 ultra റിലീസ് എന്നാണ്,Neutral
വാങ്ങാൻ അല്ലങ്കിലും കാത്തിരുന്ന rewiew 😂,Neutral
Prathapetta onn reply tha plz poco m2pro miui 12.5 update kittila enik solution vallom ondo plz reply❤ എന്ന് കിട്ടും,Neutral
New 14 pro cash കൊടുത്ത് order ചെയ്ത് കയ്യിൽ കിട്ടുന്നതിന് മുമ്പ് വീഡിയോ കാണുന്ന ഞാൻ 😬😬😂😂എന്താവും എന്തോ,Neutral
Bro... Apple 13 &amp; 14 ഏത് ആണ് നല്ലത്,Neutral
Bro xperia 1 mark 4 ന്റെ റിവ്യൂ ചെയ്യ്,Neutral
ഓസ്‌ട്രേലിയ അവിടുന്ന് വാങ്ങുന്ന    13 pro  esim ആണോ  അറിയാവുന്നവർ  plz റിപ്ലൈ,Neutral
വിലയിൽ apple നെ കുറ്റം പറഞ്ഞിട്ട് കാര്യമില്ല tax✌️,Neutral
ഇവിടെ എല്ലാ സാധാരണ workersum ആപ്പിൾ ഉപയോഗിക്കുന്നുണ്ട്.. പിന്നെ എന്ത് ...,Neutral
Dynamic island app പ്ലെയ്സ്റ്റോറിൽ ഉണ്ടല്ലോ 🙄,Neutral
14 Pro വാങ്ങാൻ പൈസ ഇല്ലാത്തവർക്ക് ഇതൊക്കെയാണ് പിന്നൊരാശ്വാസം 😂,Neutral
ഇതിന്റെ ബാറ്ററി 14 pro യിൽ വെച്ച് താരോ 😁😁😃,Neutral
"ഇത് കണ്ടാൽ തീർന്നു iphone കൊതി.😄.<a href=""https://youtu.be/JUy2DyDN7g4"">https://youtu.be/JUy2DyDN7g4</a>",Neutral
"Boss , boss ൻ്റെ കയ്യിൽ ഉള്ള  iphone നിൽ നിന്ന് ഒന്ന് എനിക്ക് തരാമോ... ജീവിതത്തിൽ ഇതുവരെ ഞാൻ അത് use ചെയ്യാൻ പറ്റീല ഒരു ആഗ്രഹം കൊണ്ട് ചോദിച്ചതാ.....😔 God എല്ലാവർക്കും ആ ഒരു ബാഗൃം കൊടുക്കൂല എന്ന് പറഞ്ഞു സമാധാനിക്കാം",Neutral
അപ്പിളിന്റെ feature ന് shazzaam ബ്രൊ 100 out of 100 കൊടുത്തു എന്ന് കേട്ട ഞാൻ 😳...,Neutral
50 k ക്ക് പറ്റിയ gaming phone പറയാമോ,Neutral
അണ്ണാ എന്റെ പെങ്ങൾക്കൊരു mobile വേണം. അവള പറഞ്ഞത് shazam ചേട്ടനോട് ചോദിക്കാൻ.Jolikku വേണ്ടി കൂടി ആണ്. ബാറ്ററി life and ഹാങ്ങ്‌ ആവരുത്. ഗെയിം കളി ഒന്നുമില്ല. ഇടയ്ക്കു മാത്രം ഫോട്ടോ എടുക്കും. നല്ലൊരു mobile പറയാമോ.emi ആയിട്ടിട് എടുക്കാൻ അനു. Hdfc and sbi credit ഉണ്ട്,Neutral
Asus rog 5s review ചെയ്യുവോ plzzz🥰,Neutral
Huawei sound x aano bakil ഉള്ളത് .എനിക്ക് തരാവോ😀,Neutral
ഉള്ള iphone 12 മറ്റാഞ്ഞത് നന്നായി 😂😂,Neutral
എനിക്ക് തോന്നുന്നില്ല bro വിരോധി ഒന്നും അല്ല പിന്നെ ഉള്ളത് പറയുന്നു ആപ്പിളിനെ കുറിച്ച്.. 👍👍😍,Neutral
ബ്രോ ഇതിൽ അലുമിനിയം ഫ്രെയിം ആണോ stylish Steel അതാണോ യൂസ് ചെയ്തിരിക്കുന്നത്.,Neutral
Pixel 7 Pro യുടെ 120Hz ആണോ 14 Plus ൻ്റെ 60Hz ആണോ കൂടുതൽ സ്മൂത്ത്? Over-all UI,Neutral
Iphone 13 pro still sale undalo .അപ്പോ എന്തേ നിർത്തി എന്നു പറയുന്നേ ?,Neutral
ബ്രോ...asus zenfone 9 review ചെയ്യോ.....,Neutral
അണ്ണാ apple legendary ആയിട്ടുള്ള  phones നെ പറ്റി ഒരു video ചെയ്യുമോ 😌,Neutral
"Brother, iphone SE 3 യുടെ റിവ്യൂ ചെയ്യുമോ. Can we use it as a daily drive? Is that worth it for that money? എല്ലാം ഒന്ന് തീർപാകി തരണേ brother.... Eagerly to know all details about it from you..... WAITING!!!",Neutral
ബ്രോ ഞാൻ ഒരു കട്ട Sony ഭ്രാന്തനാ Xperia ഫോണിനെ പറ്റി ഒന്നും പറയാത്തതിൽ എനിക്ക് നല്ല വിഷമം ഉണ്ട്,Neutral
Bro oneplus 5 എങ്ങനെ ആണ് ചേട്ടൻ തരാന്ന് പറഞ്ഞു..,Neutral
ബ്രോ എനിക്ക് ഫ്ലിപ്കാർട്ട് ഓഫർ സെല്ലിൽ  നിന്നും 299 രൂപയുടെ Finger Slave വെറും 99 രൂപയ്ക്ക് കിട്ടി ❤️‍🔥❤️‍🔥,Neutral
രണ്ടും upgrade cheyyanda OLED ആണ്‌ രണ്ടിലും,Neutral
Hi sir ഞാൻ ഇപ്പോൾ 14ആണ് യൂസ് ചെയ്യുന്നത് നമുക്ക് സെൽഫി എടുക്കുന്നത് ആൻഡ്രോയ്ഡ് പോലെ ഫിൽറ്റർ ഇല്ലാത്തതു കൊണ്ടു അത്ര നന്നായി തോന്നുന്നില്ല അതിനു സെറ്റിങ്‌സ് വല്ലതും മാറ്റിയാൽ ok ആകുമോ?vlog ചെയ്യുന്ന സമയത്തും അതു ബുദ്ധിമുട്ട് തോന്നുന്നു ഒന്നു റിപ്ലേ തരുമോ pls കുറേ യൂട്യൂബിൽ നോക്കി ഒരു രക്ഷയില്ല,Neutral
14 നല്ല phone ano🥲,Neutral
ചേട്ടാ ഞാൻ 14 ആണ് എടുത്തത് ഇപ്പം വിചാരിക്കുന്നു 13 pro എടുത്താൽ മതിയെന്ന് ചേട്ടൻ ഒന്ന് ഇതിന്ന് റിപ്ലേ തരുമോ പ്ലീസ്സ് 🙏🏻🙏🏻🙏🏻,Neutral
"Apple 13 എങ്ങനെയാ ഓഫിറിൽ 50k കിട്ടുക, 64k വരുന്നുണ്ടല്ലോ flipkartil",Neutral
tiktok ഇന്ത്യയിൽ കിട്ടോ?,Neutral
സുഡാപ്പി എന്നാണ് iphone കണ്ടത്? 😊,Neutral
Chetta iphone 14 pro max ഇറങ്ങിയിട്ടുണ്ടോ,Neutral
@PrathapGTech എല്ലാ reviews um ഞാൻ കണ്ടു.. But? Confusion മാത്രം ബാക്കി. 2600 dirhams ന് 90% above battery health ulla 12pro kittiyaal അത് worth ആണോ.? Pls.. ഇത് മാത്രം just onn പറഞ്ഞ മതി.. എന്താണ് prathap g ന്റെ opinion ☺️☺️,Neutral
ചേട്ടാ എന്റെ മൊബൈൽ ചാർജർന്റെ pin (mobile ലിൽ connect ചെയ്യുന്ന ഭാഗത്തെ ) heat ആവുകയാണ്. Fast charging എന്ന് കാട്ടുന്നുണ്ടെകിലും charge കയറുന്നില്ല. ഇതിനെന്തെകിലും പരിഹാരം ഉണ്ടൊ 😢,Neutral
Prathap g ഒരു doubt ചോദിച്ചോട്ടെ 2500ദിർഹംസ് ന് iphone 13 second hand kittiyaal അത് എടുത്തോട്ടെ.. അത് ലാഭം ആണോ. Plz reply me 😔🙏.12pro 256gb 2600dirhams ന് കിട്ടും ഇതിൽ ഏതാണ് better.? Plzz reply me.,Neutral
Flipkart scam നെ കുറിച്ച് ഒന്നും അറിഞ്ഞില്ലേ Prathap ചേട്ടാ  filpkart കുറേ പേരെ പറ്റിച്ചത് കുറെ പേരുടെ പണം പോയി കിടക്കുകയാണ് നിങ്ങൾക്കൊന്നും പറയാനില്ലേ,Neutral
എന്റെ i phone 14 pro യിൽ ചാർജ് ഇപ്പോൾ 78% ആയി,Neutral
"താങ്കളുടെ ഐഫോൺ 14 il ഫേസ്ബുക്ക്, TikTok account il camera use ചെയ്യുമ്പോൾ വിറയൽ ഉണ്ടോ, third party software use cheybol",Neutral
Europe ഇൽ നിന്നും ഫോൺ വാങ്ങിയാൽ നാട്ടിൽ വാറണ്ടിയോ ഇൻഷുറൻസോ കിട്ടുമോ,Neutral
"@NS  എന്റെ അഭിപ്രായത്തിൽ ഇപ്പോൾ 12ന് മുകളിൽ ഉള്ള മോഡൽ ഉപയോഗിക്കുന്നവർ ഫോൺ മാറ്റേണ്ട ഒരു കാര്യവും ഇല്ല ഇപ്പോളുള്ള മാറ്റങ്ങൾ വെറും വിപണനതന്ത്രം മാത്രം ആണ് 😊..12,13,14 ഇവ മൂന്നും സാധാരണ ഒരു ഉപഭോക്താവിന് വലിയ ഒരു മാറ്റം ആയി തോന്നുകയില്ല ഇനി 15/16 ഇറങ്ങുമ്പോൾ ഇപ്പോളുള്ള ബോക്സ് രൂപം മാറി പഴയ 7/8/11 രീതിയിൽ ബോഡി മാറ്റും അത് വീണ്ടും 4-5വർഷം ഓടിച്ചിട്ട് പിന്നെ ഇപ്പോളുള്ള അതെ രീതിയിലേക്ക് വീണ്ടും വരും ഇങ്ങനെ ആവാനാണ് സാധ്യത കൂടുതൽ  പിന്നെയും പിന്നെയും റിപീറ്റ്",Neutral
14proയുടെ detail video eppazha varuka,Neutral
S21FE എടുത്താൽ കുഴപ്പമുണ്ടോ .Please reply.ചില റിവ്യൂ പറയുന്നത് ബാറ്ററി life kuravanu ennu parayunnu.A73 ആണോ അതിലും നല്ലത് .Please reply,Neutral
Boat eardops 161 ആണൊ 191g ആണൊ നല്ലത്,Neutral
Physically എപ്പോൾ മാറ്റം വരും ഇപ്പോളുള്ള മോഡലുമായി അപ്പോൾ എടുക്കും അടുത്ത ഐഫോൺ 😊,Neutral
മെസ്സേജ് കാൾ മാത്രം നോക്കാൻ ആണേൽ ഇതിലും ബെറ്റർ മൈക്രോമാക്സ് ന്റെ ഫോൺ ആണ്.. പിന്നെ അല്ലേൽ infinix ഇവ രണ്ടും അത്യാവശ്യം നല്ല ഫോണും ആണ് എല്ലാ സംഭവങ്ങളും ചെയ്യാം... എന്തിന് വെറുതെ ഇതു ചുമക്കുന്നെ...,Neutral
Bro ഞാൻ നോക്കിയപ്പോൾ mini 49000രൂപ ആണ് കാണിക്കുന്നത്,Neutral
ബ്രോ ഈ 13 മിനിക്കുട്ടിടെ ഒരു 6 month user review ഇടാമോ.?,Neutral
ലെ 5s ഇൽ pubg കളിച്ചുകൊണ്ടിരുന്ന ഞാൻ ഇദൊക്കെ nd,Neutral
Dei.. ഇങ്ങു വന്നേ .ആ MIUI13 updation ഉണ്ടെന്ന് കേട്ട്. അതിനെ പറ്റി ഒന്നും  പറഞ്ഞു കണ്ടില്ല. അല്ല ഞാൻ  നോക്കി കണ്ടില്ല. ഇനി താങ്കൾ ചെയ്തെങ്കിൽ srry. ഇല്ലെങ്കിൽ അതിനെ പറ്റി ഒരു video. പിന്നെ ഈ MI10T PRO 5G ആ ഫോണ് എങ്ങനെ ഉണ്ട്??,Neutral
എല്ലാം ok ആണ് .പക്ഷെ bro പറഞ്ഞ ഒരു കാര്യം എനിക്ക് accept ചെയ്യാൻ പറ്റുന്നില്ല .എന്റെ 12mini അരമണിക്കൂറിൽ 80% ആകുന്നുണ്ട് .അപ്പൊ 13 mini യും ആകുമെന്ന് ഞാൻ പ്രതീക്ഷിക്കുന്നു .bro ഒന്നുകൂടി ടെസ്റ്റ് ചെയ്യുന്നത് നല്ലതായിരിക്കും,Neutral
Shazzam:64 gb phone അരു വാങ്ങിക്കാനാ.Me:bro എനിക്ക് 16 gb phone ആണ് കൈയിൽ ഉള്ളത്.Shazzam:സമ്മതിച്ചെടാ നിന്നെ,Neutral
ആ 4th photoclip റിഫൈനറി അല്ലേ,Neutral
Bro🙂 vivo ഡേ ഒരു phone ഉണ്ട് Vivo Y91i...അതിൽ full ചാർജ് കേറാൻ എന്ന് വെച്ച 20% to 100% കേറാൻ 4 മണിക്കൂർ പിടിക്കും🙂അതിനിടക്ക് ഇതിന്റ 2 hour ഒക്കെ സ്വർഗം😍..രാത്രി 3 മണിക്ക് alarm വെച്ച് എഴുന്നേറ്റ് ആ phone കുത്തി ഇട്ട കാലം വരെ ഉണ്ടായിരുന്നു😪,Neutral
എന്റെ iphone 11 20w ചാർജർ വെച് less than  1hour ഇൽ full ചാർജ് ആവും ..13 mini ക് മാത്രം എന്താ ഇത്ര ജാഡ ?!!പിന്നെ size ..അത് കുറച് നാൾ ഉപയോഗിച്ചാൽ സെറ്റ് .. iphone7 വെച്ച് കൊറേ പടം കണ്ടതാ അതും s6 മാറ്റി iphone7 എടുത്തതാണ് .. size is all about getting used to ..!!,Neutral
13 mini യുടെ screen size kuravan enn drawback parayunnath enik manassilakunila,Neutral
Iphoneന്റെ  Camera quality ഉള്ള Android phone ഉണ്ടോ?? Under reasonable price??,Neutral
Bro 13mini vs Mi 11 ultra camera comparison ചെയ്യുവോ,Neutral
മൊതലാകുന്ന lite ഫോൺ ഏതാണ് ?,Neutral
എന്റെ കൈക്ക് വലിപ്പം ഇല്ലാത്തതുകൊണ്ട് വല്യ phn കൊണ്ടുനടക്കാൻ പാടാണ്😐😐 Android എന്നാണോ ഇതുപോലെ mini ഇറക്കുന്നത് 😬🙈,Neutral
<b>bro...size</b> നെ കുറ്റം പറഞ്ഞിട്ട് കാര്യമില്ല...ചെറിയ <b>phone</b> ഇഷ്ടപെടുന്ന എന്നെ പോലെ ഉള്ളവർക്കൊക്കെ വേണ്ടി ഇറക്കിയതാണ് <b>MiNi</b> എന്ന <b>Model</b> തന്നെ അപ്പോൾ ചെറുത് വേണ്ടവർക്ക് <b>MiNi</b> എടുക്കാം വലുത് വേണ്ടവർക്ക് <b>PrO varient</b> എടുക്കാം...അത്രയല്ലേ ഉള്ളൂ...!🤗,Neutral
iPhone Mini എടുക്കാം എന്ന് ഓർത്തിട്ട് One Plus 9 മേടിച്ചിട്ട് ഈ  Video കാണുന്നവർ ഉണ്ടോ..🤪???,Neutral
പാവങ്ങളുടെ ipad 9th gen,Neutral
T shirt ഒന്ന് productil tag ചെയ്താൽ ആർക്കേലും ഉപകാരപ്പെട്ടേനെ 🙈🙈🙈,Neutral
Cash ollork verea palathum 😂opt ചെയാം 😂,Neutral
ഒരു നല്ല  gaming phone or tabe paryammo😓,Neutral
ഇത് nothing ഇതിൽ ലൈറ്റ് കത്തും 🤣🤣🤣🤣,Neutral
ശെടാ എത്ര കണ്ടിട്ടും ആ ipad il ശ്രെദ്ധിക്കാൻ പറ്റുന്നില്ലല്ലോ 🤣🤣👍🏻,Neutral
iPad mini 5 എങ്ങനെയ  നല്ലതാണോ ?,Neutral
"Bro Njan ഒരു Android user ആണ് .എനിക്ക് PUBG കളിക്കാനും editing അങ്ങനെ എല്ലാത്തിനും ഒരു ഒരു നല്ല iPad പറയാമോ ?  ഒരു 30,000 ന് താഴെ .",Neutral
"Brother എന്റെ redmi note 9 ഫോൺ.ഓട്ടോമാറ്റിക് ആയി reeboot ആകുന്നു.ഫോണിലെ volume ഒരു 80% ക്കാൾ  കൂട്ടുമ്പോൾ ആണ് reeboot ആകുന്നത് .എന്തെങ്കിലും solution ഉണ്ടോ .ഞാൻ ഫോൺ 2,3 വട്ടം factory reset ചെയ്തു നോക്കി എന്നിട്ടും ok ആയില്ല.ഒരു solution പറഞ്ഞുതരാമോ pls",Neutral
9th gen 4G അല്ലെ ? 10th gen 5G അല്ലെ?,Neutral
Hey bro ഒരു ഫോൺ മേടിക്കാൻ പ്ലാൻ ഉണ്ട് കോംപാക്ട് ആണ് നോക്കുന്നത്. ഐഫോൺ 13 അല്ലെങ്കിൽ സാംസങ് S22 ആണ് choices... ഏതാണ് ബെറ്റർ. ക്യാമറ മൈൻ ആണ്... പ്ലീസ് reply...,Neutral
I pad 9 th generation ദുബൈന്ന് വാങ്ങിയാൽ 22000 രൂപ ഇന്ത്യൻ മണിക് കിട്ടും,Neutral
I pad 9th generation ൽ വീഡിയോ കാണുന്ന ഞാൻ😊,Neutral
Shazzam bro njan 9th gen വാങ്ങിയത് 28500 ആണ് അതിനു ശേഷം 1 week ആ പ്രൊഡക്ട് ഓൺലൈൻ ഷോപ്പിങ്ങിൽ ഇല്ലായിരുന്നു പിന്നെ വന്നപ്പോ വില 34900😏 നേരത്തെ പൈസ കുറച്ചു വാങ്ങിയ ഞാനാരാ 😄,Neutral
iPad ൽചാർജർ കൊടുക്കുന്നുണ്ടല്ലോ പ്രകൃതിസ്നേഹം അതിനകത്തില്ലേ,Neutral
ashaane......samsung s23 ultra flipkartil same varient thanne 2 price കാണുന്നുണ്ട്..എന്താ അതിൻ്റെ different..ethu verient anu എടുക്കേണ്ടത്,Neutral
S24 വരട്ടെ ഇത് പോലെ ഇരുന്ന് റിവ്യു കാണണം 😮😢,Neutral
S30 വരട്ടെ എന്നിട്ട് നോക്കാം,Neutral
I phone വിരോധി,Neutral
Bro ipo S23 എടുക്കട്ടെ..72000 ok ആണോ,Neutral
Bro S23 എങ്ങനെ ഉണ്ട് ഞാൻ എൻ്റെ S20fe 5g യെ upgrade ചെയ്യാൻ നോക്കുന്നു I prefer S23 അതല്ലെങ്കിൽ a54 5g ആണ് നോക്കുന്നത് what is uer openion,Neutral
Sony xperia 1V video ചെയ്യൂ,Neutral
"Hi bro,..S 23 plus 512gb ആണോ.S 23 ultra 512 gb ആണോ നല്ലത്....നിലവിൽ എന്റെ  കയ്യിൽ S 10 പ്ലസ് ആണുള്ളത്.. 4 വർഷം കഴിഞ്ഞു... മാറ്റാൻ ടൈം ആയി..",Neutral
S29 വരട്ടെ അപ്പോഴേക്കും ഞാൻ പണക്കാരൻ ആവും 😩,Neutral
Bro S23 ULTRA  75k കിട്ടിയാൽ സാധനം സെറ്റ് ആണോ?..14 pro max എടുക്കണോ s23 ultra എടുക്കണോ confusion aan 😅..S23 ultra എടുത്തതിനു ശേഷം 14 pro max എടുക്കണമായിരുന്നു എന്നുള്ള അവസ്ഥ വരോ?,Neutral
Samsung desk ne കുറിച്ച് കൂടുതൽ പറഞ്ഞു തരു,Neutral
കഴിഞ്ഞ ആഴ്ച സിംഗപ്പൂരിൽ നിന്ന് വാങ്ങി..S$1150..ഏകദേശം 70k inr,Neutral
Dubaiyil 84 k ullu 256 gb..അവിടുന്നു എടുത്താൽ warranty കിട്ടുമോ നാട്ടിൽ,Neutral
Bro under 15k oru നല്ല ടാബ് prefer ചെയ്യുമോ,Neutral
ഞാൻ  1 year ന്റെ മുകളിൽ ആയി യൂസ് ചെയ്തു കൊണ്ടിരിക്കുന്നത് സാംസങ് S20+ ആണ്... But ഇപ്പോൾ 2 mnths കൊണ്ട് ഫോണിൽ തനിയെ ഒരു 20 lines വന്നു കഴിഞ്ഞു... കയ്യിൽ നിന്ന് വീണൊന്നും പോയിട്ടില്ല... But എന്ത് കൊണ്ട് അങ്ങനെ വന്നു എന്ന് എനിക്ക് ഇപ്പോഴും മനസിലാവുന്നില്ല... New ഫോൺ വാങ്ങാൻ ഏകദേശം time ആയിട്ടുണ്ട്... S23 അൾട്രാ എടുത്താൽ ഇതേപോലെ പണിയാകുമോ? Pls pls pls റിപ്ലൈ 🙏🙏,Neutral
Bro 2023ലെ ഏറ്റവും നല്ല i phone ഏതാ😁😁😁,Neutral
മൊബൈല് വാങ്ങുബൊ global version ആണോന്ന് നോക്കണൊ ഇല്ലെങ്കില്‍ പ്രശ്നമാണൊ,Neutral
Bro.. S22 ultra ഉപയോഗിക്കുന്നുണ്ട്... Upgrade ചെയ്യേണ്ട കാര്യം ഉണ്ടോ,Neutral
ഞാൻ ഒരു ഫോൺ വാങ്ങണം എന്ന് വിചാരിക്കുന്നു എനിക്ക് വീഡിയോ എടുക്കാൻ ആണ് ഐഫോൺ എടുക്കണോ s22 എടുക്കണോ എന്ന് വിചാരിച്ചു ഇരിക്കുക pls suggest dubai യിൽ എടുക്കുന്നത് reply പ്രതീക്ഷിക്കുന്നു,Neutral
ക്യാമറക്ക് പ്രാധാന്യം കൊടുക്കുന്ന ഒരാൾ iphone 14pro max എടുക്കണോ S23ultra എടുക്കണോ...,Neutral
"അല്ലെങ്കിലും Vivid effect ഉള്ളതുകൊണ്ടാണ് ഐഫോൺ പിടിച്ചു നിൽക്കുന്നത്, ഇന്നേ വരെ നോർമൽ ഫോട്ടോസ് ആരും പോസ്റ്റ് ചെയ്യുന്നത് കണ്ടിട്ടില്ല 😂 Samsung അതു ഒറ്റ ക്ലിക്കിൽ തന്നെ തരുന്നു എന്നൊള്ളു",Neutral
ഞാൻ നെക്സ്റ്റ് ഇയർ s24 എടുക്കും... Exynos നമ്മുടെ തലേൽ അടിച്ചില്ലേ 😄,Neutral
S23 ultra യിൽ സിനിമ റ്റിക് മോഡ് ഉണ്ടോ ❓️❓️❓️❓️❓️❓️❓️,Neutral
ഞാൻ ഇന്നലെ എടുത്തു.Exchange One plus 8 + Card offer + Emi 85k ക്ക് കിട്ടി 12/256,Neutral
ഇനി 6G..7G..... ഇനി വന്നാൽ.... ഇതിൽ  എന്തു ചെയ്യാൻ പറ്റും.. എന്ന് കൂടി.. പറയൂ...,Neutral
​@Hoja Raja 200mp ഒരു ഫോട്ടോയോ 🤔😊,Neutral
200 mp ക്യാമെറയിൽ 12 എംപി ആണ് ഇതുവരെ കിട്ടിയത് ലൈറ്റ് കൂടിയാൽ കൂടാൻ ചാൻസ് ഉണ്ട്,Neutral
ഫോട്ടോ എത്ര MP വരുന്നുണ്ട്,Neutral
ഫോട്ടോ എത്ര MP ഉണ്ട്,Neutral
Upgrade ന് അനുസരിച്ചു Storage double ആവുന്നുണ്ടല്ലോ 😂,Neutral
S22 ultra S23 ultra ഉപയോഗിക്കുന്നവര്‍ നല്ല ക്വാളിറ്റി photos കിട്ടണം എങ്കില്‍...ഫോട്ടോ എടുത്ത് filter ല്‍  പോയി ivory എന്ന filter ഇടുക...നിങ്ങള്‍ക്ക് എത്ര വൈറ്റ് ആണോ വേണ്ടത് അത് അഡ്ജസ്റ്റ് ചെയ്യുക...എന്നിട്ട് സേവ് ചെയ്ത് താഴെ കാണുന്ന 3 dots ല്‍ പോയി remaster ചെയ്യുക,Neutral
ഫോട്ടോഗ്രഫി യേ പറ്റി ഒരു മാങ്ങയും അറിയില്ല എന്ന് മനസ്സിലായി. എടോ ആ Shutter speed കൂട്ടി ഒപ്പം ISO യും adjust ചെയ്യണ്ട കാര്യമേ ഉള്ളു...വീഡിയോ യിൽ തന്നേ പറയുന്നുണ്ടല്ലോ അതിന് പ്രത്യേകം settings ഉണ്ടെന്ന് ( ആ setting on ആക്കുമ്പോൾ picture quality കുറയുന്നത് ISO increase ആവുന്നത് കൊണ്ടാണ് in low light)..ഈ ചെറിയ കാര്യത്തിന് പുതിയ OS ഉണ്ടാക്കണം എന്നൊക്കെ.. ചിരിപ്പില്ലല്ലെ,Neutral
കാൾ റെക്കോർഡിങ് വല്ല മാർഗ്ഗവുമുണ്ടോ. Pls reply.,Neutral
S23 ultra എടുത്തവർ ഇവിടെ കമോൺ 🎉,Neutral
s23 ultra camera കുറച്ചു സമയം ഓൺ അക്കിയാൽ front camera ഭാഗം display ഹീറ്റ് ആകുന്നു ഇത് complint ആണോ?,Neutral
A74 / 54 ഏതാണ്  നല്ലത്,Neutral
"Flipkart Big Bachat Dhamaal ആണോ, Flipkart Mobile Bonanza Sale ൽ ആണോ കൂടുതൽ exchange value കിട്ടുന്നത്.please reply today ... Please",Neutral
Plz..&quot;ഒരു രക്ഷയും ഇല്ല&quot; എന്ന് correect ആയിട്ട് ഒന്ന് പറയുമോ 😊next video യിൽ,Neutral
Bro Samsung s22 ultra and s23 ultra സ്ക്രീൻ പ്രൊട്ടക്ഷൻ ഒന്ന് റിവ്യൂ ചെയ്യാമോ please 🙏,Neutral
ഇത്രയ്ക് features ഉള്ളത് കൊണ്ടാണല്ലോ അതിനു ഇത്രയ്ക് വില 👀❤️,Neutral
Iphone 14pro യെക്കാളും അടിപൊളിയാണോ camara?,Neutral
ഞാൻ iphone 14pro മേടിക്കാൻ നോക്കുവായിരുന്നു അതാണോ s23 ultra യാണോ നല്ലത് plese reply,Neutral
S23kk ഏത് ചാർജ് ആണ് നല്ലത്...??.Ugreen നല്ലതാണോ,Neutral
Nothing phone long time review വേണം,Neutral
"Confused ആണ്.S23 ultra or 14 pro max...?.Current devices: S9+,Mac air M2",Neutral
ഞാൻ ഇന്നലെ കഴിഞ്ഞ വർഷം വാങ്ങിയ എൻ്റെ S22 Ultra കൊടുത്ത് S23 Ultra വാങ്ങി,Neutral
ചേട്ടാ ഞാൻ s23 ultra സാംസങ് സൈറ്റിൽ ഡിറക്ട് ബുക്ക്‌ ചെയ്തു ഫുൾ പൈമെന്റ് നടത്തി  ഇന്നലെ ഫോൺ കൈൽ കിട്ടി പക്ഷേ ചേട്ടൻ ഈ വീഡിയോ യിൽ പറയുന്നപോലെ ഫോണിന്റെ കളർ S പെണ്ണിന്റെ ക്ലിക് ഭാഗതു ആണ് എന്നല്ലേ 🤔എന്റെ ഫോണിന്റെ  S പെൻ ന്റെ ക്ലിക്ക് ഭാഗം ഭാഗം ബ്ലാക്ക് ആണ് പക്ഷേ എന്റെ ഫോൺ റെഡ് ആണ് ഞാൻ uk യിൽ നിന്ന് ആണ് എടുത്തിരിക്കുന്നത്   അതെന്താണ്  എന്റെ റെഡ് ഫോൺ ന്റെ ക്ലിക് ഭാഗം ബ്ലാക്ക് ആയിരിക്കുന്നത് 🤔  അപ്പോൾ എനിക്ക് കിട്ടിയ ഫോൺ ഒർജിനൽ അല്ലായിരിക്കുമോ ഉത്തരം പ്രദീക്ഷിക്കുന്നു,Neutral
ബ്രോ എന്റെ കൈയ്യിൽ poco ന്റെ 67 w ചാർജർ ഇതിന് ഉപയോഗിക്കാൻ പറ്റുമോ...??? അതോ 45ന്റെ സാംസങ് ചാർജർ വാങ്ങേണ്ടിവരുമോ,Neutral
ചേട്ടാ ഐഫോൺ 14 pro max നെ കുറിച്ചു ഒരു വീഡിയോ ഇട്,Neutral
One sim ano 2സിം ano,Neutral
സോണി  xperia  ഈ  ഡിസൈൻ  കൊണ്ട്  വന്നപ്പോൾ ആരും  മൈൻഡ്  ആക്കിയില്ല 😅,Neutral
Ultrayil tempered glass ഒട്ടിച്ചുകഴിഞ്ഞാൽ ഫിംഗർ പ്രിന്റ് work ആവില്ല എന്ന് ഒരു കടയിൽ നിന്ന് പറയുകയുണ്ടായി.. ഇത്‌ ഉള്ളതാണോ? അല്ലെങ്കിൽ work ആകുന്ന ടൈപ്പ് tempered ഗ്ലാസ്‌ ഏതാണ് വാങ്ങേണ്ടത്???,Neutral
s22 ultrayil video കാണുന്ന ഞാന്‍,Neutral
Video stabilization ഉള്ള ഏതെങ്കിലും mobile ഉണ്ടോ ഒന്നു പറഞ്ഞു തരാമോ,Neutral
Order ചെയ്തു,Neutral
Exynos സാംസങ് ന്റെ സ്വന്തം chipset ആണ്... സ്വന്തം chipset നന്നാവുമ്പോൾ എങ്ങനാണ് മറ്റ് ചിപ്സെറ്റുകൾ സ്വന്തം ഫോണിൽ ഉൾപ്പെടുത്തുക???,Neutral
Display quality പോലെ വിലയും ഡിസ്പ്ലേ ക്ക് ഉണ്ട് 😔,Neutral
എത്ര രൂപയാണ് phoneni,Neutral
"ഇതിൽ screen record, auto call record ഉണ്ടോ bro. ഇല്ലെങ്കിൽ ഇത് രണ്ടും ഉള്ള നല്ല phone ഏതാ",Neutral
"ഇത്തവണ സ്നാപ്പ്ഡ്രാഗൻ മോഷമായതുകൊണ്ടു തന്നതല്ല, മറിച്ചു എക്സിനോസ് പ്രൊഡക്ഷൻ വളരെ കുറവായതുകൊണ്ടാണ്..പിന്നെ ഇന്ത്യയിൽ മാത്രമല്ല, UAEലും ഇത്തവണ പതിവിൽ നിന്ന് മാറി സ്നാപ്പ്ഡ്രാഗൻ ആണ്.",Neutral
30000 നു താഴെ വരുന്ന ബെസ്റ്റ് samsung phone ഏതാ pls replay,Neutral
Price എത്രയാന്ന് ആരേലും ഒന്ന് പറഞ്ഞ് തരുമോ,Neutral
ഞാൻ 7 വർഷമായി Use ചെയ്യുന്നത് Android ആണ്‌.ഞാൻ 13 pro max എടുക്കാം എന്നു കരുതി. അപ്പോളാണ് s22 ultra റിവ്യൂ കണ്ടത്‌. അതാണ്‌ Preference ചോദിച്ചത്‌.,Neutral
Battery life 13 pro max aanu better. Video shoot ചെയ്യാനും 13 ആണ് എനിക്ക് നല്ലത് ആയി തോന്നിയത്. Display s22u adipoli aanu. Photos personal preference aanu. Zoom photos s22u aanu. ..Oru paridhi vare ithinte answer ios aano Android aano vendathu ennu ullathu aanu. Android aanu kooduthal ishtam enkil s22u ios aanenkil 13 pro max.,Neutral
ചാൻസ് കുറവ് ആണ്. അത് വളരെ ചെറിയ capacity യില് ചാർജ് ചെയ്യുന്ന ഒരു charger aanu.,Neutral
S22 Ultra Or 13 Pro Max ഏതാ നല്ലത്,Neutral
Redmi note 9 pro യാണ് ഉപയോഗിക്കുന്നത്.  ഇൻകമിങ് കാൾ  വരുമ്പോൾ ഫോൺ ഓഫ് ആയി റീസ്റ്റാര്ട് ആയി വരുന്നു. ഇത്‌ എന്ത് കൊണ്ടാണ്?,Neutral
ആപ്പ് ഉപയോഗിച്ച് ഫോട്ടോസ് വീഡിയോസ് റിക്കവറി ചെയ്താൽ ഫോണിന്റെ സ്വകാര്യത നഷ്ടപ്പെടുമോ??? ഏട്ടാ pls rply,Neutral
ഇതിന് വേണ്ടി പഠിച്ച് ജോലി vagandi വരുമോ🤔,Neutral
Mobile back side കാണുമ്പോൾ. Sony phone ഓർമ പെട്ടുത്തുന്നു,Neutral
"Prebooking ചെയ്തില്ല, launch ആവാൻ വെയ്റ്റിംഗ് ആണ്",Neutral
ജയരാജേട്ടാ എന്റെ കയ്യിൽ samsung not 20ultra യുടെ ഫോൺ ആണ് അതിന്റെ ഡിസ്‌പ്ലൈ പൊട്ടിപ്പോയി അത് എവിടെ കിട്ടുമെന്ന് അറിയുമോ,Neutral
Galaxy s 22 ultra vs iphone 13 pro max video വേണം,Neutral
Buds and watch4  രണ്ടും കിട്ടുമോ prebooking  ടൈമിൽ,Neutral
ഞാൻ  pre book cheythu .Best case suggest cheyamo,Neutral
എല്ലാം നല്ല ഇഷ്ടമായി but വില കേട്ടപ്പോൾ ടെൻഷൻ ആയത് ഞാൻ മാത്രമാണോ..? 🤣,Neutral
കയ്യിൽ കെട്ടിയ watch ഏതാ model,Neutral
ഇതിന്റെ price എത്രയാണ്,Neutral
worth ആണോ? എത്ര സിം ഉണ്ട്?,Neutral
"109999 ₹ ആണ് 12 gb ram,256 gb",Neutral
5G ഇല്ലേ,Neutral
Pre Book ങ്ങിൽ ഇത്രയും അതികം ആൾക്കാർ phone വാങ്ങുന്നു എന്ന് ഞാൻ ഇപ്പോൾ ആണ് അറിയുന്നത് 70000 ആൾക്കാർ😳,Neutral
Asus 8Z 5g Pre Book ങ്ങിൽ എത്ര ആൾക്കാർ ആണ് വാങ്ങിയത് ജയരാജ്‌ ചേട്ടാ🤔? Reply👍,Neutral
"ജയെട്ടാ ഇതിൽ knox wallet എന്നൊരു ഫീച്ചർ ഉണ്ടല്ലോ, അതേപ്പറ്റി ഒന്നും പറഞ്ഞില്ല",Neutral
Iqoo 9 Pro vs Samsung S22 Ultra video cheyyamo ചേട്ടാ,Neutral
iPhone എടുക്കുന്നത് ഷോ കാണിക്കാൻ അല്ലേ അണ്ണാ,Neutral
മറ്റുള്ളവരെ കാണിക്കാൻ... Simbol of status 😆😆😆,Neutral
എത്ര hour കിട്ടുന്നുണ്ട് bro,Neutral
അണ്ണാ ഗൾഫിലെ ചൂടിൽ use ചെയ്യാൻ പറ്റുന്ന ഫോൺ ഏതാ ഇപ്പൊ 50°ചൂട് ഉണ്ട്,Neutral
എത്ര hour battery നില്കും for a normal user,Neutral
Exinos നിർത്തിയ വിവരം അറിഞ്ഞില്ലേ..?,Neutral
SD ആണ്‌ exynoss അല്ല,Neutral
Ok  bro but vedio capabilitie മാത്രം നോക്കി എടുക്കുന്ന ഒരാൾ i phone 14 edukkano അതോ s23 എടുക്കണോ,Neutral
Video എടുക്കുമ്പോൾ heating issues ഉണ്ടോ..bro😀,Neutral
@Manu Payyada  ഞാൻ എടുത്തത് ഇന്റർനാഷണൽ യൂണിറ്റ് tdra ആണ് ബ്രോ ദുബായ് ൽ one year warranty ഉണ്ട്,Neutral
@Nithin Js bro.. ഇന്ത്യൻ യൂണിറ്റ് ആയി എന്തെങ്കിലും വ്യത്യാസം ഉണ്ടോ.... ദുബായിൽ നിന്ന് എടുക്കുമ്പോൾ നമ്മുടെ നാട്ടിൽ യൂസ് ചെയ്യാൻ കുഴപ്പമൊന്നുമില്ലല്ലോ അല്ലെ...warranty കിട്ടില്ല എന്നറിയാം...,Neutral
@Vishnu Dath ente brother inte കൈയിൽ  ulla iphone 12 ilum camera use cheythaal aa heat ഉണ്ട്‌.. So aaa heat valiya scene ilaa,Neutral
മച്ചാനെ എനിക്ക് സാംസങ് ഫോൺ എടുക്കണം എന്നുണ്ട് ഏതാ best,Neutral
"Adipoli....Bro huawei xmate 3 യുടെ review pls. ..Pls share any website link with discount offers...Or any foldable available in Kerala /India....like honor, vivo,  xiomi..etc..",Neutral
നിങ്ങളുടെ വാക്കിൽ വിശ്വസിച്ച് ഞാൻ നാളെ s23 എടുക്കുവാ....... എടുക്കാം അല്ലെ,Neutral
"Bro, ഞാൻ ദുബൈ ആണ് work ചെയ്യുന്നത്, ഇവിടെ s23+ &amp; s22 ultra same price ആണ്, only 3000 dirhams ഉള്ളൂ, ഇതിൽ ഈ പ്രൈസ് ന് ഏതു മോഡൽ ആണ് better, pls reply.",Neutral
"<a href=""https://www.youtube.com/watch?v=uv02Qk2R2Fc&amp;t=9m19s"">9:19</a> ബ്രോ ഇവിടെ സൗദിയിൽ 45 w fastcharging കിട്ടുന്നുണ്ടല്ലോ",Neutral
"Up tp 30,000 വരുന്ന നല്ല camera ഉള്ള ഒരു phone പറഞ്ഞു തരാവോ",Neutral
അണ്ണൻ അവിടെ കിടന്ന് charge ആകുവാണ്‌ 🤣😅😜,Neutral
ഞാന്‍ മേടിച്ചു s23,Neutral
Ashane 1 month wait ചെയ്ത nothing phone 2 എടുക്കാൻ ഇരുന്നാൽ പണി പളുവോ,Neutral
Bro pubg 4kയിൽ കളിക്കാൻ പറ്റുമോ,Neutral
Asus zenfone 10 review ഇടാമോ?,Neutral
ഹായ് ചേട്ടാ.. ഞാൻ ചേട്ടന്റെ വീഡിയോ കണ്ടാണ്   S23 വാങ്ങിയത്. But   ഇതിൽ എടുക്കുന്ന വീഡിയോകൾ യൂട്യൂബിൽ  upload  ചെയ്യുമ്പോൾ ബ്ലർ  effect ഉണ്ടാകുന്നു.. അപ്ലോഡ് ചെയ്തതിനു ക്ലാരിറ്റി കിട്ടാൻ എന്തു ചെയ്യേണം??,Neutral
ഇതിന് പറ്റിയ ചാർജർ eadha ബ്രോ??,Neutral
Phone കിട്ടിയാൽ ആദ്യം തന്നെ ഈ Haptic Feedback settings il off ചെയ്യുന്ന le ഞാൻ.,Neutral
No problem..25w കേറിക്കോളും,Neutral
S23 or s23+?? ഏതാണ്  ബെറ്റർ,Neutral
@PRITISH S റൂം tempratur important aanu,Neutral
Iphone 13 aano ഇതാണോ നല്ലത്? ആരേലും രണ്ടും use ചെയ്തിട്ടുണ്ടോ,Neutral
phone നെ പറ്റി എന്തെങ്കിലും?,Neutral
"Bro നിലവിൽ സാംസങ് A50 ആണ് USE ചെയ്യുന്നത്, ഒരു 4 മാസത്തിനുള്ളിൽ പുതിയ ഫോൺ മേടിക്കണം എന്നുണ്ട്. ക്യാമറ ആണ് PRIORITY.. SAMSUNG.. ഓപ്ഷൻസ് പറയാമോ",Neutral
IPS LCD desplyയിൽ വരുന്ന മികച്ച സെൽഫി ക്യാമറ qalityയുള്ള ഫോൺ ഏതാണ് ?അറിയാവുന്നവർ Please relpy,Neutral
@ANSHIF PT One UI ൽ ഉള്ള അത്ര features ഉണ്ടോ Pixel OS ൽ?,Neutral
camera എങ്ങനെയുണ്ട് ഇക്കാ?,Neutral
Battery backup എങ്ങനെയുണ്ട്???,Neutral
Bro gaming phones under 30000 പുതിയ വീഡിയോ ചെയ്യുമോ please❤,Neutral
S 23 or Iphone 14. ഏതാണ് നിങ്ങളുടെ അഭിപ്രായത്തിൽ better ഫോൺ??,Neutral
Bro...ഞാൻ S22 ultra യാണ് use ചെയ്യുന്നത്..same phone use ചെയ്യുന്നവർ call record inbult ആയി അവരുടെ ഒക്കെ S22 ultra യിൽ കാണുന്നു...but ഞാൻ use ചെയ്യുന്ന S22 ultraa യിൽ കാണുന്നില്ല...എന്തായിരിക്കും കാരണം...please replay me🙏🏼🙏🏼🙏🏼,Neutral
"നിതിൻ ചേട്ടാ , ആൻഡ്രോയ്ഡിന്റെ തുടക്കം മുതലേ ഉണ്ടായിരുന്നതും ഇപ്പോൾ ഉള്ള വേർഷൻസിനെപ്പറ്റിയും ഒരു വീഡിയോ ചെയ്യാവോ....??..Ice Cream Sandwich , Cupcake , Donut , Elcair , Froyo അങ്ങനെ ഉള്ളവരെ ഒക്കെ ഉൾപ്പെടുത്തി....😊😊...samayam🤗പോലെ ചെയ്‌താൽ മതിയേ...😊😊....",Neutral
ഇതാണ് എൻറെയും ഫോൺ ഒരാഴ്ചയായി മേടിച്ചിട്ട് ചെറുതായി ചൂടാവുന്നു ഉണ്ട് ഇത് അങ്ങനെ തന്നെയാണോ..?please reply,Neutral
I phone വേണ്ട ഇത് മതി,Neutral
Bro എത് ക്യാമറ use cheyyunath,Neutral
Fifa മൊബൈൽ game കളിക്കാൻ പറ്റിയ 10000രൂപയുടെ തായെ വരുന്ന മൊബൈൽ വീഡിയോ ഇടുമോ,Neutral
I like desine Bro ഈ ഫോൺ ഈ price recommend ചെയ്യാൻ പറ്റുവോ worth money ano🤔,Neutral
s23+ ചെയ്യൂ???,Neutral
Bose earbuds നേക്കാൾ better ആണോ?,Neutral
ചേട്ടാ ആൻഡ്രോയ്ഡ് ഫോണിൽ ഇതിന്റെ futures എല്ലാം വർക്ക്‌ ആകുമോ plz rply,Neutral
JBL TUNE 230NC ആയിട്ട് ഒന്ന് COMPARE ചെയൂന്ന ഒരു വീഡിയോ ഇടുമോ,Neutral
Airpod ഉപയോഗിക്കുമ്പോള്‍ തല വേദന എടുക്കുന്നു അതെന്താ?.Only Bluetooth headset,Neutral
Android ഇൽ ഇത് വർക് ആകുമോ.Bgmi കളികൻ പറ്റുമോ latency ഉണ്ടോ,Neutral
AirPods pro 2 vs sony wf-1000xm4 ചെയ്യാമോ?,Neutral
Airpod pro 2nd gen-ഇൽ കാണുന്ന ഞാൻ.,Neutral
"ഡിയർ ബ്രോ,.Samsung Galaxy Earbuds 2 Pro യുമായി വിശദമായി Compare ചെയ്യുന്ന ഒരു വീഡിയോ ഉടൻ പ്രതീക്ഷിക്കുന്നു.",Neutral
Lg യുടെ freetone T90 യുടെ റിവ്യൂ ഇടുമോ,Neutral
ചേട്ടാ എൻ്റേത് ഒരു boat airdrop 381 ആണ് ഏകദേശം 2 വർഷമായി ഞാൻ use ചെയ്യുന്നു. But ഇപ്പൊൾ right ear bud ൻ്റെ charge അര മണിക്കൂർ ൽ കൂടുതൽ നിൽക്കുന്നില്ല എന്തെങ്കിലും solution ഉണ്ടോ?,Neutral
Airpod ലേ micro ഫോണിൻ്റെ സൗണ്ട് മറ്റ് earphones വെച്ച് കേട്ടാൽ തിരിയൂല 😂,Neutral
Trasparency മോഡ് വെച്ചിട് മറന്നു തെരഞ്ഞു നടക്കൽ മെയിൻ പരിപാടി ആണ് 😂,Neutral
എന്റെ ഫോണ് iphon 8 ആണ് ലൊക്കേഷൻ ട്രാക്ക് ചെയ്യാൻ എന്തെങ്കിലും സെറ്റിംഗ്സ് ചെയ്യണമോ Airpods pro എനിക്ക് gift കിട്ടിയതാണ്,Neutral
Bro ഇത് നമ്മുടെ അടുത്ത് അല്ലാതെ വേറെ എവിടെയെങ്കിലും miss ആയാൽ കണ്ടുപിടിക്കാൻ പറ്റുമോ ഒരു 5km ദൂരത്താണെങ്കിൽ പറ്റുമോ,Neutral
ചേട്ടാ. എന്റെ കൈയിലും AirPods pro ആണ് ഉള്ളത്. പക്ഷെ ഞാൻ യൂസ് ചെയ്യുമ്പോൾ ചിലസമയം ഓട്ടോമാറ്റിക് ആയി റീ കാണാറ്റിങ് ആവുന്നു. അത് എന്താണ് പ്രശ്നം ? 🤔,Neutral
Gaming കാര്യം പറഞ്ഞില്ല 🙏🙏🙏,Neutral
Android anc എങ്ങനെ ഓൺ ആകും..,Neutral
Airpod pro 2 വിന് കട്ട വെയ്റ്റിംഗ്,Neutral
Pubg കളിക്കുമ്പോൾ ചില earbuds delay ഉണ്ടാകാറുണ്ട്. ഇതും അങ്ങനെയാണോ,Neutral
single charging ane പറഞ്ഞത് case 2/3 time okke full charge cheyyam,Neutral
ചേട്ടാ✨❤️ ... realme narzo30 charger .........vivo y12 charge ചെയ്യാൻ പറ്റുമോ.....? Please reply!!!!!,Neutral
Bro... Pro il bottom twist ചയ്യ്ത്. Volume controling ഇല്ലേ 🤔🤔🤔🤔,Neutral
"എന്റടുത്തുള്ളതിൽ call ചെയ്യുമ്പോ അപ്പുറത്തുള്ള ആൾക്ക് ഞാൻ പറയുന്നത് clear ആവുന്നില്ലന്ന് പറയുന്നു, അതെന്താ, settings ൽ എന്തേലും ചെയ്യാനുണ്ടോ??",Neutral
Android ൽ കണക്ട് ആവുമോ,Neutral
നമ്മളുടെ Device മറന്നു പോയാൽ അത് എങ്ങിനെ സെർച് ചെയ്യും....അത് എങ്ങിനെ ഒന്ന് പറഞ്ഞു തരുമോ,Neutral
Nothing ear 1 purchase ചെയ്യാൻ കിട്ടുമോ ഇപ്പോൾ 🤥,Neutral
Iphone x എടുക്കുന്നതിനെ പറ്റി എന്താണ് അഭിപ്രായം 64Gb 16000ന് .Worth ആണോ....???,Neutral
Inhaler പോലെയുണ്ട് ലിപ്സ്റ്റിക്കിനെക്കാളും,Neutral
Bro... bro use ചെയുന്നത് s22 ultra അല്ലെ.. ഞാനും s22 utra use ചെയ്യുന്നത്..ഇന്നലെ മേടിച്ചതാ,Neutral
ഇതിൽ LIGHT കത്തില്ലാ...,Neutral
ഇപ്പഴും വള്ളി headsets use chyyunn njyan😂,Neutral
Bro 3000 രൂപയുടെ smart watch പറയാമോ,Neutral
ഇന്ന് sale price 6399 ആയിരുന്നു.... എടുത്തില്ല,Neutral
"എൻ്റെയും ഒരു bud കാണുന്നില്ല, ഒരു bud മാത്രം വാങ്ങാൻ പറ്റുമോ, option ഉണ്ടോ 🤔😢",Neutral
ആപ്പിളിൻ്റെ ANC OnePlus nte ANC പോലെ തന്നെയാണ്... ആപ്പിളിനെ വല്യ പ്രത്യേകത ഒന്നും പറയാൻ ഇല്ല ..,Neutral
Oneplus buds pro 2 or JBL Live Pro 2 ഏതാണ് ബെസ്റ്റ്????,Neutral
ഇത് nothing... ഇതിൽ ലൈറ്റ് കത്തും 😁,Neutral
Sony link buds s ഒന്ന് റിവ്യൂ ചെയ്യുമോ,Neutral
അപ്പോ നിങ്ങൾ S 23 ultra review ചെയ്യൂല്ല എന്ന് തന്നെ ?.......,Neutral
"ജിയോ ഡെയ്‌വ് (JIO DIVE,VERTUAL REALITY)റിവ്യൂ ചെയ്യാവോ? ♥️",Neutral
"Boat Nirvana ion.Backup വളരെ നല്ലതാണ് but sound എങ്ങനെയുണ്ടെന്നു അറിയാനാ,.ഒന്ന് റിവ്യൂ ചെയ്യാമോ..",Neutral
Realme c55 phone കൊള്ളാമോ,Neutral
Ith flipkart ipoo kittumoo..... Kitaaan വേറെ വഴി ഉണ്ടോ,Neutral
In ear ആയതുകൊണ്ട് ചെവി വേദനയുണ്ടാവുന്നോ??,Neutral
i ജയരാജേട്ടാ ഞാൻ ഈ Product വാങ്ങിയിരുന്നു. പക്ഷെ എന്റെ 43 inch Mi tv യിൽ Connect ആകുന്നില്ല. ഞാൻ Tv use ന് വേണ്ടിയാണ് ഈ Product വാങ്ങിയത്. എന്തെങ്കിലും വഴിയുണ്ടോ?,Neutral
"25000 രൂപക്കുള്ളിൽ 8GB ram,128 memory ഉള്ള ഒരു നല്ല ബ്രാൻഡ് ഫോൺ നിർദേശികാമോ?",Neutral
ജയരാജ് ഏട്ടാ mi 11 ultra review ഉണ്ടോ,Neutral
ഇതിന്റെ mic എഫിഷ്യൻസി എങ്ങിനെയാണ്,Neutral
"Jayetta nord 2 nte review koode idumo , ഞാനൊക്കെ OnePlus ഫാൻ ആണ്",Neutral
"Jayetta കയ്യിൽ കിടക്കുന്ന വാച്ച് Cobalt edition aanennu മനസ്സിലായി .അതിൻ്റെ review ഒന്ന് വേഗം ഇടുമോ , അത് കണ്ടിട്ട് വേണം വാങ്ങാൻ",Neutral
Active noice cancellation എങ്ങനെയാണ് off cheyya എന്റെ honorinte ear buds ഉണ്ട് അതൊന്നു ഓഫ്‌ ചെയ്യാൻ ആയിരുന്നു,Neutral
കോൾ ക്വാളിറ്റി കൊള്ളാമോ buds Q ?,Neutral
Jayaraj chetta SAMSUNG A51 RATE ഒന്ന് പറഞ്ഞു തരാമോ PLEASE,Neutral
ഹലോ ഏട്ടാ പ്ലീസ് റിപ്ലൈ.🙏🙏🙏🙏🙏🙏🙏🙏🙏.Moto g60 pubg ക്ക് എങ്ങനെ യാ അടിപൊളി ആണോ 🙏🙏🙏🙏🙏,Neutral
Chetta mi 11ultra unboxing ഉടൻ ഉണ്ടാകുമോ?,Neutral
Sony ear buds ന്റെ feature അല്ലെ transparency mode എന്ന പേരിൽ ഇവിടെ use ചെയ്തത്.,Neutral
Nothing ന്റെ ഒരു ഫോൺ പ്രതീക്ഷിക്കാമോ?,Neutral
"ഞാനൊരെണ്ണം വാങ്ങുവാനായി ഉദ്ദേശിക്കുന്നുണ്ട് , .Realmi buds air 2 എങ്ങിനെയുണ്ട്,.3000 Price റേഞ്ചിൽ വേറെ ഏതൊക്കെയാണ് നല്ലത്?",Neutral
Call കാര്യം പറഞ്ഞില്ലല്ലോ അതോ പാട്ടുകേൾക്കാൻ മാത്രമേ കൊള്ളത്തുള്ളോ,Neutral
Nothing ഒരു ചരിത്രം സൃഷ്ടിക്കും.പിന്നെ ചേട്ടാ... Call ചെയ്യുമ്പോൾ വല്ല പ്രശ്നവും ഉണ്ടോ.,Neutral
Service center ഉണ്ടോ,Neutral
One plus ന് വെല്ലുവിളിയാവുമോ ഇത് 🤔,Neutral
ഇതിൻറെ അത്ര super ആയിരിക്കുമോ realme buds air 3 le noise cancellation ANC,Neutral
Bro boltt ന്റെ y1 ear buds കൊള്ളാമോ,Neutral
ഇത് വാങ്ങിക്കുന്നതു worth അന്നോ.. അതോ ഇതിലും നല്ല എയർപോട് ഉണ്ടോ,Neutral
Nothing ear 1 il ഏതെങ്കിലും ഒരു earbud നശിച്ചു poyaa മറ്റേതു മാത്രം aayi use cheyaan pattumo?,Neutral
Latency എത്ര ms ?.BGMI എങ്ങനുണ്ട്?,Neutral
Bro sony ന്റെ 1000 xmc റിവ്യൂ cheyamo,Neutral
"Bro, Bass എങ്ങനെ ? OnePlus Buds Pro vs Nothing ear (1)",Neutral
Latency കുറവുള്ള earbuds ന് suggestion. Pls,Neutral
"Negative ആണ് വേണ്ടത് Positive ആവശ്യത്തിന് Phone companies , And filmmakers പുറത്ത് വിടുന്നുണ്ട് . &quot; ഒരു നാണയത്തിന്റെ ഒരു വശം മാത്രമുണ്ടെങ്കിൽ അതിന് വില ഉണ്ടാകില്ല &quot;",Neutral
Shazzam bro latency koranja battery backup olla 5k il ഒതുങ്ങുന്ന വല്ല earphone ഇണ്ടാ? വേറെ അലങ്കാരം ഒന്നും vendaa🤗,Neutral
24 bit audio samsung എല്ലാം ഫോൺ ലും സപ്പോർട്ട് ചെയ്യുമോ,Neutral
Color etha നല്ലത്,Neutral
ഇപ്പോ (24/08/23 ) ഇതിന് UAE യിൽ വെറും 329 AED Noon ൽ (7400 Rs) Sharaf DG 314aed വേണ്ടവർ എടുത്തോ.,Neutral
എൻ്റെ buds 2 pro Samsung wearable 🚫🚫🚫🚫🚫🚫🚫🚫ഇൽ connect ചെയ്യാൻ നോക്കുമ്പോൾ കാണിക്കുന്നില്ല... അല്ലാണ്ട് bluetooth വഴി ആവും.... ഇതിൻ്റെ solution പറയാമോ 🚫🚫🚫🚫🚫🚫🚫🚫🚫,Neutral
ഒന്ന് use ചെയ്യാത്തത് ഉണ്ട് കൊടുക്കാൻ,Neutral
ANC എങ്ങനെ,Neutral
പാട്ട് കേൾക്കാൻ എനിക്ക് JBL TUNE ഉണ്ട്..എനിക് കോൾ ക്വാളിറ്റി ഉള്ള നല്ലൊരു ബഡ് വേണം.. any new one in market other than nothing ?,Neutral
Bro Galaxy buds live 4000 രൂപയ്ക്ക് എന്താ പാട് നല്ലതാണോ,Neutral
ബ്രോ ദുബായിൽ 420 dhs... ഒരെണ്ണം എടുക്കണം,Neutral
jbl buds നല്ലതാണോ,Neutral
Pixel buds കൂടി നോകായിരുന്ന് 😉.19k 😌🙌,Neutral
Buds pro 1 ൽ ഇത് കേൾക്കുന്ന ഞാൻ 😂😂,Neutral
Bro OEB e49d shark 3 Bluetooth h എങ്ങനെയുണ്ട് പൊളി ആണോ,Neutral
ആരെങ്കിലും honor 9x use ചെയ്യുന്നവർ ഉണ്ടോ 😁,Neutral
ബെഡിൽ call ചെയ്യാൻ tws വാങ്ങിയാൽ മതിയോ......,Neutral
1300 budgetil best Earbuds ഏതാണ് എന്ന് പറയാമോ,Neutral
നിലവിൽ കയ്യിൽ ഉള്ള adaptor 18v vooc ന്റെയാണ് അതിലൂടെ charge ചെയ്‌താൽ earbud any issue??,Neutral
boAt AIRDOPES 161.boAt AIRDOPES 115.boAt AIRDOPES 181. ഈ മൂന്നെണ്ണത്തിൽ നിന്നും ഏത് എയർപോർട്ട് ആണ് വാങ്ങേണ്ടത്.,Neutral
Bro ഇത് ബസിൽ ഓക്കേ പോകുമ്പോൾ use ചെയ്യ്താൽ ചാടി പോകുവോ,Neutral
Bro njn boat 181 വാങ്ങി പക്ഷെ അത് ഓൺ ചെയുമ്പോൾ രണ്ടും ഒരുമിച്ചേക്കണ്ണക്റ്റാവുമില്ല സപ്രേറ്റായാണ് വരുന്നത് help mee,Neutral
Nothing ear 1 Bluetooth earbuds കൊള്ളാമോ? എനിക്ക് വാങ്ങണം എന്ന് ഉണ്ട് കൊള്ളാമോ ?,Neutral
"Boat 161 n Helmet വെച്ചാൽ auto pouse aakunna problem undo, ariyumo?",Neutral
Bro 1500 under. അടിപൊളി bass. Call quality . for travaling bus ഉപയോഗിക്കാൻ പറ്റുന്ന tws ഏതാണ്,Neutral
Boat Airpodes 161 യില് ഒരു പെയർ ലെ ഒരു bud എത്ര hours വരെ ഉപയോഗിക്കാൻ പറ്റും,Neutral
Distance എത്ര കിട്ടും,Neutral
ബ്രോ 191G ഈ 3 ബഡ്സിനെകാളും better അല്ലേ?,Neutral
Sharath bro എനിക്ക് ഇപ്പൊ തന്നെ duopods 115 നു 1200 കാണിക്കുന്നു ബിഗ് ബില്യൺ ഡേയ്‌സ് സ്റ്റാർട്ട്‌ ആയിക്കില്ലലോ ഇനിയും പ്രൈസ് കുറയുമോ 🙄,Neutral
ഇതിന്റെയൊക്കെ rate 1599 ആണല്ലോ 🙄?,Neutral
Amazonill Renewed പ്രോഡക്ടുകളെ പറ്റി ഒരു video ചെയ്യാമോ.😇,Neutral
Bro bud ടൈപ്പ് അല്ലാതെ ഉള്ളത് പറയുമോ,Neutral
ബ്രോ best anc നെക്ക് ബാൻഡ് ഏതാണ്,Neutral
Oppo enco buds 2 റിവിയു ചെയ്യാമോ plzz,Neutral
"ഹായ് സർ, smule ഇൽ സോങ്‌സ് റെക്കോർഡിങ്ങിന് പറ്റിയ സൗണ്ട്സ് ക്വാളിറ്റി and mic ക്വാളിറ്റിയുള്ള air pod ഏതാണ്",Neutral
എത്ര മണിക്കൂർ box charg ചെയ്‌യേണ്ടി വരും?,Neutral
charge ആകുമ്പോൾ ഗ്രീൻ light ഉണ്ടാകുമോ,Neutral
ഞാൻ redmi earbuds ഉപയോഗിക്കുന്നുണ്ട് wifi കൂടി connect ചെയ്യുമ്പോൾ net തീരെ speed ഇല്ല ഇതിനു സൊല്യൂഷൻ വല്ലതും ഉണ്ടോ,Neutral
Redmi airdods s ഏങ്ങനെ ഉണ്ട് unbox ചെയ്യോ,Neutral
Call ചെയ്യാൻ പറ്റുമോ?,Neutral
ഹെഡ്സെറ്റ് ചാർജ് ചെയ്യാൻ ചുമ്മാ കേസിൽ വച്ചാൽ പോരെ.??..ഹെഡ്സെറ് ഉള്ളിൽ വയ്ക്കാതെ കേസ് ചാർജ് ചെയ്യാമോ??,Neutral
ഇതിൽ രണ്ട് ഹെഡ്സെറ്റും ഒരുമിച്ചു വർക് ചെയ്യുന്നില്ല അതിനു കാരണം എന്താണെന്ന് പറയാമോ plz,Neutral
No രണ്ടും ഒരുമിച്ച് connect ചെയ്യാം,Neutral
Redmi connect cheytal wifi net speed കുറയുന്നുണ്ട്.. എന്താ karanam,Neutral
Boult twin pods Bluetooth earfon review ചെയ്യുമോ.? ഇതിനെ പറ്റി മലയാളത്തിൽ ആരും ചെയ്തത് കണ്ടില്ല..,Neutral
"ഈ bluetooth earpods ഏത് mobile ആയിട്ടും pair ആകുമോ, അതോ redmi phones മാത്രമേ ഉള്ളോ ?",Neutral
Nokia Note 7PROയെക്കുറിച്ച്അറിയാൻ.താല്പര്യമുണ്ട്,Neutral
ഇന്ത്യയിൽ എന്നാ ലോഞ്ച് date.....,Neutral
"ഇപ്പൊ samsung galaxy A50 (17,500).വാങ്ങുന്നത് മണ്ടത്തരം ആകുവോ... !.Pls reply",Neutral
realme x പറ്റിയോരു വൈറലസ് ഹെഡ്സെറ്റ് പറഞ്ഞേരോ,Neutral
ഈ app ഇൽ voice aware എന്ന ഒരു option കണ്ടു അതെന്താണെന്നു പറയാമോ? Bro,Neutral
Bro. ഒരു laptop കോഡിങ്ങും എഡിറ്റിംഗിനുമൊക്കെയായി എടുക്കാൻ ആഗ്രഹിക്കുന്നു .. 60k ക്കുള്ളിൽ .. നല്ലൊരെണ്ണം suggest ചെയ്യുമോ ?? ...@CallMeShazzamVINES,Neutral
SAMSUNG ആണ് JBLൻ്റെ അച്ഛൻ 😁,Neutral
ചേട്ടാ Infinix GT 10pro phone ന്റ unboxing and review ചെയ്യാമോ,Neutral
Sony 1000xm4 നെ കാൾ better ആണോ?,Neutral
സാധനം sold out ആണ്😂😂,Neutral
മച്ചാനെ എപ്പോളെങ്കിലും 5000 താഴെയുള്ള നല്ല wired earphone പരിചയപെടുത്തണേ. എല്ലാരും TWS ഉം ബ്ലൂടുത് ഉം ആണ് കാണിച്ചുതരുന്നത് .,Neutral
ഏതാ sound quality best.Soundcore select pro or flip 6 rply,Neutral
Mobile phone വഴി online teaching and screen recording ഒക്കെ audio quality ൽ ചെയ്യാൻ പറ്റുന്ന headphone suggest ചെയ്യാമോ ( ₹1500 ഉള്ളിൽ വരുന്നത് ),Neutral
Bro Sennheiser ിനെ കുറിച്ച് ഒരു വീഡിയോ ഇടു.,Neutral
@ABHINAV C P എൻ്റമ്മോ! അത്രേം difference onnum varilla Mr. 😅😅,Neutral
30k ൽ നിൽക്കുന്ന നല്ല ക്യാമറ ഫോൺ suggest ചെയ്യുമോ,Neutral
"Guyz..Ee Headband hinge break aayal okke One assist claim kittumo?.Normally warranty period aanel Boat replace tharaar und..One assist extended warranty worth aano?. എൻ്റെ ലാസ്റ്റ് വാങ്ങിയ 2 Boat over ear um head band hinge break aayit aanu പൊട്ടിയത്, അതും 1 year kazhinj മാത്രമേ പൊട്ടത്തുള്ളു..similarly this one also pastic hinge അല്ലെ..",Neutral
Bro യത്ര ചെയ്യുമ്പോൾ അതല്ലെങ്കിൽ crowded area ൽ.Call ചെയ്യുമ്പോൾ sound quality എങ്ങനെ,Neutral
Bro one plus nord buds ആണോ അതോ jabra elite 2 buds ആണോ നല്ലത്?,Neutral
ബ്രോ ഇതാണോ അതോ realme buds Q2 ആണോ ബെറ്റർ sound quality over all.. ഇതിൽ ഏതാ നല്ലത്.. Pls reply Bro..,Neutral
5000 രൂപയിൽ താഴെയുള്ള നല്ല ഇയർ ബഡ്സ് ഏതാ bro,Neutral
ബ്രോ gravastar buds review ചെയ്യോ 😁,Neutral
Huawei y6p യെ കുറിച്ച് ഒരു shorts ചെയോ,Neutral
2000 താഴെയുള്ള best airpod ഏതാ bro,Neutral
"Earphone review യിൽ sound quality യെ പറ്റി എന്തെങ്കിലും പറഞ്ഞാൽ കുറച്ചൂടെ നന്നായേനെ ..Like sound signature, sound stage, tonality, bass കുത്തി നിറച്ചു ഇറക്കിയതാണോ അല്ലേൽ balanced ആണോ എന്നൊക്കെ",Neutral
Bro Skullcandy engana കൊള്ളാമോ,Neutral
Bro realmi യുടെ വീഡിയോ നാളെ ചെയ്യുമോ,Neutral
"ബ്രോ ഞാൻ realme 7 ആണ് use ചെയ്യുന്നത്, ഒരു അപ്ലിക്കേഷനും ഓപ്പൺ ചെയ്യാതെ തന്നെ വെറുതെ adds വരുന്നു. വരുന്ന adds മററ്റാരെങ്കിലും കണ്ടാൽ കഴിഞ്ഞു. അത് പോലത്തെ adds ആണ് വരുന്നത്. വേറെ realme use ചെയ്യുന്നോര്ക് ഈ അവസ്ഥ ഇണ്ടോ?settings il ഒക്കെ ഓഫ് ആക്കി ഇട്ടിട്ടാ ഇങ്ങനെ. നിർത്താൻ reset ചെയ്യൽ അല്ലാണ്ട് വേറെ വല്ല വഴി ഇണ്ടാ?full screen adds ആണ് വരുന്നത്",Neutral
@ഞാൻ മലയാളിbro…...Nothing buds 2 use cheythitt engna und?..Sale in 6k ku kitunnathaanengil worth aano edukunnath..Atho oppo enco air 3 pro ?,Neutral
@Muhammed Sinan t iphoneil app support kittilla ..പക്ഷേ ആൻഡ്രോയ്ഡ് ഫോണും കയ്യിൽ ഉണ്ടെങ്കിൽ അതിൽ കൂടി settings മാറ്റി യൂസ് ചെയ്യാം .,Neutral
Bro OPPO Enco Air 2 Pro ഇത് കൊള്ളാമോ,Neutral
"ചേട്ടാ, ഞാൻ samsung s 22 ultra എടുക്കാം എന്ന് വിചാരിക്കുക ആണ്. ഇപ്പോൾ എടുക്കുകയാണേൽ 22 ultra ആണോ 23 ultra ആണോ നല്ലത്",Neutral
899 രുവയുടെ Tws കേൽക്കുന്ന ഞാൻ😂😂,Neutral
Oneplus vs Samsung buds 2 pro ഏതാണ് better?,Neutral
One of the best ennu parayade കാരണം നി അത് മാത്രമേ ഉപയോഗിച്ചത് കൊണ്ടാണ്,Neutral
Lg tone fp5 review ചെയ്യാമോ?,Neutral
Motrola നല്ലതാണോ. എടുക്കണം എന്നുണ്ട്,Neutral
Bro... നല്ല processor.. നല്ല ക്യാമറ... നല്ല ഡിസ്പ്ലേ... നല്ല ബാറ്ററി and fast charging under 30000. മൊത്തത്തിൽ ഒരു all റൗണ്ടർ... ആയ നല്ല ഒരു ഫോൺ recommend ചെയ്യാമോ..??,Neutral
ആർക്കെങ്കിലും toch issue ഉണ്ടോ? എന്റെ ഫോണിൽ മുകൾ ഭാഗത്ത് (whatsapp ഒക്കെ ഉപയോഗിക്കുമ്പോൾ updates/call ബട്ടൺ ഒക്കെ വരുന്ന ഭാഗം) പലപ്പോഴും touch കിട്ടുന്നില്ല. ഫോൺ ഒന്ന് രണ്ട് തവണ അൺലോക്ക് ചെയ്താലേ ശരിയാകൂ...വേറെ ആർക്കെങ്കിലും ഇത് പോലെ എന്തെങ്കിലും ഇഷ്യൂ ഉണ്ടായിട്ടുണ്ടെങ്കിൽ പറയണേ??,Neutral
Infinix zero 30 review എടുക്കാൻ പറ്റുമോ...,Neutral
Edge 40 ആണോ Edge 40 Neo ആണോ നല്ലത്??,Neutral
"ഇതിൽ 4 വീഡിയോ ഒക്കെചെയ്യാൻ പറ്റുമോ 4k60ഫ്രെയിം , പിന്നെ എഡിറ്റിംഗ് ഒക്കെ നടക്കുമോ 4k",Neutral
ആർക്കെങ്കിലും touch issue ഉണ്ടോ?,Neutral
Bro moto 40 neo പറ്റി ഒരു വീഡിയോ ചെയ്യാമോ,Neutral
ലേഡീസിന് യൂസ് ചെയ്യാൻ പറ്റിയ നല്ലൊരു ഫോൺ UNDER 30K or 25K ഏതാ ????..Good looking and camera ഇത് രണ്ടുമാണ് preference പറയുന്നത്. waiting for your suggestion,Neutral
Bro എങ്ങെനെ ഉണ്ട് ഫോൺ,Neutral
pakshe lenovo ആണ് ഇപ്പോ ഉണ്ടാക്കുന്നത് എന്ന് ഓർക്കുമ്പോൾ ആണ്,Neutral
"എനിക്ക് ഒരു smart watch വാങ്ങണം ,4000/- താഴെ stainless-steel strap വേണം ഏതാണ് കൂടുതൽ നല്ലത്, boat,pebble,firebolt,noise,etc. Pls",Neutral
"Nathig phone 1, oppo reno 10 ഇതിൽ best phone?",Neutral
"iphone, samsung, pixel അല്ലാതെ 6.1 ഇഞ്ച് ഡിപ്ലേ ഉള്ള മറ്റേതെങ്കിലും ഫോൺ ഉണ്ടോ?",Neutral
My ഫസ്റ്റ് phone moto e3 power.എന്റെ ഇപ്പോളത്തെ ഫോൺ moto G60,Neutral
Offline store കിട്ടുന്നില്ല. കിട്ടുന്ന shop ആർക്കേലും അറിയുമെങ്കിൽ പറയു.,Neutral
Iqoo neo 7 pro ഒന്ന് review ചെയ്യാമോ..... Please,Neutral
​@RKscreen time എത്ര കിട്ടും?? For a normal use,Neutral
Brightness low idumbum വരുന്ന flickering ശെരിക്കും ഉള്ളത് ആണോ അതോ record ചെയുമ്പ visible ആകുന്നെ aano???,Neutral
അല്ല ഞമ്മളെ xperia മാർക്ക്‌ 5എവടെ രണ്ട് ക്യാമറ റിവ്യൂ ചെയ്യോ,Neutral
എന്നാ Iqoo Neo 7pro ഇറങ്ങിയിട്ടുണ്ട്...ഈ റിവ്യൂ മാറ്റി പറയാൻ ചാൻസ് ഉണ്ട്..ഈ ഫോണുമായി comparison ചെയ്യണം🙏🙏🙏,Neutral
Flickering വന്നാൽ എന്താ ചെയ്യേണ്ടത്......,Neutral
"My Moto edge 30 ultra, still running in Android 12... Last was iqoo 3... It had timely update, but after last update it became ശോകം... Hence exchanged for 12k ... And bought moto edge 30 ultra",Neutral
അണ്ണാ ആാാ സോണി ന്റെ rewie എന്നാ,Neutral
ചവറു പോലെ മൂട്ട ഒള്ള updation കിട്ടി ഫോൺ അടിച്ച് പോകുന്നതിനും എത്രയോ നല്ലതാ വല്ലപ്പോളും കിട്ടുന്ന മൂട്ട ഇല്ലാത്ത updation 😂😂,Neutral
Moto G60 നല്ലതാണോ bro,Neutral
"🎉moto edge 30 ആണോ moto g82 ആണോ നല്ലത്. ക്യാമറ, സൗണ്ട് എല്ലാം കൊണ്ട്?",Neutral
ഇത് എന്ന് വരും. കുറെ ആയി ഫ്ലിപ്കാർട്ട് il wait ചെയ്യുകയാണ്,Neutral
Bro..എന്താണ് ഇത്രയും വൈകിയത്.. ഞാൻ എടുത്തു. ആദ്യത്തെ sale തന്നെ എടുത്തു.,Neutral
അണ്ണാ ഗ്രീൻ ലൈൻ വന്ന after warranty 8k + പൊട്ടികണം.,Neutral
Nothing phone 2 എപ്പോഴാ... അണ്ണാ,Neutral
NORD CE3 ഇതിന് കോമ്പറ്റിഷൻ വരുന്ന ഒരു ഫോൺ ആണ്. അപ്പോൾ അതിന്റെ COMPARISON വേണം.,Neutral
Battery കുറവ് ആണോ,Neutral
Best all rounder aakumo .Full review video പോരട്ടെ ❤🙌,Neutral
പണ്ടൊക്കെ 30000 നു flagship കിട്ടുമായിരുന്നു. ഇപ്പൊൾ ഇതൊക്കെ😂,Neutral
Display LG ആണോ Samsung ആണോ ?,Neutral
ഇതിൽ otg saport ചെയ്യുമോ,Neutral
ഇതിന്റെ pro വേർഷൻ ഉടനുണ്ടോ?,Neutral
"Edge 40, 40 neo ഏതാണ് better",Neutral
"@PrathapGTech അതല്ല ഉദ്ദേശിച്ചത് 🙏🏻 ഓരോ ഫോണിന്റെയും camera clarity അതേ ഫോണിൽ നോക്കിയാൽ കിടു ആയി കാണും. എന്നാൽ അതേ photo കമ്പ്യൂട്ടറിലൊ, ലാപിലോ അതുമല്ലെങ്കിൽ മറ്റേതെങ്കിലും ഫോണിലോ കാണുകയാണെങ്കിലാണ് യഥാർത്ഥ clarity അറിയുക..",Neutral
"Camera കാര്യം പറയുമ്പോൾ same ഫോണിലെ സ്‌ക്രീനിൽ കാണാതെ മറ്റൊരു ഫോണിലോ, ലാപ്പിലോ copy ചെയ്ത് നോക്കി clarity പറയുന്നതാണ് ഗുണകരം എന്നാണ് എന്റെ അഭിപ്രായം 🙏🏻🙏🏻",Neutral
Edge 40 ആണോ edge 40 neo ആണോ നല്ലത്,Neutral
Moto സർവീസ് സർവീസ് സെന്റർ ഉണ്ടോ നമ്മുടെ നാട്ടിൽ,Neutral
"@Arun Raj ഏതു curved display phone വാങ്ങിയാലും, അതിനുള്ള UV tempered glass ഇട്ട ശേഷം അത് remove ചെയ്യാൻ അത്ര simple അല്ല.",Neutral
അപ്പൊ ഈ phone വാങ്ങിയാൽ tempered glass ഇടാൻ പറ്റില്ലേ?,Neutral
LAVA Agni 2 എവിടെ കിട്ടും?,Neutral
ബാറ്ററി എങ്ങനെ ഉണ്ട് kollallo,Neutral
Under 40000 best mobile പറയാമോ?,Neutral
Honor 90 Honor 90 pro ഒന്നു ചെയ്യമോ plz reapply,Neutral
@FASIL K - ബ്രോ ക്യാമറ സോഫ്റ്റ്‌വെയർ update ലൂടെ ready ആകുമോ?? അല്ലെങ്കിൽ light room പോലെ ഉള്ള app കൊണ്ട് ready ആകുമോ??,Neutral
എന്താണ് ബ്രോ തീരുമാനം.. ഞാനും 30K റേഞ്ച്ൽ ഒരു ഫോൺ നോക്കുന്നുണ്ട്,Neutral
Bro ഭയങ്കര confused ആണ്.. under 28K best gaming phone ഏതാണ്.. Iqoo neo 6 എടുക്കാന്ന് വച്ചപ്പോൾ ചിലർ പറഞ്ഞു Neo 7 ആണ് better എന്ന്. എന്നിട്ട് അത് എടുക്കാൻ നിക്കുമ്പോ ചിലർ പറയുന്നു Mediatek Day by day perfomance bad ആയിക്കൊണ്ടിരിക്കും Sd ആണ് better എന്ന്.. ippo full confusion ആണ്.. എനിക്ക് bgmi best ആയിട്ട് കളിക്കാൻ പറ്റുന്ന.. നല്ല fps stability ഉള്ള phone ഒന്ന് പറയുവോ..,Neutral
Camera apertur എത്രയാ,Neutral
"Prathapji ,6000 mah battery ഉള്ളതും (2day battery backup) , YouTube വീഡിയോകൾ ചെയ്യാൻ പറ്റിയതും ഫോട്ടോകൾ എടുക്കാൻ പറ്റിയതും (Better Camera ), സർവീസ് സെന്റർ ലഭൃമാവുന്നതും ,25000 ₹ താഴെയുള്ളതും ആയ ഒരു ഫോൺ സജസ്റ്റ് ചെയ്യാമോ 🤔",Neutral
Dual വീഡിയോ recording ഉണ്ടോ ഇതിൽ?,Neutral
20000₹ budget ൽ വാങ്ങാൻ പറ്റിയ നല്ലൊരു ഫോൺ suggest ചെയ്ത് തരാമോ😔😊???,Neutral
bro moto yude battery back up engage und?? എഡ്ജ് 30 ethra mah aanu,Neutral
Underwater protection ഉണ്ടെന്ന് കേട്ടൂ ശരിയാണോ?,Neutral
Moto g32 touch glass പൊട്ടി. കൊച്ചിയിൽ എവിടെയാണ് Moto Service ഉള്ളത്?,Neutral
call recording കിട്ടാൻ വല്ല മാർഗ്ഗവും ഉണ്ടോ ?,Neutral
8 bit display ആയത് കൊണ്ട് 10 bit ആയി compare ചെയ്യുമ്പോൾ ഒരുപാട് വ്യത്യാസം തോന്നുന്നുണ്ടോ ??,Neutral
ഇനിയിത് എന്നാ sale ഉണ്ടാകുക എന്നറിയാമോ ആർക്കെങ്കിലും??,Neutral
Call record ചെയ്യാൻ പറ്റുമോ എന്നുകൂടി പറയണേ,Neutral
Samsung F54 5G റിവ്യൂ cheyyamo bro,Neutral
ഇപ്പോൾ എങ്ങനെയുണ്ട്? പലരും hang ആവുന്നതും heating and automatically restarting problems ഒക്കെ കമന്റ്‌ ചെയ്യുന്നല്ലോ. എനിക്ക് വാങ്ങാൻ ആരുന്നു.,Neutral
എങ്ങനെയുണ്ട്? എനിക്ക് വാങ്ങാൻ ആയിരുന്നു. പലരും hang ആവുന്നതും restarting problems ഉം ഒക്കെ ഇതിൽ comment ചെയ്തേക്കുന്നല്ലോ.,Neutral
Sir.Samsumg A31 phonil.Engane recorded calls എടുക്കാം,Neutral
Screen recording ഉണ്ടല്ലോ ചേട്ടാ.....,Neutral
ഇതിന്റെ ഓട്ടോമാറ്റിക് കാൾ റെക്കോർഡിങ് ശരിക്കും വർക്ക് ചെയ്യുന്നില്ല .ചിലപ്പോൾ ഒക്കെ റെക്കോർഡ് ആകും.എന്തെങ്കിലും പ്രതിവിധി. ഉണ്ടോ ?,Neutral
ഇതിന്റെ processor ഏതാ,Neutral
Samsung ന് battery life കുറവാണ് എന്ന് പറയുന്നത് ശരിയാണോ,Neutral
M31 water proof ആണോ,Neutral
Samsung Galaxy M31 watar froof ആണോ 🤔🤔🤔,Neutral
ഒരു 5 വർഷം use ചെയ്യാൻ പറ്റുമോ??,Neutral
M31 8gb 128 ഉപയോഗിക്കുന്നു. ഫോൺ പെട്ടെന്ന് ചൂടാവുന്നു. ഫോണിന് back കവർ ഉപയോഗിക്കുന്നുണ്ട്. അത് കൊണ്ടാകുമോ?,Neutral
Samsung m31 ആണോ redmi note 9 pro max aano നല്ലത്,Neutral
3 മണിക്കൂർ ടൈം എടുക്കുന്നു ഫുൾ ചാർജ് ആവാൻ any solution dear?,Neutral
Oppo a 31video ചെയ്യാമോ pubg test piz,Neutral
ഒരേ സമയം 2 സ്ലോട്ടും 4g വോൾട്ട് ആകുമോ,Neutral
"ബാറ്ററി ബാക്ക്-അപ്പ്‌ എങ്ങനുണ്ട്???? .ഞാൻ യൂസ് ചെയുന്നുണ്ട്, പക്ഷെ 6000 mah ന്റെ ഗുണം കിട്ടുന്നുണ്ടോ എന്ന് സംശയം ആണ്.",Neutral
A71ഇൽ samsung pay available ano,Neutral
Battery backup heating issue hang issu അങ്ങനെ eandenkill issues undo❓,Neutral
Infinix gt 10 pro ആണോ i phone xs ന്റെ ആണോ ക്യാമറ പെർഫോമൻസ് നല്ലത് ക്യാമറ ക്ലിയർ ഉള്ളെ ഫോൺ ഇതിൽ ഏതാണ്,Neutral
ഈ ഫോണിന് ബിഗ് ബില്യൺ ഡേയ്‌സിൽ ഓഫർ ഉണ്ടാവുമോ അല്ലെങ്കിൽ ഇപ്പൊ 20k കൊടുത്തു വാങ്ങുന്നത് ആണോ നല്ലത്,Neutral
Infinix ന് എറണാകുളത്തു സർവീസ് centre ഉണ്ടോ,Neutral
Bro... ഇത് launch ആയോ?,Neutral
ഞാൻ ഈ phone എടുക്കാൻ ആഗ്രഹിക്കുന്നുണ്ട്... നല്ല phone ആണോ ഇത്...?,Neutral
Gt 10 pro sale എന്നാ തുടങ്ങുക?,Neutral
Bro ഇതിൽ ൻ എങ്ങാനും ഇനി green line ഡിസ്പ്ലേ വരോ .. ഒന്നു തന്നെ പെട്ടു കിടക്കാ one plus 7 line ഗ്രീൻ ping 😇😇😇😇,Neutral
Bro ഞാൻ ഈ ഫോൺ ഓൺലൈൻ ആയി വേടിച്ചാൽ( flipkart) ഈ items എല്ലാം കിട്ടുമോ...? 😁,Neutral
Gaming ഫോൺ നമുക്ക് സാധാരണ use ചെയ്യാൻ കുഴപ്പം ഉണ്ടോ?,Neutral
ഇതൊക്കെ last ചെയ്യുമോ 😊,Neutral
Infinix note 30 vs infinix gt 10 pro.Videos ഇടുമോ😂😂,Neutral
Updation എത്ര വർഷം ആണ്,Neutral
Infinix നു കേരളത്തിൽ service center ഉണ്ടോ❓️,Neutral
Snapdragon 778 ആണോ snapdragon 4gen2 ആണോ നല്ലത്,Neutral
Iqoo neo 7 pro compare video ഇടുവോ,Neutral
"ഇതിന്റെ detail review ഇട്ടാൽ നന്നായിരിക്കും,especially gaming heating issue ഉണ്ടോ എന്ന് 🙄",Neutral
Bypass ചാർജിങ് ഗെയിം കളിക്കുമ്പോൾ മാത്രമാണോ അങ്ങനെ ചാർജ് ആകുന്നതു ഒന്ന് വിശദം അക്കമോ,Neutral
ഈ ബ്രാൻഡ് 3 വർഷം ഉപയോഗിക്കാൻ പറ്റുമോ? ബാറ്ററി ലിഥിയം അയേൺ ആണോ ലിഥിയം പോളിമാർ ആണോ? Pls reply,Neutral
എന്തോന്ന് ഞെട്ടാൻ ഇതേ ഫോൺ തന്നെ അല്ലെ വേറെ പേരിൽ tecno ആമസോണിൽ വിൽക്കുന്നത്,Neutral
Software update എത്ര കിട്ടും,Neutral
OS UPDATE കിട്ടുമോ??,Neutral
Iphone 7പ്ലസിന്റെ 2022 rivew vidoo,Neutral
ബ്രോ ക്യാമറ എങ്ങനെ ഉണ്ട് ??????.7പ്ലസ് ആണോ 8പ്ലസ് ആണോ better ക്യാമറയിൽ?,Neutral
Asvino signi....... Camera എങനെയുണ്ട്... Flipkart ൽ refurbished ഫോൺ ആണോ undava,Neutral
നല്ലതാണോ 7plus,Neutral
2021 ൽ സെക്കന്റ്‌ 6s എടുക്കുന്നത് നല്ലതണോ 😊വേർഷൻ അപ്ഡേറ്റ് പ്രശ്നം ആണോ 😀,Neutral
എന്റെ ഫോണിൽ വാട്സപ്പ് വോയിസ് messg കേക്കാൻ പറ്റുന്നില്ല അത് പ്ലൈ ചെയ്താൽ വെളിച്ചം പോകുന്നു എന്താ ചെയേണ്ടത് ഒന്ന് പറഞ്ഞു തരാമോ,Neutral
7plus ആണോ 8plus ആണോ നല്ലത്?,Neutral
I phone 7 plus (പുതിയത്)ന് കേരളത്തിൽ ഏകദേശം എത്ര രൂപ വരും.!??,Neutral
2021ആയി 7+ വീഡിയോ ഒന്നു കൂടി ചെയ്യുമോ....... ..Plzzzz replay,Neutral
"Photo, video, editing, Instagram dependent ചെയ്യുന്നവർ ഈ ഫോൺ എടുക്കുന്നതിനെ പറ്റി എന്താണ് നിങ്ങളുടെ അഭിപ്രായം.!??",Neutral
ക്യാമറ എങ്ങനെയാ and ചാർജിങ്ങും????,Neutral
I phone 7പ്ലസ് 128 ജിബിക്ക് ഇപ്പൊ എത്രെ റേറ്റ് ഉണ്ട് chunkz,Neutral
Batari change ചെയ്ത second എടുത്താൽ എങ്ങനെ ഉണ്ടാകും ബാറ്ററി bakup,Neutral
Shabeeb..താഴേ ഒരു speaker ഉള്ളു bro . പിന്നെ ഒന്ന് ear speaker ഇന്റെ അവിടെ തന്നെ .,Neutral
ചേട്ടാ 7 plus battery capacity nthra ആണ് ?,Neutral
ചാർജ് എങ്ങനെ ഉണ്ട് broii,Neutral
Home button and fingerprint വേണ്ടവർ 8 plus ഈ സമയത്തും എടുക്കാം,Neutral
7plus ൽ വീഡിയോ കാണുന്ന ഞാൻ..😅,Neutral
bro iphone 11 battery backup എങ്ങനെ ഉണ്ട്?,Neutral
6s ൽ day light വിഡിയോ and ഫോട്ടോസ് എങ്ങനുണ്ട് bro നല്ലതാണോ,Neutral
iPhone 7plus 32 gb യിൽ internal space കുറവായിരിക്കുമോ,Neutral
എന്റെ 7+ ന് ഇപ്പോൾ ബാറ്ററി ഹെൽത് 80%മാണ് ഇതിന്റെ og ബാറ്ററിക്ക് എത്രയുണ്ട് കേരളാ പ്രൈസ്,Neutral
ഐഫോണിൽ ചാർജ് കുറവായിരിക്കുമ്പോൾ power saving mode enable ചെയ്യുന്നത് നല്ലതാണല്ലോ. എന്നാൽ ചാർജ് ഉള്ളപ്പോൾ ഇത്തരത്തിൽ power saving mode enable ആയി കിടക്കുന്നത് ഫോണിന്റെ ബാറ്റെറിയെ നെഗറ്റീവ് സൈഡിൽ ബാധിക്കുമോ? പ്രതാപ് ഏട്ടൻ പ്ലീസ് റിപ്ലൈ,Neutral
iphone 11promax വീഡിയോ ചെയ്യുമോ,Neutral
Battery life presentege എങ്ങനെ നോക്കും,Neutral
ഈ 13 മിനിയുടെ ഒരു long term user review ഒന്ന് ഇടാമൊ.??,Neutral
Variation മുക്യം,Neutral
2whatsapp യൂസ് ചയ്യാമോ,Neutral
മുതലാകുന്ന comfortable phonne ഏതാണ് ?,Neutral
Night mode എങ്ങനെ ഉണ്ട്???,Neutral
Google pixel phone review ചെയ്യാമോ കൂടുതൽ വിവരങ്ങളും പറയണം,Neutral
ഐഫോണിൽ clone airpod ഉപയോഗിക്കുന്നത് ഫോണിന് വല്ല ദോഷവും ചെയ്യുമോ വേറെ ബ്രാൻഡും ഉപയോഗിക്കാമോ,Neutral
12 pro or 13 mini ഏതാണ് best,Neutral
പറ്റു മെകിൽ ആ pixel 6 പ്രൊ ഒന്ന് ചെയ്യുമോ,Neutral
Bro oru config file use ചെയ്ത് 90fps test cheyyo ??,Neutral
12 mini എത്ര rate?,Neutral
IPHONE വാങ്ങണം എന്നാ സ്വപ്നത്തോടെ Micromax In 2B യിൽ വീഡിയോ കാണുന്ന ഞാൻ,Neutral
എനിക്ക് ഒരു i phone തരുവോ 🙂...🙏,Neutral
"I phone 11. 12 . 13.ഇതിൽ ഏറ്റവും നല്ലത് ഏതാണ് എന്ന് prayamo.Battery capacity ,performance, ഇതൊക്കെ നോക്കി ഏതാണ് നല്ലത്",Neutral
Iphone 11pro max.Iphone 12pro max .Iphone 13pro max .ഇതിൽ ഏത് ഫോണിന് ആണ് ക്യാമറ ക്വാളിറ്റി നല്ലത് ഉള്ളത് plz റിപ്ലൈ,Neutral
ഇതിൽ stereo speakers ഉണ്ടോ ? വീഡിയോ ഓഡിയോ ഒന്നും വിവരിച്ചില്ല,Neutral
താങ്കൾ എത് ഫോൺ ആണ് Personal ആവശ്യത്തിന് ഉപയോഗിക്കുന്നത്,Neutral
"ഇത്രയും ഫോണുകൾ ഇവര് വാങ്ങി എന്ത് ചെയുകയ, എത്ര unboxing anu ivar ചെയുന്നത് 🤔🤔🤔",Neutral
Play storil ലഭ്യമല്ലാത്ത snaptube പോലുള്ള ആപ്പുകൾ ഗൂഗിളിൽ നിന്നും download cheyth യൂസ് ചെയ്യുന്നത് സേഫ് ആണോ?,Neutral
Iphone 13 pro maxitte oru camera separate video പ്രതീക്ഷിക്കുന്നു🙂🙂🙂🙂,Neutral
"<a href=""https://www.youtube.com/watch?v=G6A3qDKc9Jo&amp;t=10m27s"">10:27</a> എന്റെയും സുഹൃത്ത് പറഞ്ഞു അവർക്ക് ഐഫോൺ 11 ന്റ ക്യാമറ ഇഷ്ടമല്ലെന്ന് കാരണം അതിൽ എടുക്കുന്ന ഫോട്ടോ യാഥാർത്ഥ്യം കൂടുതലായതിനാൽ ബാക്കിയുള്ള ഫോണിന് അപേക്ഷിക്കുമ്പോൾ മുഖം വെളുപ്പിക്കൽ &amp; smooth കുറവാണ് . ഓരോരുത്തരുടെ ഓരോ ഇഷ്ടങ്ങളെ........😆😆😆",Neutral
എന്റെ ആഗ്രഹം ഒരു iPhone 13 pro max മേടിക്കാണം എന്നാണ്,Neutral
Iphoninte cameraye pati മാത്രം video cheyyanam,Neutral
എന്റെ ഫോൺ redmi 9 ഹാങ്ങ് ആകുന്നുണ്ട് എന്ത് ചെയ്യും. ? വാങ്ങിയിട്ട് 6 മാസമേ ആയിട്ടുള്ളൂ ......,Neutral
എനിക്ക് എറണാകുളത്ത് നിന്ന് not 9 pro ഇപ്പോള്‍ എവിടെ നിന്ന് കിട്ടും ?,Neutral
ഇതിന് ഓട്ടോമാറ്റിക് call recoder ഉണ്ടോ?,Neutral
ഈ ഫോൺ ഓവർ Heat വരുന്നുണ്ടോ,Neutral
Redmi note 8 pro യേക്കാളും ഇത് കൊള്ളാമോ ?,Neutral
SAR value എന്താണ്?,Neutral
LTE ആണല്ലേ അപ്പൊൾ ജിയോ സിം എടുക്കുമോ.ആപ്പ് ഇല്ലാതെ കോൾ മെസ്സേജ് പറ്റുമോ,Neutral
@Anfas Nayakkan bro 6gb ram illallo ee ഫോണിന്?,Neutral
ബ്രോ റെഡ്മി not 9s unboxing പറയാമോ,Neutral
ഫിംഗർ print ഉണ്ടോ redmi 9pro യിൽ,Neutral
Redmi not 9 pro 5g ആണോ...,Neutral
Update കഴിഞ്ഞപ്പോൾ Camera watermark AL QUAD Camera ennath Al DUAL എന്നായി. എന്തുകൊണ്ടായിരിക്കും അത്.?,Neutral
Free Fire കളിക്കാം പറ്റുമോ,Neutral
ഫോൺ update ചെയ്താൽ കളർ കുറയുമോ,Neutral
"9 proyil call recording ആകുന്നില്ല, settingsil എല്ലാം on ആണ്, but automatic recording kanunnilla, അത് എങ്ങനെ ആണ് എന്ന് പറഞ്ഞു തരുവോ?",Neutral
Pegasus ഉള്ള ഈ കാലത്ത്‌  എന്ത് privacy.....😂 😂,Negative
എല്ലാം അടച്ച് പൂട്ടി lock ഇട്ടിട്ട്......ഞങ്ങൾ ഭയങ്കര സെക്യൂരിറ്റി നൽകുന്നു എന്ന് പറയുന്നതിൽ എന്ത് അർത്ഥം......ആവിശ്യമായി വരുന്ന എല്ലാം ആപ്സും യൂസ് ചെയ്യാനുള്ള അനുമതി തരൂ എന്നിട്ട് security life തരൂ ഐഫോണേ .....😜,Negative
Shazam bro ‘Dont Disturb’ mode on ചെയ്താൽ notification വരത്തില്ല. So problem solved right?,Negative
വലിയ nouch anu preshnam,Negative
"@Aswin Raj6 pro  flagship ഫോൺ തന്നെയാണ് സുഹൃത്തേ, but ആ പ്രൈസ് ഇൽ . അതിനുള്ള കോസ്റ്റ് കട്ടിങ് അവർ ചെയ്തിട്ടുണ്ട്.Display, battery, life, built, performance, video recording, water resistance etc എല്ലാം മറ്റ് flagship kalumm പുറകിലാണ് പിക്സൽ..*6 pro Display peak and max brightnes is way below than iphone or samsung.* pixel 6 pro battery is the weakest compared to iphone or samsung.* 6 pro has the worst video recording in flagship segment.*Has the narrow  ultra wide in flagship segment 114% fov only, and no autofous....* built quality is even lower than iphone.* in water resistance its behind than iphone.* in charging speed its even slower than iphone or samsung.* performance of tensor is not even comparable to Apple chip, snapdrogon, or even exynos....* 6 pro still dosent have macro camera, no hdr videos, no portrait mode video, etc etc",Negative
@Ameen sha iPhone 13 512bg 520 omr ആവും. 1 lak പുറത്താകുന്നു 😕,Negative
ബോർഡ് ഇഷ്യൂ വളരെ കൂടുതലാണ് ബ്രോ samsung...,Negative
@Eldho നമ്മൾ ഈ Rom എന്തിനാ കേറ്റുന്നത് കൊറേ അതികം customisation കിട്ടാൻ വേണ്ടിയാണ് അത് നമുക്ക് ഇതിൽ നിന്ന് കിട്ടും. Apple Phone ന്റെ അവസ്ഥ എന്താ Always On display feature പോലും ഇല്ല 🤐,Negative
@Eldhoഞാൻ കണ്ടത് BGMI അല്ല Pubg കളിക്കു പോയാണ് Smooth Extreem ൽ .പിന്നെ പറഞ്ഞില്ലെ Android device കുറച്ചു കൊല്ലം കഴിമ്പോൾ lag അവുന്നു എന്നു  അത് Software ൽ വരുന്ന Bug ആണ് അത് fix ചെയ്യാനുള്ള ഒരു option ഉം Android ൽ ഉണ്ട് Custom Rom install ചെയ്യാൻ കഴിയും. എന്റ Redmi 5 Pro ആണ് അതിൽ ഞാൻ Pixel Rom ആണ് with Android 12 ( Supper smooth).ഇതൊന്നും Apple Phonil നടക്കില്ല 😆,Negative
I phone 11 okke Pubg ൽ frame drop ഒക്കെ വരുന്നുണ്ട്. പല Gaming yotubers സും ഇത് തന്നെ ആണ് പറയുന്നത്.,Negative
എല്ലാം കാണും ❤.പക്ഷെ .മേടിക്കുന്ന കാര്യം💤 ആലോചിക്കുമ്പോഴാണ് 😂.പൈസ.... 💸💸💸,Negative
5mp ഡാ ഫോട്ടോ 100mb🥲സബാഷ്,Negative
14 എടുക്കുന്നതിന് മുമ്പ് ഒന്ന് കാണാൻ വന്നതാ thank you macha 13 മതി,Negative
പെട്ട് പോയി ബാലകൃഷ്ണ. 13 pro ബാറ്ററി ഹെൽത്ത് ഉസൈൻ ബോൾട്ടിനും വേഗതയിൽ ആണ് ഓടുന്നത്,Negative
എന്ത് ബ്രാന്റ്റ് ആയാലും oru charger kodukkan pattilla 😂😂,Negative
I don&#39;t like പുഴു കടിച്ച apple😤,Negative
ചുരുക്കി പറഞ്ഞാൽ ഈ പൈസ ഉണ്ടെങ്കിൽ ഒരു ലക്ഷം രൂപ കൊടുത്തു നല്ല ഒരു DSLR ക്യാമറയും വാങ്ങി ബാക്കി പൈസക്ക് ഒരു ഫോണും വാങ്ങുന്നതാണ് നല്ലത് 🤣🤣,Negative
No bugs huh 😖.First camera issue fix akkan update കൊടുവന്നെ പിന്നെ full bugs annu.😖,Negative
ifoninte ട്രൗസറ് കീറി😄😄,Negative
shazzam bro ഞാൻ ഒരു മൊബൈൽ ഷോപ്പിലാണ് വർക്ക് ചെയ്യുന്നത് ഇന്നലെ ഒരുത്തൻ ഐഫോൺ xr കൊണ്ടുവന്നിരിക്കുന്നു ഫുൾ ബഗ്ഗ്‌ നോക്കുമ്പോ അപ്ഡേഷന് ചെയ്തതാണ് 16 ലേക്ക് ഫോൺ ഫുൾ സ്ലോ ആയിപ്പോയി 128ജിബി യുടെ ഫോൺ ആൺ ബ്രോ,Negative
Stereo speaker gt neo3 ayi compare cheythu നോക്കുമ്പോ അടുത്ത് വെക്കാൻ പോലും ഇല്ല,Negative
I phone ൽ ഇനി ചാർജർ ഉണ്ടാകും .പിഴ ഇടാക്കി േകാടതി👏👏,Negative
13 pro yum 14 pro ഒരു പോലെ ഉള്ളതിനാൽ 13 പ്രൊ നിർത്തി 14 പ്രൊ വിൽക്കുന്ന ആ മനസ്സ് ആരും കാണാതെ poovaruth,Negative
വീണ്ടും വലിച്ച് കീറി....🤣.ലേ  ആപ്പിൾ സർ :- മേലാൽ ഇവന് ഫോൺ വിറ്റ് പോകരുത് 😒🤣😁,Negative
i phone situation like: തുറത്തവൻ തുറുമ്പം തിട്ടം കൊണ്ട് ആറാട്ട് 😂,Negative
തീരെ sale ഇല്ലാത്ത ഫോൺ 😐,Negative
14 plus wait ചെയ്ത ഞാൻ ☹️,Negative
SNAPDRAGON ഇല്ലാത്ത ആൻഡ്രോയ്ഡ് ഫോൺ ഗൂഗ്ൾ ആയാലും ശോകം. 😊☺️😊☺️😊,Negative
​@𝐑𝐚𝐣𝐞𝐞𝐯 𝐫 𝐧𝐚𝐢𝐫 i phone x 1 lak nte aduth undayieunu vila ഇറങ്ങിയപ്പോൾ ...ഇപ്പൊൾ 20 രൂപക്ക് കിട്ടും😆😆😆,Negative
iphone പാഴ് ആണ്,Negative
"S22, ultra is king of the segment.മറ്റേത് ജയിലിൽ പെട്ട അവസ്ഥ ആണ് പിന്നെ പറ്റിഷോ കാണിക്കാം",Negative
അയ്യേ puntch hole ക്യാമറ അല്ലേ,Negative
"Aliya filpkart&#39;യിൽ iphone 6s price ₹34,900 ആണ് കൊടുത്തിരിക്കുന്നത് 😂 അത് ഒന്ന് air യിൽ കേറ്റാമോ കണ്ടിട്ട് സഹിക്കുന്നില്ല!!!",Negative
Ultimate പുച്ഛം 🤣🤣,Negative
അയ്യേ notchappan  ഫോൺ. I call  പലക ഫോൺ. ബെർതെ തന്നാലും മാണ്ട,Negative
ഇനി mini ille😢,Negative
4 ഇല്ലടെ 2 speaker അല്ലെ ഉള്ളു... എന്തോനടെ... കഷ്ട്ടം,Negative
Ethano bezel kuranja dispaly നിന്റ്റെ കണ്ണിൽ ഉണ്ടകണ്ണില്ലെ  എവിടെ നോക്കിയാ പറഞ്ഞെ😃😃😃,Negative
എന്തുവന്നാലും headphone Jack ഇല്ലല്ലോ 😂,Negative
ഇറങ്ങിയപ്പോ 30 k ക്കി വാങ്ങിയ ഞാൻ 😐😐,Negative
"digital art ചെയ്ത് പഠിക്കാൻ ആഗ്രഹിക്കുന്നവർ 10th gen എടുക്കുന്നതാണ് നല്ലത് ലാമിനേറ്റഡ്  ഡിസ്പ്ലേ ആണ്, 9th gen ഡിസ്പ്ലേ അങനെ അല്ല!",Negative
"iPad 10th Gen 40k starting 😳 .Samsung S8 tablet ഓക്കെ വലിയ വില ആണ്. അതിൽ തന്നെ എറ്റവും നല്ലതു Ultra model ആണ്. അതാണെങ്കിൽ 1 lakh price 😤 കുറഞ്ഞോ എന്നറിയില്ല, പുല്ല്. Samsung വല്ലാത്ത pricing ആണ്. പുറം നാടുകളിൽ ഒക്കെ iphone afford ചെയ്യാൻ പറ്റും. But Samsung പറ്റില്ല, അമ്മാതിരി വില ആണ് 100 ഡോളർ എങ്കിലും കൂടുതൽ ആണ്. ഇവന്മാർ ഇത് എന്ത് ഭാവിച്ചാണ് 🤔",Negative
2018 ipad pro 30000 നു സെക്കന്റ് ഹാൻഡ് എടുത്ത ഞാൻ. 😬😬,Negative
"സൈഡ് ബെസിൽസ് എന്തൊരു തിക്കാണ്, <a href=""http://www.youtube.com/results?search_query=%23ipadair2"">#ipadair2</a> ഇല്ലല്ലോ ഇത്രക്ക് :(",Negative
Laminated display അല്ല .. which is a big negative..Best value for money is iPad Air 3 for me!❤❤ .Using it for 2 years. Totally impressed!!,Negative
Iphone ipad nte charge .. പെട്ടന്ന് theerum !!,Negative
Bro even before watching your videos I didn&#39;t have much opinion about iPhone or their prdts except for their ipod. But after  watching your videos all I have for them is a load of പുച്ഛം,Negative
ലോകാത്ഭുതമായിരിക്കുന്നു... Chargero 😳😂,Negative
Phone eduthu ഫേയിസ് ലോക്ക് പ്രോബ്ലം ആണ് സർവീസ് സെൻഡറിൽ ആണ് eppa ഫോൺ 10 ഡേ അയോള് 😭,Negative
"എനിക്ക്‌ പലപ്പോഴും തോന്നിയിട്ടുള്ളതാ, എന്തിനാ ഈ മൂണിന്റെ ഫോട്ടോ? അതും ഒന്നര ലക്ഷം കൊടുത്തിട്ട്‌. 3$ കൊടുത്താൽ നല്ല hq pic shutterstock ൽ കിട്ടും😂 .And as u said, i dont think any phone in the world is worth for 1.5lkh if its ur hard earned money.",Negative
".Camera ഓൺ ചെയ്ത് 3,4 Photo എടുത്താൽ ചൂടാകുന്നുണ്ട് തീരെ ഹീറ്റ് ആകില്ലെന്ന് പറയുന്നത് ശരിയല്ല ഞാൻ servi center ഇൽ കാണിച്ചു അവർ പറയുന്നത്  problem ഒന്നും ഇല്ല എണാണ് ചില സമയങ്ങളിൽ നല്ലത് പോലെ ചൂടാകുന്നുണ്ട് വെറുതെ ചൂടാകിലെന്ന് തട്ടി വിടാതെ",Negative
Pubg 90 FPS ഇല്ല🙂🥲,Negative
"സഹോദരാ ഞാൻ SAMSUNG GALAXY യൂടെ വിലപിടിപ്പുള്ള പുതിയ 4 PHONE വാങ്ങി,4 ഉം പെട്ടെന്ന് COMPLAINTS ആയി ഒന്ന് പൂർണമായും പ്രവർത്തനരഹിതമായി.",Negative
@SHIYAD_TP  ഇത് us ചെയ്യാൻ കഴിയുന്നില്ല 13promax ബാറ്ററി അടിപൊളിയാണ് ക്യാമറയും .ഈ രണ്ടു സംഭവങ്ങളെ ഞാൻ ഇതിൽ കാണുന്നുള്ളൂ,Negative
@0_0 1lac + ഒരു ഫോണിന് എന്തൊക്കെ പറഞ്ഞാലും കൂടുതൽ തന്നെ. Inflation കണക്കിൽ എടുത്താൽ പോലും ഈ വില ഒന്നും justify ചെയ്യാൻ പറ്റില്ല. പിന്നെ military grade equipment ഒന്നും അല്ലല്ലോ ഇത്ര പൈസ കൊടുക്കാൻ.,Negative
EMI il എടുക്കാം അല്ലാണ്ട് ഒരു രക്ഷയം ഇല്ല 😊,Negative
Samsung S22 ultra വാങ്ങാൻ ഷോപ്പിൽ പോയി അവിടെ നിന്ന് മനസ്സ് മാറി  ipohone 12pro യും വാങ്ങി മടങ്ങിയ ഞാൻ ഇപ്പൊ ആരായി ....😂,Negative
ബ്രോ.. സംഭവം ഒക്കെ അടിപൊളി ആണ്.. ഇത് പണ്ടേ അറിയുന്നത് കൊണ്ടാണ് അന്നേ ഞാൻ note 20 ultra എടുത്തത്.. ഇപ്പൊ ദേ 2 വർഷം ആയപ്പോൾ നടുലൂടെ ഒരു പച്ച വര.. ഡിസ്പ്ലേ മാറ്റുന്നതിൽ ഒരു കുഴപ്പവും ഇല്ല. പക്ഷെ ഇനി സാംസങ് ഫ്ലാഗ്ഷിപ്സ് എടുക്കാൻ ഒരു പേടി.,Negative
@Anoop M customers are not fools 20k phone has charger 1lakh above phone has no charger  ഇതുപോലുള്ള കമ്പനികൾ എന്തൊക്കെ കാണിച്ചാലും നിന്നെപ്പോലുള്ള അടിമകൾ ഇങ്ങനെ പറയൂ pinna Premium ആ വാക്കിന്റെ അർത്ഥം ആദ്യം പോയി പഠിക്ക്  കഴിഞ്ഞവർഷത്തെ ഫോണ് കുറച്ചു മാറ്റങ്ങൾ വരുത്തി ഈ വർഷം ഇറക്കുന്നതാണ് അവന്റെയൊക്കെ പ്രീമിയം നാളെ ഈ കമ്പനികളൊക്കെ ഡിസ്പ്ലേ പ്രത്യേകം വിറ്റാൽ നീയൊക്കെ അതും വാങ്ങിക്കും നിന്നെപ്പോലുള്ള കിഴങ്ങന്മാർ ഉള്ളപ്പോൾ  ഈ കമ്പനികൾ ഇങ്ങനെ തന്നെ പോകും,Negative
@Savio Rajan nii nthokke vivarakked vilich paranjalum oru gamer polum ith accept cheyyilla 🤣 even nte 13 pro polum bgmi 90fps kittunnund avide aanu ninde ookkiya s23u 51 fps tharunnath 🤭.Otta question s23u pubg 90fps constant aayitt illelum aa option ngilum kittuvo.. samsung Fenn boiii 🤣🤣 .പിന്നെ ഞാൻ ഇതൊക്കെ use ചെയ്തിട്ടുണ്ടോ എന്ന് നിന്നെ ബോധിപ്പിക്കേണ്ട ആവശ്യo എനിക്ക്  ഇല്ല . പിന്നെ നിന്റെ comment കണ്ടാൽ തന്നെ അറിയാം നീ iPhone 14 pro max പോയിട്ട്  iPhone 5c polum use cheyythittilla Kanda Youtubers te review kand konakkan varuvaanrnn,Negative
മൊത്തത്തിൽ പറഞ്ഞാൽ. Iphone ഇനെ ബീറ്റ് ചെയ്യാൻ അങ്ങോട്ട് കഴിഞ്ഞിട്ടില്ല. അതാണ് വാസ്തവം,Negative
Myr ആണ് 🤣🤣🤣,Negative
The Perfect Phone എന്ന thumbnail വച്ചിരിക്കുന്നത് കണ്ടു 🤣 ഒരു ലക്ഷം രൂപ കൊടുത്ത് വാങ്ങുന്ന ഫോണിൽ ചാർജർ ഇല്ല എന്നിട്ട് നിന്നെയൊക്കെ പോലുള്ളവന്മാരുടെ ക്യാപ്ഷൻ The perfect 🤣,Negative
പുതിയ ഉപ്ഡേഷൻ വന്നു 3 ഡേയ്സ് കഴിഞ്ഞപ്പോൾ diplay ബ്ലീഡിംഗ് ആയി തുടങ്ങി...സർവീസ് സെൻ്റർ പോയപ്പോൾ 20K ചോദിച്ചു,Negative
"സഹോദരാ ഞാൻ SAMSUNG Z FOLD ൻറ്റ 4 PHONE വാങ്ങി 4ഉം SOFTWARE UPDATE ചെയ്തപ്പോൾ COMPLAINTS ആയി, ഒന്ന് പൂർണ്ണമായൂം പ്രവർത്തനരഹിതമായി.",Negative
Weight കൂടുതൽ ആണ് 🌞,Negative
"Price ആണ് പ്രശ്നം, ഇവർക്ക് price കുറച്ചു ഇറക്കിക്കൂടെ മനുഷ്യനെ കൊതിപ്പിക്കാൻ ആയിട്ട് 😔😔😔😔",Negative
Potrait photo എടുക്കുമ്പോൾ എഡ്ജ് ഒക്കെ ചളം ആണ്,Negative
1.8 മാസം കഴിഞ്ഞെപ്പോൽ എന്റെ ഇക്കാടെ ഫോൺ ഇൻഡെ ടച്ച് സ്‌ക്രീൻ നന്നായി വർക്ക് ചിയ്യുന്നില്ല.  adhaan S22 ultra de poorayima ആയി തോന്നിയേ,Negative
ചേട്ടാ ഞാൻ ചേട്ടന്റെ review കണ്ടു മേടിച്ചതാ s22ultra അധികം use പോലും ചെയ്തില്ല s pen കാത്തുപിടിച്ചപോലെ ആയി 50days il,Negative
Network reception എങ്ങനെയുണ്ട് ? വാങ്ങിയിട്ടുള്ള എല്ലാ Samsung മൊബൈലിലും network reception issue ഉണ്ടായിട്ടുണ്ട്.,Negative
Battery life പോര. പുതിയ പ്രോസസർ normal use num നല്ല ബാറ്ററി drain ഉണ്ട്. അതും 5AH ബാറ്ററി ഉണ്ടായിട്ടും.,Negative
S21 ultra ആണോ ❓️❓️,Negative
Ir blaster കൂടെ വേണമായിരുന്നു,Negative
Samsung എല്ലാവർക്കും SD പ്രൊസസർ കൊടുക്കുംബോൾ ഇന്ത്യയിൽ exinos ആണ് തന്നിരുന്നത് .ഇത്തവണ exinos  SDയെക്കാളും നന്നായപ്പോൾ SD ഇന്ത്യയിൽ തന്നു.അല്ലാതെ ഇന്ത്യക്കാർക്ക് SD യോടാണ് കൂടുതൽ എന്ന് കണ്ട് അറിഞ്ഞ് തന്നതൊന്നും അല്ല,Negative
വില കൂടുതൽ 🙆‍♂️.ഈ കാശിനു ഐഫോൺ ആണ് better ♥️,Negative
"SAMSUNG GALAXY യുടെ പുതിയ വിലപിടിപ്പുള്ള 4 PHONE വാങ്ങി 4ഉം പെട്ടെന്ന് COMPLAINT ആയി, ഒന്ന് പൂർണമായും പ്രവർത്തനരഹിതമായി.",Negative
Planning to buy S23 plus from Dubai.. ഇന്ത്യയിൽ കൊള്ള വിലയാണ്.. Esp S23 plus and Ultra....,Negative
@Creative Krishnan അതേ ഉണ്ട്.. initial setup ചെയ്യുമ്പോൾ ആണെന്ന് കരുതുന്നു. Continued usage num ചെറിയ ചൂട് തോന്നുന്നുണ്ട്,Negative
സാംസങ് ഫോണുകൾ കുറെ കാലമായി യൂസ് ചെയുന്ന ഒരാളാണ് ഞാൻ.. പക്ഷെ എല്ലാ ഫോണുകൾക്കും കോമൺ ആയി കണ്ട ഒരു പ്രശ്നം മറ്റു ഫോണുകൾക്ക് റേഞ്ച് ഉള്ള സ്ഥലങ്ങളിൽ സാംസങ് റേഞ്ച് കിട്ടാറില്ല.. പിന്നെ Wi-Fi connected without Internet.. എന്താണ് കാരണം..അടുത്ത ഫോൺ ഐഫോൺ ലോട്ട് സ്വിച്ച് ചെയ്യാൻ ഉള്ള കാരണം തന്നെ എന്റെ ഇതാണ്... താല്പര്യം ഇല്ലാഞ്ഞിട്ട് പോലും.. ഒരുപാട് കാളുകൾ വരുന്നത് കൊണ്ട് ഔട്ട്‌ ഓഫ് കോറേജ് ഏരിയ കംപ്ലയിന്റ് ആണ് കൂടുതലും,Negative
എന്റേം S23 ആണ് BUT നല്ല HEATING ISSUE IND😔,Negative
SAMSUNG GALAXY യൂടെ പുതിയ വിലപിടിപ്പുള്ള 4 PHONE വാങ്ങി 4ഉം COMPLAINT ആയി ഒന്ന് പൂർണമായും പ്രവർത്തനരഹിതമായി.,Negative
ഹീറ്റിങ് ഒരു ഇഷ്യൂ ആയി ഇപ്പൊ തോന്നാൻ ചാൻസ് ഇല്ല ഒരു ഒന്നൊന്നര കൊല്ലം കഴിയണം .മാസാ മാസം ഫോൺ മാറ്റുന്നവർക്കും വർഷത്തിൽ ഫോൺ മാറ്റുന്നവർക്കും അറിയാനും ചാൻസ് ഇല്ല .സംഭവിക്കാൻ പോകുന്നത് പറയാം സാംസങ് s സീരിസ്സിലെ ഒട്ടുമിക്ക ഫോൺ ഉപയോഗിച്ച ആളാണ് ഞാൻ .S2  മുതൽ S 20 വരെ.. ഒട്ടുമിക്ക ഫോണുകളുടെ അവസ്ഥ ഒന്നൊന്നര വര്ഷം കഴിയുമ്പോൾ ഹീറ്റ് ഇഷ്യൂ കാരണം .ബാക്കിലെ കവർ അടക്കം ഊറി പോകും.. പിന്നെ ഡിസ്‌പ്ലേയിൽ ഗിറ്റാറിലെ കമ്പികൾ പോലെ വരകൾ വരും .ഒരു ഫോണിൽ മാത്രം ആണ് ഇഷ്യൂ എന്ന് ഞാൻ കരുതിയത് എന്നാൽ അങ്ങനെ അല്ല  .ഡിസ്പ്ല വരകൾ ഒരുപാട് പേർക്ക് ഞാൻ തന്നെ കണ്ടിട്ടുണ്ട്.. ചൂടിന്റെ കാര്യത്തിൽ സാംസങ് ഫോൺ ഒന്നും പറയാനില്ലാത്തതാണ് .അതവിശം തുണി തെക്കൻ ഉപയോഗിക്കാം..my fav S serias phones : S3 - S7 Edge - S8 Plus - S20 Plus,Negative
Battery Capacity 5000 mAh കൊടുക്കായിരുന്നു 😊,Negative
ഞാൻ കരുതി Samsung ഏതോ ചാത്തൻ മോഡൽ ഫോൺ ഇറക്കിയെന്ന്,Negative
Sony better option. ഞാൻ ഇപ്പോൾ AirPods Pro യാണ് use ചെയ്യുന്നത്. ഇത് കിടുവാണ്. Audio quality എനിക്ക് sony യാണ് ഇഷ്ടപെട്ടത്.,Negative
"ആപ്പിൾ പ്രോഡക്റ്റ് ഒക്കെ തലയ്ക്ക് ഓളം ഉള്ളവനെ വാങ്ങു..പുതിയ വാച്ച്ന് ഏതാണ്ട് 80,000 രൂപയാണെന്ന് കേട്ടു..ഫോണിന്റെ ബാക്ക് പാനൽ ക്യാമറയുമായി ഇന്റഗ്രേറ്റ് ചെയ്ത് വച്ചിരിക്കുന്നു..പൊട്ടിയാൽ മൊത്തം മാറാൻ ഫോണിന്റെ പകുതി വിലയാകും..അതിന് ആപ്പിൾ ഇൻഷുറൻസ് എടുക്കണം !.എന്തെല്ലാം കച്ചവട ഉഡായിപ്പുകൾ !",Negative
Ssmsung s21fe battery percntage കാണിക്കുന്നുണ്ട് but call ചെയ്യുമ്പോൾ voice അത്ര ക്ലിയർ അല്ല,Negative
Apple താങ്ങിക്കൊടുപ്പ്... 😏,Negative
whatsappil audio റെക്കോർഡ് ചെയ്യുമ്പോൾ വളരെ ശോകം ആണ് airpod pro,Negative
ഇത്രേം വില കൊടുത്തിട്ട് ANC ഇല്ലെങ്കിൽ😪💩,Negative
സാധനം പോരാ call ചെയ്യുമ്പോൾ കിർ കിർ സൗണ്ട് കേൾക്കുന്നു ഞാൻ return request കൊടുത്തു,Negative
8gen ആണ് പണിയാവും Go for iphone,Negative
വെറും waste product 😄😂,Negative
നതിങ്ൻ്റെ ഏറ്റവും വലിയ പോരായ്മയാണ് അതിൻ്റെ പെട്ടി ഡിവൈസ്ൻ്റെ സീരിയൽ കോഡ് വരുന്നത് ഈ പുറമെ ഉള്ള പെട്ടിയിൽ അണ് warranty / replacement claim ചെയ്യുമ്പോൾ ഈ പെട്ടി നിർബന്ധം അയതിനൽ അത് കീറുമ്പോൾ സൂക്ഷിച്ചു കിറിയില്ലങ്കിൽ സീരിയൽ കോഡ് നഷ്ടം ആകും warranty / replacement ബാധിക്കാനിടയുണ്ട് ഞാൻ ear 1 വാങ്ങി എക്സൈറ്മെൻ്റിൽ പെട്ടി കീറി എടുത്തു അ പ്രോഡക്റ്റ് defective പ്രോഡക്റ്റ് ആണെന്ന് വൈകിയാണ് തിരിച്ച് അറിഞ്ഞത് ഈ പെട്ടിയുടെ സീരിയൽ കോഡ് വരുന്ന ഭാഗം നഷ്ടപ്പെട്ടതിൽ എൻ്റെ replacement claim reject ചെയ്യുകയാണ് ഉണ്ടായത് പിന്നീട് നിരവധി തവണ Flipkart സപ്പോർട്ട് ഏജൻ്റ് മരെ മാറി മാറി വിള്ളിച്ചതിൻ ശേഷം ആണ് അവർ പ്രോഡക്റ്റ് റീപ്ലേസ് ചെയ്യാൻ തയ്യാറായത്,Negative
1000-2000 രൂപടെ buds തന്നെ 8 മണിക്കൂർ വരെ സിംഗിൾ ചാർജ് നിക്കുന്നുണ്ട്.10000 രൂപക്ക് നാല് മണിക്കൂർ ശോകം,Negative
ഇതിന്റെ ചർജിങ് case ഇഷ്ടപ്പെട്ടില്ല,Negative
100 മണിക്കൂർ വരെ ഉപയോഗിക്കാവുന്ന tws earphone 1100 rupees nu കിട്ടും.അപ്പ്പോയനോ 34 മണിക്കൂർ.,Negative
Nothing സത്യത്തിൽ nothing,Negative
1: Crack proof തേങ്ങാക്കൊല ആണ് ജസ്റ്റ് ഒന്ന് ജീൻസ്ന്റെ അകത്തു വെച്ച് ഇറുകിയ അപ്പോൾ പൊട്ടി കയ്യിൽ വന്ന സാധനമാണ് ..2: വെളുത്ത കളറാണ് കട്ടക്ക് അഴുക്കോകും ..3: മൂന്നു മണിക്കൂർ തികച്ച് കിട്ടിയാൽ കിട്ടി (in ANC on)..4: പെട്ടിക്കകത്ത് വച്ച് രണ്ട് തവണ ചാർജ് ചെയ്യാം..5: Free fire പോലും കളിക്കാൻ പറ്റൂല ( വെടികൊണ്ട് ചത്തിട്ട് ശബ്ദം എത്തും )..6: ഫോൺ വിളിക്കുമ്പോൾ ഇടത്തോട്ടോ വലത്തോട്ടോ കട്ടിലിൽ കിടന്നു ഉരുളുന്നത് കാള കട്ട് ആകും (highly sensitive)..7: ഞാൻ ഇവിടെ നിർത്തുന്നു by 👋,Negative
Latency ആണ് main.... 500rs കിട്ടുന്ന same aanu ഇതിലും എങ്കിൽ 7k kku enth kopp ആണ് ഉള്ളത്....bass... treble... Okke എല്ലാത്തിലും ഏകദേശം ഒരുപോലെ ആണ്,Negative
Correct ഒരു വർഷം കഴിഞ്ഞാൽ ബാറ്ററി തീരുമാനം ആകും. OnePlus buds ഇപ്പൊ കിഡ്‌സിന് കളിക്കാൻ കൊടിതിരിക്കുവാണ് 😢,Negative
ഇത്രയും uncomfortable ആയ ഒരു സാധനം വേറെയില്ല,Negative
131 pro വാങ്ങരുത് nan തിരിച്ചയച്ചു 😒,Negative
"Boat ന്റെ neck band വാങ്ങിയിട്ട്, 1 week കഴിഞ്ഞു കേടായി.. അതിന് ശേഷം ഈ brand വിശ്വാസം ഇല്ല",Negative
Boat 161 call cheyyumbol sound കുറവാണ്,Negative
"ഞാൻ TWS boatinte ഉപയോഗിക്കുന്ന ആൾ ആണു, പക്ഷെ കുറച്ചു നാൾ use ചെയ്തു കഴിഞ്ഞു, പക്ഷെ call ചെയ്യുമ്പോൾ നമ്മൾ ദൂരെ നിന്ന് സംസാരിക്കുന്നത് പോലെ എക്കോ ഒക്കെ ആയിട്ടേ മറ്റുള്ളവർക്ക് കേൾക്കാൻ കഴിയുന്നുള്ളു..",Negative
Call connect ചെയ്യാൻ പറ്റുന്നില്ല 🙄,Negative
Waste product ദയവ് ചെയ്ത് ആരും വാങ്ങരുത്,Negative
Calling വേണ്ടി വാങ്ങരുത് bad പെർഫോമൻസ്,Negative
@PrathapGTech.. hi.. bro.. ഇതു രണ്ടും ഒപ്പരം കണക്ട് ആവുന്നില്ല.. ഒന്നു പ്രസ് ചെയുമ്പോൾ മാറി മാറി വർക്ക്‌ ചെയ്യുന്നേ ഉള്ളു... ഞാൻ വാങ്ങിച്ചു 2 ദിവസം ആയുള്ളൂ.. pls.. replay...,Negative
"ബ്ലുടൂത് head സെറ്റുകൾ പരമാവധി അവോയ്സ് ചെയ്യുക, തലവേദനകൾ അധികരിക്കുന്നു",Negative
Calling നു കൊള്ളത്തില്ല.,Negative
കളവ് പറയരുത്...ഒരു മണിക്കൂർ maximum charge kitullu...call quality തീരെ ഇല്ല... വാങ്ങി പെട്ടു പോയി...,Negative
ഈ AIR DOTS വാങ്ങിമൂന്നിൻറന്ന്കേടുവന്നു.ഇപ്പോഴത്തെഅവസ്തRIGHT CONNECTആവുമ്പോൾLEFT CONNECTആന്നില്ല.LEFTCONNECTആകുമ്പോൾRIGHT CONNECTആകുന്നില്ല,Negative
Wired ഹെഡ്സെറ്റ് ന്റെ feel ഇതിനു കിട്ടില്ല,Negative
Bluetooth headset Pubg കളിക്കുമ്പോൾ lag ഉണ്ട്..,Negative
എനിക്ക് ഈ വീഡിയോ കണ്ടിട്ട് JBL promotion vendi ആണെന്ന് തോന്നുന്നു. JBL okke പിള്ളാർക്ക് use cheyyan kollam. ഇതിനെ കാളും എന്തുകൊണ്ടും better KZ T10 ആണ്. ചേട്ടൻ ആദ്യം അത് മേടിച്ചു ഒന്ന് കേട്ട് നോക്കു. ഇനിയും upgrade ചെയ്യണം എന്ന് തോന്നിയാൽ SENNHEISER മേടിക്കാം. പുള്ളി ഇപ്പഴും JBL എന്തോ വലിയ സംഗതി ആണെന്നും പറഞ്ഞു നടക്കുവ. കഷ്ട്ടം😂😂😂😂,Negative
JBL പിള്ളാർക്ക് use cheyyam . SENNHEISER വേടിച്ച് ഉപയോഗിക്കു മോനെ എപ്പോൾ മനസ്സിലാകും എന്താണ് ക്വാളിറ്റി എന്ന്.,Negative
"Oru ക്വാളിറ്റിയും ഇല്ലാത്ത products ആണ് JBL... JBL 100 Si, മുതൽ Tune series വരെ ഒരു 10 മോഡൽസ് ഉപയോഗിച്ചിട്ടുണ്ട്...8 മാസം പോലും നിൽക്കില്ല.... Build quality ശോകം...",Negative
അത് തന്നെ ആണ് JBL ൻ്റേ main issue.. 1yr maxim,Negative
​@RAPTOR x K എന്റെ പൊന്നു ബ്രോ ഒരേ പ്രൈസ് റേഞ്ച് ൽ ഉള്ള boat ഉം sound core ഉം ഉപയോഗിച്ച് നോക്ക്.. അപ്പോൾ മനസിലാകും വ്യത്യാസം. Boat മാത്രം ഉപയോഗിച്ചപ്പോൾ ഞാനും കരുതിയതാ സൂപ്പറാണ് ക്വാളിറ്റി ഉണ്ടെന്നൊക്കെ.. Sound core Q10 ഉം Q20 ഉം ഒക്കെ ഉപയോഗിച്ചപ്പോഴാ വ്യത്യാസം മനസിലാകുന്നത്.. ഓവർഹെഡ് ഹെഡ്സെറ്റ് ആകുമ്പോൾ വേണ്ട ഗുണമൊന്നും boat ന് ഇല്ല.. കാര്യം പറയുമ്പോൾ ചുമ്മാ oppo ഫാൻസിനെ പോലെ പുച്ഛം unload ചെയ്യരുത് 🙏🏻🙏🏻,Negative
അത് ബ്രോ വേറൊന്നും യൂസ് ചെയ്യാത്തോണ്ട് തോന്നുന്നതാ.. Boat കൂറ ആണ്. ഒരുതരം കോളാമ്പി സൗണ്ട് പോലെ.. Soundcore ആണ് ബെറ്റർ.,Negative
"ഈ സാധനം എന്റെ ഫ്രണ്ട് ഇന്നലെ വാങ്ങി കൊള്ളില്ല ഞാൻ യൂസ് ചെയുന്നത് ഇതിന്റെ എയർ 2 ആണ് അത് സൂപ്പർ ആണ് എന്നാൽ അതിന്റെ അത്രേം പോലും കൊള്ളില്ല ഈ സാധനം, bass ഒന്നും കൊള്ളില്ല ഈ പറയുന്നെ ഒന്നും ഇല്ല. ഷാസമിന്റെ ഈ വീഡിയോ കണ്ടിട്ടാണ് അവനിത് എടുത്തത് ഇന്നി റീപ്ലേസ്മന്റ് അടിച്ചു വന്നിട്ട് നോക്കണം പ്രോഡക്റ്റ് ഇഷ്യൂ ആണോന്ന്. എന്താണേലും കറന്റ്‌ സാധനം യൂസ് ചെയ്തപ്പോൾ 5k യുടെ ഒന്നുല്ല ഇതിലും ബെറ്റർ എയർ 2 തന്നെ. ഇതിലും നല്ലത് Realme Air 3 തന്നെ.",Negative
Enco buds 2 വാങ്ങിയിട്ട് കുടുങ്ങിയ ഞാൻ😢.Right work aavumbo left illa. Left work aavumbo right illa.,Negative
ഊള സാധനം ആണ്. ഇതുപോലെ തള്ള് കേട്ട് വാങ്ങിയതാ ..ANC ഉണ്ടെന്ന് ബോക്സിൽ എഴുതി വെച്ചത് കൊണ്ട് അറിഞ്ഞു.,Negative
"Oppo Enco Earphones recommend cheyyilla.... ..ഞാൻ 5000 രൂപ കൊടുത്ത് വാങ്ങിയ Oppo Enco w51 ഒരു വർഷവും ഒരു മാസവും കഴിഞ്ഞ് അടിച്ചുപോയി. അവരെ വിളിച്ച് പറഞ്ഞപ്പോ വാറൻ്റി കഴിഞ്ഞ് എന്നും, iot products service ഇനി ചെയ്യാൻ കഴിയില്ല എന്നും പറഞ്ഞു... ..അതുകൊണ്ട് പറയുകയാണ്, ഒരു വർഷം കഴിഞ്ഞാൽ എന്തേലും പറ്റിയാൽ സ്വാഹാ ആയി എന്ന് കരുതിയാൽ മതി....",Negative
ഈ oompiya product മേടിക്കുന്നതിലും നല്ലത് ZEBRONICS ന്റെ zeb pod 2 മേടിക്കുന്നത് ആണ് ❤❤❤.അത് game ആണെങ്കിലും എന്ത് തേങ്ങക്ക് ആണെങ്കിലും beast ഐറ്റം ആണ് ❤❤.Best എന്ന് പറഞ്ഞ പൊളി സാധനം.. Best under 2000...,Negative
"Moto വളരെ മോശമായ ഫോൺ ആണ്,. SERVICES വളരെ മോശമാണ്,..ആരും എടുക്കരുത്",Negative
"@James Bond മോശം phone ആണ് ക്യാമറ പോരാ, ബാറ്ററി Backup പോരാ, user friendly alla, ഹെഡ് സെറ്റിൽ Call switch ചെയ്യുമ്പോൾ ഓട്ടോമാറ്റിക് സ്പീക്കർ mute ആകും",Negative
ഇതിന്റെ camera കൊള്ളില്ല എന്ന് കേൾക്കുന്നു,Negative
Moto G82 എടുത്തിട്ട് 3G ആയിരിക്കുന്ന ഞാൻ...,Negative
വാങ്ങിയിട്ട് 2 മാസമായിട്ടുള്ളു fingerprint sensor വർക്ക് ചെയ്യുന്നില്ല. Samsung 2 വർഷമായിM12. ഒരു കുഴപ്പവുമില്ല. Moto പേര് മാത്രമേ ഉള്ളൂം. സാധനം ലെനോവോ. എൻ്റെ കാശ്30k പോയി😢,Negative
Motorola നെറ്റ്‌വർക്ക് ഇഷ്യൂ ഉണ്ട്‌,Negative
മഞ്ഞക്കളർ വരാത്ത cover എന്നെങ്കിലും കിട്ടുമോ😅,Negative
Service പണി ആണ്,Negative
"Motorola യോട് ഉള്ള വിശ്വാസം പോയി.. G13 എടുത്തു ഫോണിൽ സംസാരിച്ചോണ്ട് ഇരിക്കുമ്പോ തനിയെ cut ആകുന്നു..1min പോലും സംസാരിക്കാൻ പറ്റില്ല 🤷‍♂️ reset, എല്ലാം ചെയ്തു നോക്കി update എല്ലാം ചെയ്തു but 🤦‍♂️",Negative
ഭൂരിഭാഗം എല്ലാ moto users നും എന്തെങ്കിലുമൊക്കെ പ്രശ്നങ്ങൾ ഉണ്ട്. .Fanboys ആയത്കൊണ്ട് പലരും പറയാത്തതാ....😂😂😂,Negative
"ഈ വേട്ടവളിയൻ ഇന്ന് ഇതിനെ കുറിച് നല്ലത് പറയും.നാളെ സ്വഭാവം മാറും, ഓന്ത് ആൺ ഇവൻ..ഇതിന്റെ cam &amp; battery 👎🏽👎🏽",Negative
"Moto വളരെ മോശമായ ഫോൺ ആണ്,. SERVICES വളരെ മോശമാണ്,..ആരും എടുക്കരുത്",Negative
30 fusion കയ്യിലുണ്ട്.. ക്യാമറ ശോകം ആണ് 😢....,Negative
Vivo v27 നോ..... ഇതിനെ kalum better അല്ലെ,Negative
Curved display ഇല്‍ tempered glass ഉപയോഗിക്കാൻ ബുദ്ധിമുട്ടാണ്... May be curved display will be expensive too if it damage. Shouldtbe very careful.,Negative
"@Rema Bai ഇല്ല . ചില സമയത്ത് ഫോർഡ് സ്റ്റോപ്പ് ചെയ്ത റെഡി ആകും പിന്നോ കുറച്ചു സമയം കൊണ്ട് പഴയ പോലെ ആവും . പ്രശ്നം എന്താന്നു വച്ചാൽ വിഡിയോ കാൾ ചെയ്താൽ ഫ്രണ്ട് ക്യാമറ പണി തരും, ഞാൻ പണ്ട് മോട്ടോ G 2 എന്ന ഫോൺ ഉപയോഗിചിരുന്നു ആതു കിടു ആയിരുന്നു അതോണ്ട് കൂടി ആണ് ഒന്നുകൂടി മോട്ടോ വാങ്ങി നോക്കിയത് ഇനി ഒരിക്കലും വാങ്ങില്ല",Negative
Moto Camera 📸 bad quality ആണ്,Negative
നല്ലൊരു ഫോൺ ആയിരുന്നു camera കൊണ്ട് കളഞ്ഞു,Negative
Moto G22 ലോക തോൽവി....,Negative
Battery വളരെ കുറവ,Negative
Moto edge 30 ഞാൻ എടുത്തു...പക്ഷേ അതിലുള്ള ഒരു പ്രശ്നം dual app ഉപയോഗിക്കാൻ പറ്റില്ല...,Negative
ഇതിനെ കാലും gaming better iqoo neo7 alle,Negative
Camera പോരാ എന്ന് തോന്നുന്നു. അടുത്ത മാസം വേറേ ഇറങ്ങുമല്ലോ അപ്പോ വാങ്ങാം 😊,Negative
Motorola phone എടുക്കണം എന്നുണ്ട് ഇവർ എന്നാണാവോ ക്യാമറ കൂടി അടിപൊളി അക്കാ 😌,Negative
Over sharpness video ആണ് Motorola phones ന്റെ ശാപം അത് ഫ്ലാഗ്ഷിപ്പ് segment ലും ആവർത്തിക്കുന്നത് എന്തൊരു കഷ്ടമാണ്😢,Negative
നിങ്ങൾ പറഞ്ഞതിൽ ആകെ ഒരു -ve എനിക്ക് തോന്നിയത് charging time ന്റെ ഒരു issue ആണ്‌ 👍🏻.കുറച്ചു കൂടി fast charging redy ആകാമായിരുന്നു 👍🏻,Negative
വാറന്റീ പീരിയഡ് കഴിയുന്നതിനു മുൻപേ M31 nu പ്രശ്നങ്ങൾ വരുന്നുണ്ട്... ഫോൺ എടുത്ത് ഒരു വർഷം കഴിഞ്ഞപ്പോഴേക്കും ഫോണിന്റെ മൈക്ക് കംപ്ലയിന്റ് ആയിട്ടുണ്ട്.... chip level complaint aan repair ചെയ്യണം എങ്കിൽ പോലും ഒരു ഫോൺ വാങ്ങുന്ന ചിലവ് വരും.... Ath പോലെ soft ware അപ്ഡേറ്റിസിൽ കൂ ടെ ക്യാമറ ക്ലാരിറ്റി യും കുറയ്ക്കുന്നുണ്ട്,Negative
കൃത്യം വാറൻ്റി പിരീഡ് കഴിഞ്ഞപ്പോ ഫോൺ hang ആയി starting ലോഗോയിൽ stuck ആയി നിൽക്കുവാണ്. Amazonilum സാംസങ് communittiyilum same issue പലരും പറഞ്ഞ് കാണുന്നുണ്ട്. Service സെൻ്ററിൽ കൊടുത്താൽ mother board മാറ്റാൻ പറയുവാ. 8k-9k വരും അതിന്.,Negative
"ഞാൻ ഒരു M31, 8gb ram എടുത്തപ്പോൾ തൊട്ട് നെറ്റ്‌വർക്ക് കംപ്ലയിന്റ്. ആദ്യം സോഫ്റ്റ്‌വെയർ ചെയ്തു. നന്നായില്ല. പിന്നെ സബ്‌ബോർഡ് മാറി നന്നായില്ല. പിന്നെ മെയിൻ ബോർഡ്‌ മാറി നന്നായില്ല. പിന്നെ ആന്റിന മാറി നന്നായില്ല. പിന്നെ ആന്റിനെടെ എന്തോ കുന്ത്രാണ്ടം മാറി നന്നായില്ല. വീണ്ടും സർവീസ് സെന്ററിൽ കൊടുത്തിട്ടുണ്ട്. നന്നാകുവായിരിക്കും 🙏🙏🙏",Negative
എന്തിനാണ് സർ നിങ്ങൾ ഇങ്ങനെ മലയാളികളെ കണ്ണിൽ ചോരയില്ലാതെ പറ്റിക്കുന്നത്... best display quality... കഷ്ടം...ഞാൻ കഴിഞ്ഞ 5 വര്ഷമായിട്ടു ഞാൻ use ചെയ്തിരുന്നത് galaxy J7 max എന്ന set ആയിരുന്നു....അതിന്റെ ഏഴു അയലത് എത്തില്ല ഇതിന്റെ display quality എന്തിനു അതിന്റെ screen വലിപ്പം പോലും ഇല്ല..ആകെ ഒരു വ്യത്യാസം ഞാൻ നോക്കിയിട്ട് ബാറ്ററി change മാത്രമാണ്..ഇതിനു 6000 വും അതിനു 3300 ആണെന്ന് തോന്നുന്നു...അതും കൂടി വ്യത്യാസം ഉണ്ടായിരുന്നു എങ്കിൽ ആ സെറ്റ് ഇതിന്റെ രാജാവായിരുന്നു...മനസിലാക്കേണ്ടത് അതു ഏതാണ്ട് 5 വർഷം മുമ്പുള്ള set ആണ്..ഓരോ നിമിഷവും advanced technology ഉണ്ടായി കൊണ്ടിരിക്കുന്ന കാലം ആണ് ഇത് എന്നു മനസിലാക്കണം....ഇത് എന്റെ അഭിപ്രായത്തിൽ ഒരു 5000 രൂപയുടെ set അതിൽ കൂടുതൽ ഒരു പുണ്ണാക്കും ഇതിൽ ഇല്ല...താങ്കളുടെ വാക്കു കേട്ടു ഈ സെറ്റ് ഈ വിലക്ക് വാങ്ങിയ എന്നെ മുക്കാലിയിൽ കെട്ടി ഇട്ടടിക്കണം.....,Negative
ആരും vangalle pettu pokum.,Negative
Network problems കാണിക്കുന്നുണ്ട്. Video callil heat ആകുന്നുണ്ട്,Negative
"സാംസങ് ആരും വാങിക്കരുത് ,m 31 ഞാൻ വാങ്ങി കെണിഞ്ഞു, ഫുൾ ഹാങ്ങ്‌ ആണ് 🥺😡",Negative
ഈ ഫോൺ ഞാൻ 6 മാസം ആയി.ഉഭയോഗിക്കുന്നു ഈ ഇടയായി phone ഓട്ടോമാറ്റിക്കലി ഓഫ്‌ ആകുന്നുണ്ട്,Negative
സാംസങ്ങിന്റെ എല്ലാ തനി കൊണങ്ങളുമുള്ള മൈര് സെറ്റ്. ആരും വാങ്ങിക്കരുത്. ഇത് ചുമ്മാ പ്രൊമോഷൻ വീഡിയോ. സത്യവുമായി പുല ബന്ധവുമില്ല. Vivo v3max ഉപയോഗിച്ചുകൊണ്ടിരുന്ന ഞാൻ ചൈന ഫോൺ ഭയന്ന് ഇതെടുത്തു. വളരെ പരിതാപകരമാണ് പെർഫോമൻസ്. ഹാങ്ങ്‌ ആകുന്നുണ്ട്. റേഞ്ച് കിട്ടുന്നില്ല . samsung എന്നും ഹാങ്ങ്‌ sung തന്നെ. ഇതിലും എത്രയോ നല്ലതാണ് റെഡ്മി നോട്ട് 8.,Negative
28-08-2020..ഇന്ന് ഫോൺ കിട്ടി m31.... .1 മണിക്കൂർ യൂട്യൂബ് വീഡിയോ കണ്ടപ്പോൾ നല്ല heat ഉണ്ടല്ലോ 😪😪😪😪,Negative
ഞാൻ ഇൗ ഫോൺ വാങ്ങി ഒരു മാസം കഴിഞ്ഞ് ഇന്നലെ തൊട്ട് ഡിസ്പ്ലേ യിൽ ഒന്നും വരുന്നില്ല ചെറിയ ഒരു icon&lt,Negative
ഞാൻ ഒരു മൊബൈൽ ഷോപ്പിൽ ആണ് വർക്ക്‌ ചെയ്യുന്നത് ഈ ഫോൺ പെട്ടന്ന് ic നഷ്ടപെട്ടു പോവാൻ ചാൻസ് ഉണ്ട് എടുക്കാൻ പോവുന്ന ആളുകളോട് ഞാൻ പറയും എടുക്കണ്ട എന്ന്,Negative
"ഫോൺ കിട്ടി, Fullചാർജാവാൻ സമയം പിടിക്കുന്നു.",Negative
Infinix gt 10 pro വാങ്ങി പണി കിട്ടി. ചാർജ് ചെയ്യുമ്പോൾ ചാർജർ വളരെ ച ചൂട് ആകുന്നു. ശേഷം ഫോൺ യൂസ് ചെയ്തപ്പോൾ ഫോണും അതെ അവസ്ഥ. 2 ഡേയ്സ് ആയതേയുള്ളു... വളരെ വളരെ മോശം. അതികം യൂസ് പോലും ചെയ്ത് തുടങ്ങീല 😇😇,Negative
@Lekshmee Gopika ഗൂഗിളിൽ കയറി വീഡിയോ കണ്ടാൽ സ്റ്റക് ആകുന്നു. സെറ്റിംഗ്സ് മാറി കിടക്കുന്നതാണോ എന്നു അറിയില്ല..,Negative
ഈ കൊണോത്തിലെ ഇൻ finix മൊബൈയില് ആരും വാങ്ങരുത് .. വങ്ങിയ ഞാൻ പെട്ടു..,Negative
Sevice centre ഇല്ല,Negative
"Infinix തല്ലിപ്പൊളി ഫോൺ ആണ് unbox ചെയ്തു ചാർജർ working അല്ല 1st problem അതായിരുന്നു, second problem റേഞ്ച് പ്രശ്നം വരുന്നുണ്ട്,3rd പ്രോബ്ലം with in one month working ചെയുന്ന ആപ്ലിക്കേഷനുകളിൽ ചിലതു working പ്രോബ്ലം വരും മര്യാദക് വർക്ക് ആവില്ല ഫോൺ factory reset ചെയ്യണ്ടവരും. ബാറ്ററി മാത്രം very good,.. ഞാൻ പറയുന്നത് infinix hot12 ആണ്",Negative
Bloat wares ഉണ്ട് അനിയാ,Negative
നല്ല brand ആണോ? Chinese അല്ലേ?,Negative
ഞാൻ infinix 0 5g model വാങ്ങിച്ചു. 2 തവണയാണ് ഫോൺ സോഫ്റ്റ്‌വെയർ പോയത്. സോഫ്റ്റ്‌വെയർ മാറ്റി തരുമ്പോൾ ഡാറ്റസ് എല്ലാം പോകുന്നുണ്ട്. വില കുറഞ്ഞ ഫോണും നല്ല സ്പീടും ഉള്ളത് നോക്കി വാങ്ങിച്ചതായിരുന്നു. ഇപ്പോൾ കൊടുക്കാൻ നോക്കിയിട്ട് പോലും ആർക്കും വേണ്ട.,Negative
"Service onnum nokanda, Pina software is വളരെ bore ആണ്",Negative
ഐഫോൺ 7 പ്ലസ് ഒന്നര വര്ഷമായി വാങ്ങിയിട്ട് എപ്പോഴും കംപ്ലയിന്റ് തന്നെയാണ്... ആദ്യം സ്വിച്ഓഫ് ആയിട്ട് ഓപ്പൺ ആവുന്നില്ല അങ്ങനെ മൊബൈൽ ഷോപ്പിൽ കാണിച്ചു ബാറ്ററി പ്രോബ്ലം അങ്ങനെ ബാറ്ററി ചേഞ്ച്‌ ആക്കി 1200 കൊടുത്തു... പിന്നെയും അങ്ങനെ തന്നെ 2nd ഷോപ്പിൽ കൊടുത്തു അങ്ങനെ സർവീസ് ആക്കിട്ട് തന്നു 200 കൊടുത്തു...3rd ഷോപ്പിൽ കൊടുത്തു ചാർജ് പിൻ പോയിന് ചേഞ്ച്‌ ആകണമെന്ന് പറഞ്ഞു 700 കൊടുത്ത്... പിന്നെയും ഫോണിന് അതെ പ്രോബ്ലം എനിക്ക് മടുത്തു ശരിക്കും ഫോണിൽ എന്താണ് പ്രശ്നം....???? ദയവായി മറുപടി തന്ന് സഹായിക്കണം,Negative
7+ ആണ് ഞാൻ use ചെയ്യുന്നത് but ബാറ്ററിക്ക് ഒരു പണി കിട്ടി battary ഡെഡ് ആയി അതും 90 presentage battary life ഉണ്ടായിരുന്നു ഇപ്പോൾ battry new വാങ്ങിച്ചു 8 month aye ഉളളൂ ഇപ്പോൾ battary presentage കാണിക്കുന്നത് 59 എന്താ ചെയ്യാ 😔😔😔,Negative
"ഞാൻ 2018 ഏപ്രിൽ മുതൽ 7plus use ചെയ്യുന്നു പോരായ്മ ഉള്ളത് ബാറ്ററി , front camara , heating issue ...ഒരു നല്ല powerbank suggest ചെയ്യാമോ above 10k",Negative
35K രൂപയ്ക്ക് 2019ൽ iPhone 7 Plus എടുക്കന്നവർക്ക് ഒന്നുകിൽ തലയ്ക്ക് ഓളമായിരിക്കണം അല്ലെങ്കിൽ ചുമ്മാ show off ചെയ്യാനായിരിക്കണം. ഇതേ വിലയ്ക്ക് കിട്ടുന്ന One Plus 7T ഒക്കെ ഐഫോണിനെ കണ്ടം വഴി ഓടിക്കും. പോരാത്തതിന് പത്തിരട്ടി കൂടുതൽ featuresഉം ഉണ്ട്. നാലു വർഷം iOS use ചെയ്ത ഞാൻ ആൻഡ്രോയ്ഡിലേക്ക് മാറിയതാണ് എന്റെ ജീവതത്തിൽ തന്നെ എടുത്ത ഏറ്റവും മികച്ച തീരുമാനം.,Negative
14 mini ഇല്ലാത്തത് നഷ്ടം,Negative
IPhone 12 ൽ ചാർജർ ഇല്ല 13 നിൽ box nde purath ulla plastic cover illa ഇനി 14 n ഇറങ്ങുമ്പോൾ പെട്ടി ഉണ്ടാവോ ആവോ 😂😂,Negative
ഒരു പരിസ്ഥിതി സ്നേഹികൾ 😖.നാട്ടുകാരെ പറ്റിക്കാൻ ഓരോ ഉടയിപ്പുകൾ.NB : I mean iPhone 😁,Negative
ചേട്ടാ ക്യാമറ കാര്യം പറയുവനെങ്കിൽ അത് one pless poli .I phoneorginal feel വരുന്നില്ല .ഓണെ പ്ലസ്സിൽ അത് ഒണ്ട്,Negative
Iphone 14 ഇറങ്ങുമ്പോൾ ഫോണ് മാത്രമായി കയ്യിൽ തരും പെട്ടു പോലും ഉണ്ടാവില്ല കാരണം പരിസ്ഥിതി സൗഹാർദ്ദ കമ്പനി എന്ന നിലയിൽ,Negative
Apple എപ്പളും overpricing ആണ് അവർ ആ logokkan വില ഇടുന്നത് അവസ്ഥ 😂😂😂😂😂😂😂😂😂,Negative
ആപ്പിൾ ഫോണിൽ ഫോട്ടോ എടുത്താൽ.മഞ്ഞ കളർ കൂടുതൽ ആയി എനിക്കു തോന്നിയിണ്ടുണ്ട്,Negative
Athhbuse ചെയ്യുമ്പോൾ എനിക്ക് വ്യക്തിപരമായി ചില പ്രശ്നം തോന്നി,Negative
"ഒരു വർഷം ആവുന്നു എടുത്തിട്ട് (10 മാസം) സെൻസർ പ്രോപ്ലം ഉണ്ട് വാട്ട്സ്ആപ് വോയ്സ് , call ചെയ്യുപോൾ ഫോൺ ലോക് ആവുന്നു",Negative
"ഞാൻ ഈ ഫോൺ ആണ് യൂസ് ചെയ്യുന്നത്.. വാങ്ങിയിട്ട് 6 മാസത്തോളം ആയി...പ്രശ്നം എന്താണെന്നു വെച്ചാൽ ഇടയ്ക് കോൾ ചെയ്യുമ്പോൾ ഫോൺ തന്നെ സ്വിച്ച് ഓഫ് ആയി പോവുന്നു, ശേഷം ഓട്ടോമാറ്റിക്കലി ഓൺ ആയി വരികയും ചെയ്യുന്നു.. ഇത് എന്താണ് പ്രശ്നം... എന്താണ് ഇത് മാറാൻ ഉള്ള മാർഗം ..?",Negative
HD display ഇല്ലാത്തോണ്ട് ഞാൻ എടുക്കാനില്ല,Negative
എനിക്ക് മുട്ടൻ പണി കിട്ടി. ഇപ്പോ ക്യാമറ ഓപ്പൺ ചെയ്യുമ്പോൾ error കാണിക്കുന്നു.error...cant Cannect to camera എന്ന് 😒😒😒,Negative
"Redmi note 9 ഇപ്പോ വാങ്ങി. ഈ Phone ലുള്ള Due App ൽ നിന്നും ഗൾഫിലെക്ക് Call പോകുന്നില്ല ,ഇങ്ങോട് വിളിച്ചാൽ കിട്ടുന്നുമില്ല. samsung set-ൽ എപ്പോഴും ഇത് കിട്ടുന്നുമുണ്ട്. എനിക്ക് Due Appആവശ്യമാണ് , അതിനായി ഞാൻ എന്ത് ചെയ്യണം.",Negative
Mi note9 pro max വല്ല കുഴപ്പവും ഉണ്ടോ .എന്റെ frnd പറഞ്ഞു nalla hitt ആണ് എന്ന് .Pinne power of eddakide ankunun എന്ന് .Njan edukan വിചാരിച്ചിരിച്ചിരിക്കുകയാണ് .Enthu ചെയ്യണം എടുക്കാൻ പറ്റുമോ,Negative
കുരച്ചു slim ആക്കാമായിരുന്നു,Negative
@Ibrahim... Servese center ll thanne koduth... Vere ph vangi.... Camara kollilla ph nn ennum complaint um മോശം servesum,Negative
ഒരു വർഷത്തിൽ 2 പ്രാവശ്യം m51 മദർബോഡ് അടിച്ചുപോയത്,Negative
ഒരുപാട് ആഗ്രഹിച്ചു സാംസങ് a73 5g വാങ്ങി. ഇപ്പോൾ ഇടയ്ക്കു തനിയെ.ഫോൺ ഓഫ് ആകുന്നു. കൂടാതെ മെമ്മേരി കാർഡ് ഉണ്ടായിരുന്നു. അത് ഇപ്പോൾ മെമ്മറി കാർഡിൽ ഉള്ളത് ഒന്നും കാണുവാൻ പറ്റുന്നില്ല. insert memmory card എന്നു കാണിക്കുന്നു. വേറെ ഫോണിൽ memmory card ഇട്ടു നോക്കി കാർഡിൽ ഉള്ളത് കാണിക്കുന്നുണ്ട്. കൂടാതെ close app എന്നു ഇടക്ക് കാണിക്കുന്നു. എന്ത് ചെയ്‌ണം എന്നു പറയാമോ. പ്ലീസ്.ഒരു പ്രാവശ്യം update ചെയ്തിരുന്നു.,Negative
S20 fe 5 g batterry back up കുറവാണ് 🤷‍♂️🤷‍♂️,Negative
@Subin Subramanian batterry ബാക്ക് അപ്പ്‌ പോരാ 🤷‍♂️🤷‍♂️,Negative
Connectivity വല്ലാത്ത പ്രശനം. Bluetooth ഒരു ഡിവൈസിൽ നിന്നും മറ്റൊന്നിലേക്ക് മാറ്റുവാൻ മികയപ്പോഴും resart ചെയ്യേണ്ടി വരുന്നു. കുറച്ചു നേരം use ചെയുമ്പോഴേക്കും ഫോൺ over heat ആകുന്നു. Front camera quality poor ആണ്.,Negative
Cam പോര അണ്ണാ 🤧,Negative
Camera പേരേ bro,Negative
ഭായ്... നിങ്ങളുടെ review കണ്ടു വാങ്ങിച്ചു. പെട്ടു😢,Negative
Samsungറ്റെ പ്രകൃതി സ്നേഹം charger ella 🤣,Negative
വെറുതെ കളയാനുള്ള കാശ് ഉണ്ടെങ്കിൽ മാത്രം samsung ഫോണുകൾ വാങ്ങുക. എൻ്റെ 27000 പോയി. ഇനി ചുമ്മാ കിട്ടിയാലും എനിക്ക് വേണ്ട,Negative
M 21 വാങ്ങി ഒന്നരവർഷം ഉപയോഗിച്ചപ്പോൾ കംപ്ലെയ്ന്റായി നന്നാക്കണമെങ്കിൽ 9000 രൂപയാകുമെന്നു പറഞ്ഞു അതോടു കൂടി സാംസങ്ങിനോട് വിട പറഞ്ഞു Redmi വാങ്ങി ഉപയോഗിക്കുന്നു,Negative
"No 3.5mm headphone jack.No charger.Heavy price 40000rs.Remaining features are good..ഈ price റേഞ്ചില്‍ Iqoo, Oneplus, kittum",Negative
എല്ലാം okk ആണ് പക്ഷേ chargarum ഹെഡ്‌ഫോണും തരാത്തത് തെമ്മാടിത്തരമാണ് 43000 Rs കൊടുക്കുകയും ചെയ്യണം 3500 വേറെയും മുടക്കണം മനുഷ്യനെ കൊള്ള അടിക്കുന്നു. ഇപ്പോൾ ഞാനും ഒരെണ്ണം എടുത്തു അതുകൊണ്ട് പറഞ്ഞതാ,Negative
3.5mm jack ഇല്ലാ 😕🤦🏼‍♂️,Negative
Charging adapter ഇല്ല എന്നുള്ളതാണ് വലിയ പരാജയം....പുറത്തിറങ്ങുന്ന ചാർജർ പലതും കോളിറ്റി കുറഞ്ഞവയാണ് .ആന വാങ്ങിയതിന് തോട്ടി വാങ്ങാൻ അങ്ങാടി തിരയേണ്ട അവസ്ഥ .ഇതിലും ഭേദം.ഉള്ള ഫോണുമായി അഡ്ജസ്റ്റ് ചെയ്യാവുന്നതാണ് .തുടക്കത്തിൽ ആരും ഇത് വാങ്ങരുത് .വില കുറയും,Negative
ഇത്പോലെ തന്നെയാ s22 യെ പറ്റിയും പറന്നത്. രാജാവിന്റെ മകൻ എന്നൊക്കെ. കോപ്പാണ്. Heating issue നന്നായിട്ടുണ്ട്. ഞാൻ samsung fan aanu. But ഉള്ളത് ഉള്ളത് പോലെ പറയണം.,Negative
ഇവന്മാരെ പോലെ ഉണ്ടായിപ്പ് SNAP DEAGON 778 UNDER 25K യിൽ IQ Z5 പോലെ ULLA FON USE ചെയ്യുന്ന PROCESSER ആണ് ATHUM 44W FAST CHARGER WITH BOX...SAME PROCESSER 40+K യിൽ കൊണ്ടുപോയി വെച്ച് CHARGER ഉം ഇഴിവാക്കി 25W NTE CHARGING സപ്പോർട്ട് 😂🤣🙏🏻🙏🏻🙏🏻...ഇതൊന്നും ആരും വാങ്ങിച്ചു ക്യാഷ് കളയല്ലേ എന്നെ പറയാൻ ഒള്ളു..UNDER 35K ഇതിനേക്കാൾ QUALITY FON WITH CHARGER ഉണ്ട് ഇഷ്ട്ടംപോലെ,Negative
ഇതിലും നല്ലത് oppo 7 pro ആണ് same rate,Negative
Rs.38000....too much ...തേപ്പ്,Negative
Main സാധനം ആയ charger illallo athil,Negative
എന്ന പിന്നെ iqoo se എടുത്താൽ പോരേ.,Negative
Minimum snapdragon 870 വേണം....അല്ലാതെ എന്ത് ഇത്🥴🥴🥴,Negative
Brightness കുറവാണ്..,Negative
ഇത്രയും വില കൊടുത്തു ഫോൺ വാങ്ങണം...എന്നിട്ട് 3000 കൊടുത്തു ചാർജർ പുറത്തുന്നു വാങ്ങണം....ഈ മൈ$$കളുടെ ഫോൺ എടുത്ത് ആരും സപ്പോർട്ട് ചെയ്യരുത്🙏,Negative
s 22 Ultra ഹീറ്റ് ആകുന്നു ശക്തമായി കാരണം എന്തായിരിക്കും,Negative
Selfe camara പോര ന്ന് തോന്നി....ചാർജർ ഇല്ലാതെ എനിക്ക് വേണ്ട....,Negative
Charger ഇല്ലാതെ എന്ത് കോപ്പിലെ branded ഫോൺ?,Negative
S20 FE 5G version തന്നെ എടുക്കണം.. S20FE 4G Exynos ദുരന്തം ആണ്,Negative
41 k over price ആണ്...processor കൊള്ളില്ല..charger ഇല്ല....Yet another Samsung കൊള്ള.Disappointed 👎,Negative
ഫിഫ്റ്റി ടു വാങ്ങി വെറുതെ കാശു കളയാൻ നിൽക്കണ്ട.52s .കൊള്ളാം,Negative
Realme gt me ൽ 23 k രൂപയ്ക്ക് ഇതേ chipset ഉണ്ട്.. ക്യാമറ ബെറ്റർ ആണ്.. ഫാസ്റ്റ് ചാർജിങ് കുറവ് ആണ് ഇവിടെ.. Over pricing ആണ്..ഒരു 30-32 k ഓക്കേ ആണ്,Negative
വാങ്ങരുത്... charger ഉള്ള mobile നോക്കി വാങ്ങിയാൽ മതി എന്നാണ് എന്റെ അഭിപ്രായം . കൊള്ളലാഭം ഉണ്ടാക്കുന്നു.,Negative
തുടക്കൊക്കെ ഉഷാറായിരിക്കും പിന്നെ പിന്നെ updates വന്ന് camera quality ഒക്കെ degrade ആയിക്കോളും.-An old Samsung A71 5G user,Negative
41000 രൂപ അതിഗംഭീരം 🤒 ഉണ്ട .very overpriced,Negative
😂😂😂. sd778 for 42000 rs🥴 .. ഇജ്ജാതി 🤣🤣.മയത്തിലൊക്കെ ആവാം,Negative
ഇവിടെ 120w കിട്ടുന്നുണ്ട് അപ്പോഴാണ് 25wസപ്പോട്ട് അതും ബോക്സിൽ ചാർജർഇല്ല.ഭയങ്കരം തന്നെ😂😂,Negative
Price flagship level ആണല്ലോ...പിനെന്ധ..😂.Night mode photos🤣🤣.Alternate &quot,Negative
ഒരു ദിവസം ഉപയോഗിച്ചിട്ട്.എങ്ങിനെ ആണ് പറയുന്നത്.Lag ഇല്ലാ hang ഇല്ലാ എന്നല്ലം...Headphone jack ഇല്ല.Headset ഇല്ല.ചാർജർ ഇല്ല.Over price.പ്രൊസ്സസർ heavy ഒന്നും അല്ല,Negative
@Modified mafiya 🥵 Only S series.ബാക്കി എല്ലാം ചവറ് ആണ് 😬,Negative
"Kop ആണ് 💯💯നീ പണ്ട് ഒക്കെ ഉള്ളത് കറക്റ്റ് ആയി പറഞ്ഞിരുന്നു. ഇപ്പോ ചാനെൽ വളർന്നു കമ്പനികൾ ഒക്കെ ഫോൺ അയച്ചു തരാൻ തുടങ്ങി 🥺paid വീഡിയോ തള്ളാനും തുടങ്ങി. വിശ്വാസം നഷ്ട്ടപെട്ടു കൊണ്ടിരിക്കുന്നു 💯💯build qlty ഉണ്ടങ്കിലും ക്യാമറ നല്ലത് ആണെങ്കിലും s778, and ചാർജർ 👎ഈ pricil 😕",Negative
"Snapdragon 778 ഈ 41999 രൂപക്ക് ഓവർ priced ആണല്ലോ , കൂടാതെ ബോക്സിൽ ചാർജർ ഉം വരുന്നില്ല ....മികച്ച ഒരു ഇത് തന്നെ 😕",Negative
"ചേട്ടാ എന്റെ ഫോൺ redmi note 7 pro ആണ് എടുത്തിട്ട് one month ആയിട്ടൂള്ളൂ.ഇപ്പോൾ അതിന്റെ ഗാലറി open ചെയ്ത് കുറച്ചു സമയം യൂസ് ചെയ്താൽ ഗാലറി hang ആവുന്നുണ്ട് .ഇതിൽ 6gb, 128 സ്പേസ് ഉണ്ട് .എന്തെങ്കിലും ഒരു solution ഉണ്ടോ",Negative
Redmi note 7pro Battery backup പോര,Negative
Berde ബെകമ്പോ charge ponn ende,Negative
Lcd യുടെ കാലം കഴിഞ്ഞു samsung s22 ultra poli phone,Negative
1 call Recourd വർക്കാകില്ല .2 Fm illa.3 Copy ചെയ്യാൻപറ്റില്ല.4 info എടുക്കാൻ പറ്റില്ല.5 കൊടുക്കുന്ന കാശിന് ഉള്ള Worth ഇല്ല.6 പാട്ടു കേൾക്കണമെങ്കിൽ കാശ്കൊടുത്ത് പാട്ടുകേൾക്കുക .7 i tunes എന്ന ബീകര തട്ടിപ്പ് വളരെ മാരകമാണ്.8 എല്ലാരും പറയും securd ആണ് എന്ന് but അതല്ല എന്നു ഉപയോഗിക്കുമ്പോ മനസ്സിലാകും പക്ഷേ ആരും പറയില്ല.9 wifi എവിടെ കണ്ടാലും പട്ടി ഇറച്ചികഷണം കണ്ടപോലെ കയറി പിടിച്ചു കളയും .10 face Unlock മാത്രമെ ഉള്ളു അത് ഉപയോഗി ക്കുമ്പോൾ മനസ്സിലാകും എത്ര ഭീകരം അണ്ന്ന് (11 നു ശേഷമുള്ള മോടൽസിൽ ),Negative
Njan.. വാങ്ങി 🥴,Negative
ഇത്രയും വില കൊടുത്തിട്ട് LCD display വാങ്ങാൻ ആണെങ്കിൽ ഇതിന്റെ പകുതി വിലക്ക് one plus nte കിടുകാച്ചിamoled display ഉള്ള ഫോൺ വാങ്ങാം അല്ലോ ..,Negative
I phone 11 5w charger bore ayi. 3 hour okke കേറാൻ ethra time pidikum. Pinne battery capacity pora. Incase charger എങ്കിലും upgrade ചെയ്യാമായിരുന്നു.,Negative
Imo വീഡിയോ call ചെയ്‌തു നോക്കു ഫോൺ ചൂട് ആവുന്നുണ്ട് എന്റെ ഫോൺ നല്ല പോലെ ചൂട് ഉണ്ട്,Negative
Flag ship ഫോണിൽ ഇത്ര ഒമ്പിയ disply ഇടാൻ Apple ന് മാത്രമേ പറ്റു. Very much disappointed.. samsung 10 or s10 plus എടുത്താൽ മതി എന്ന് പിനീട് തോന്നി..,Negative
റിച്ചോളികളെ മൂഞ്ചിക്കാൻ എളുപ്പമാണെന്ന് apple ന് അറിയാം അത് കൊണ്ടാണ് 15K യുടെ ഫോണിലുള്ള specification ഒന്നും 70K യുടെ ഫോണിൽ ഇല്ലാത്തത്,Negative
ഇതിനേക്കാൾ features ഉള്ള ഒരു ആൻഡ്രോയിഡ് ഫോണിന് 15000 രൂപ വിലയിട്ടാൽ അത് ഓവർ പ്രൈസ്ഡ് . Iphone ന് ഒരു ലക്ഷം രൂപ കൊടുത്താലും no problem.,Negative
Waste of money. അഞ്ചു വർഷം 2 ഐഫോൺ ഉപയോഗിച്ചതിന് ശേഷം മനസ്സിലായ സത്യം. നല്ല ഫോൺ ഒക്കെത്തന്നെ. പക്ഷേ മൂല്യത്തിന്റെ മൂന്നിരട്ടി വില കൊടുത്ത് ഒരു സാധനം വാങ്ങിയിട്ടെന്തു കാര്യം. ആറു മാസം മുൻപ് OnePlus 7 Proയിലേക്ക് മാറി. ഉപയോഗിച്ച രണ്ട് ഐഫോണിനും തരാൻ പറ്റാത്ത സംതൃപ്‌തിയാണിപ്പോൾ. അവസാനം വാങ്ങിയ ഐഫോണിന്റെ പകുതി വിലയും പത്തിരട്ടി featuresഉം.,Negative
"<b>ഇത്രയും വിലക്ക് led ഡിസ്പ്ലേ ഇല്ല 9,000 രൂപയുടെ m10s വരെ amoled ഡിസ്പ്ലേ ഉണ്ട്</b> 😑😑😑😑😑😑😑😶😶",Negative
ദോഷം ആയിട്ട് എനിക്ക് തോന്നിയത് ഇതിന്റെ ഭാരം ആണ്..താഴെ വീണു സ്ക്രീൻ ഗാർഡ് പൊട്ടി 😢,Negative
പെട്ട് പോയി ബാലകൃഷ്ണ. 13 pro ബാറ്ററി ഹെൽത്ത് ഉസൈൻ ബോൾട്ടിനും വേഗതയിൽ ആണ് ഓടുന്നത്,Negative
big drop point 1 ഫിടോസ്ന് 100mb തന്നെയാണ്..50 photos എടുത്തപ്പോൾ 5Gb തീർന്നു. ഇത് send ചെയ്ത് കൊടുക്കനെങ്കിൽ 1 day ആകും🤣,Negative
ശരിയാണ് പക്ഷെ ഇപ്പം എന്തായി ആരെങ്കിലും ഇങ്ങനത്തെ മണ്ടത്തരങ്ങളൊക്കെ ചെയ്യാേ always on display എന്ന് പറഞ്ഞ് ഒരു സ്ക്രീൻ തന്നെ മുഴുവൻ ഓണാക്കി വച്ചാൽ ആ ഫോണിന്റെ അവസ്ഥ പിന്നെ പറയാൻ ഉണ്ടോ അതും ആപ്പിളിന്റെ ബാറ്ററി Ha best 🙌🙌,Negative
<b>i phone 14 പ്രൊ ഞാൻ മേടിച്ചു സത്യം പറഞാൽ ബാട്ടറി ഡ്രൈൻ ഉണ്ട് alwasys on ഡിസ്പ്ലേ ഒരു വിവപത്താണ് നന്നായി ചാർജ് വലിക്കുന്നു പിന്നെ പഞ്ചഹോൾ കൂടി വന്നിരുന്നേൽ ആഗ്രചിച്ചു പോയി 🙏 ദയവ് ചെയ്ത് എടുത്ത് ചാടി ആരും i phone 14 എടുക്കരുത് അനുഭവം കൊണ്ട് പറയുന്നത് ആണ്...</b>,Negative
ഐഫോൺ 10 വർഷമായി use ചെയ്യുന്നു. പണ്ടൊക്കെ നല്ല ഫോൺ. ഇപ്പൊ. അതിന്റെ പകുതി ക്യാഷ് കൊടുത്താൽ. മറ്റുള്ള കമ്പനിയുടെ കിടിലൻ ഫോൺ കിട്ടും ....മടുല്ല് കമ്പനി ഫോണിൽ നന്നായി ചാർജ് നിൽക്കെ ചെയ്യും,Negative
എനിക്ക് 16ൽ ക്യാമറ problum ഉണ്ട്,Negative
"14 സീരിയസ് 🙏🙏🙏🙏🙏🙏🙏,, ഓൾ വേസ് ഓൺ ഡിസ്പ്ലേ പോലും നേരെ കൊടുക്കാൻ അറിയില്ല,,, അഭിമാനം S22+❤️❤️❤️",Negative
"iPhone 14 pro/ max series edukkathe Samsung S series use ചെയ്യുന്ന ലെ ഞാൻ &quot;നീ theerneda തീർന്ന് ബാറ്ററി, file size big etc. Bug എല്ലാ phones ഉണ്ട്. But appple iOS.bugs വന്നു. എടുത്തവൻ്റെ വിധി 😵‍💫",Negative
Always on display കഷ്ടപ്പെട്ട് ന്യായീകരിക്കാൻ പെടുന്ന പാട്,Negative
ഇതെന്തോന്ന് always on display...😂,Negative
Lijo camera ഉദ്ദേശിച്ചാണ് എടുക്കുന്നതെങ്കിൽ pixel 7 pro അല്ലെങ്കിൽ s22 ultra എടുക്കാം.വിലയും ലഭിക്കാം.പുതിയ dxomark ലിസ്റ്റിൽ pixel 7pro ആണ് no1 camera ഫോൺ.14 pro 3rd place ആണ്,Negative
എന്തിനാണ് 48 mp 100 mb വരുന്നത് എന്ന് മനസിലാകുന്നില്ല. ഒരു best dslr ഫോട്ടോ പോലും എറിപോയാൽ 20 mb കാണും.,Negative
ശരിക്കും പറഞ്ഞാൽ ഈ iPhone ന് യോചിച്ചതല്ല always on display അത് എങ്ങനെ കൊടുക്കേണ്ടത് എന്ന് പോലും അറിയില്ല പാവം കഷ്ടം എത്ര Android phone ൽ വന്നിട്ടുണ്ട് അത് കോപ്പി അടിച്ചാൽ പോരെ ഒന്നും ഇല്ലെങ്കിൽ ദാരിദ്രം .Always on display യുടെ കാര്യത്തിൽ Android തന്നെ 👍👍👍👍👍👍👍👍,Negative
രണ്ടും ഉപയോഗിച്ച് തന്നെ പറയുവാണ്.. സാംസങ് s22 ultra അതിന്റെ അടുത്ത് ഐഫോൺ എത്തില്ല.ആൻഡ്രോയ്ഡ് ഫോണുകളുടെ അടുത്തെങ്ങും അടുത്ത കാലത്ത് ഒന്നും ഐഫോൺ എത്തില്ല.വെറുതെ ആളുകളുടെ പണം കൊളളയടിച്ച് തല്ലിപ്പൊളി ഫോൺ നൽകി പറ്റിക്കലാണ് ആപ്പിൾ ഫോൺ,Negative
എനിക്ക് പോരായ്മ ആയി തോന്നിയത് i phone 14 pro series ലെ ആ dainamic island ആണ് video ഒക്കെ കാണുമ്പോൾ അത് ഭയങ്കര boar ആണ്,Negative
"ആപ്പിൾ എടുക്കാനേ താല്പര്യം ഇല്ലാ,,, ഗൂഗിൾ pixel പ്രൊ 🔥🔥🔥💕💕💕",Negative
ഈ നക്കിത്തരവും ഉഡായിപ്പും SAMSUNG നിർത്തേണ്ട കാലമായി... കാരണം മറ്റു കിടിലൻ സാധനങ്ങൾ വരുന്നുണ്ട്.... ഉടായിപ്പു കാട്ടി പണം പിടുങ്ങുന്ന സംശങ്ങിനെ ഇപ്പോൾ ഞാൻ വെറുത്തു തുടങ്ങി,Negative
SAMSUNG GALAXY യൂടെ പുതിയ വിലപിടിപ്പുള്ള 4 PHONE വാങ്ങി 4ഉം പെട്ടെന്ന് COMPLAINT ആയി ഒന്ന് പൂർണമായും പ്രവർത്തനരഹിതമായി,Negative
"SAMSUNG GALAXY യുടെ വിലപിടിപ്പുള്ള PHONE വളരെമോശംഅനുഭവം ,എൻറ്റ 4 PHONE പെട്ടെന്ന് COMPLAINTS ആയി.",Negative
"SAMSUNG ൻറ്റ വിലപിടിപ്പുള്ള 4 PHONE വാങ്ങി 4ഉം പെട്ടെന്ന് COMPLAINTS ആയി ഒന് പൂർണ്ണമായും പ്രവർത്തന,ഹിതമായി.",Negative
സാംസങിൻ്റെ എത്ര വിലകൂടിയ ഫോൺ ആയാൽ പോലും.....ഒരു inbuilt app lock ഇല്ല.....👎👎👎,Negative
"Chetta, Ente Phone You Tube il Type Cheyumbol ഇടയ്ക്ക് Keyboard Stuck ആ കാറുണ്ട്. വേറെ Apps എടുക്കുമ്പോഴും ആ Stuck ആയ Keyboard Screen ൽ Side ൽ ഉണ്ടാകും. കുറച്ച് Second കഴിയുമ്പോൾ ശരിയാകും. 🥲🥵.(You Tube ൽ Comment Box ൽ മാത്രമേ വരാറുള്ളൂ. ഈ Comment ഇടാൻ വന്നപ്പോഴും Stuck ആയി.).G Board Update ചെയ്താലും ഇങ്ങനെ തന്നെ. 🥶.<i>(Phone - Samsung Galaxy M31s)</i>..<i>Ithu Sheriyakkan Pattumo</i> 🤔🥺",Negative
മാറ്റ് കംമ്പിനി ഫോൺ പുറത്ത് ഇറക്കുമ്പോൾ ഏതാ എടുക്കേണ്ടത് എന്ന് samതിങ്?. But but nothing ഫോൺ പുറത്തു വന്നപ്പോൾ no.thing ആണ് അതെ ഉള്ളു!!പിന്ന🙃,Negative
Nothing (1) waterproof അല്ല. &quot,Negative
25k കൊടുക്കാൻ ഉള്ള ഫോൺ ഉണ്ട് 33 അല്പം കൂടുതൽ ആണ് ക്യാമറ ഒക്കെ നോക്കുമ്പോൾ,Negative
Moto എന്ത് കൊണ്ടുവന്നിട്ടും കാര്യമില്ല വെറും ചവർ സാധനം,Negative
ഇതിനകറ്റിയും നല്ല ക്യാമറയാണ് 1+ nord CE ലെ ക്യാമറ 😂,Negative
എനിക്ക് Flexible amoled(pOLED) display ഇഷ്ടമല്ല.എനിക്ക് nothing ഇഷ്ടപ്പെട്ടില്ല... ബാക്കി എല്ലാം നല്ലതാണ്....,Negative
Nothing phon പേരിനോട് നീതി പുലർത്തുന്ന ഫോൺ.. പ്രത്യേകിച്ച് ഒന്നുമില്ല 🙏😂,Negative
അമ്പല പറമ്പിലെ led ലൈറ്റ് പോലെ ഉണ്ടല്ലോ ഇതിന്റെ ഗ്ലീഫ് ലൈറ്റ്.. അത് ബോർ ആയി,Negative
ഉപയോഗിച്ചവർ പേരുപോലെ തന്നെയാണ് പറയുന്നത് Nothing,Negative
Updation വെച്ച്‌ നോക്കുമ്പോൾ ഒരു പേടി,Negative
off ആക്കിയാലും Led കാണാം അത് boar ആണ്,Negative
Glif light വേണ്ടായിരുന്നു 😕,Negative
4K യിൽ video എടുക്കുമ്പോൾ Video lag ഉണ്ടാവുന്നുണ്ട് 🙂,Negative
alla bro 778G+ ആണ് gaming അത്ര സെറ്റപ്പ് അല്ല...,Negative
Bro phone eduth one week ആയുള്ളൂ gliff light ഉപയോഗിക്കാതെ തന്നെ ബാറ്ററി വേഗം drain ആവുന്നുണ്ട്..... എന്താ പ്രോബ്ലം അറിയില്ല... 🥴,Negative
Camera update ശേഷം അത്ര പോര.... എനിക് അങ്ങനെ ആണ് തോന്നിയത്,Negative
എൻ്റെ ഇരുപതിനായിരം രൂപയുടെ.മൊബൈലിൽ ഇല ഇത്രേം bug,Negative
Yes.. ഈ ഫോൺ value for money അല്ല,Negative
Seti ൽ നിന്നും വീഴുമ്പോളേക്കും bent ആകുമെങ്കിൽ കുറച്ചുകൂടി ഉയരത്തിൽ നിന്നും വീണാൽ പിന്നെ എന്താവോ,Negative
അല്ലെങ്കിലും ഈ ഫോൺ 30k+ ഒരിക്കലും Worth അല്ല.. ചുമ്മാ hype കൊടുത്തു പ്രചരിപ്പിച്ചു.. മാത്രമല്ല ഓൺലൈനിൽ limited stock ഇട്ട് demand ആക്കി വെച്ചു.. ഇപ്പൊ ഏതായാലും stock ഉണ്ട്. ഒരിക്കലും 30k + worth അല്ല 100%.,Negative
ഇന്ത്യയിൽ വിലകൂടും bro 🙂,Negative
ആ പറഞ്ഞത് ന്യായം....പക്ഷെ iphone ഉണ്ടാക്കിയ image ഇപ്പൊ iphone തന്നെ ആണ് തകർത്തു കൊണ്ടിരിക്കുന്നത്.!!🥲,Negative
വന്ന് വന്ന് ഇതിലുള്ള പ്രതീക്ഷയൊക്കെ പോയി 40k ഇത് worth ആവുമെന്ന് തോന്നുന്നില്ല എന്തായാലും നോക്കാം 🙂,Negative
ഇനി Price ലാണോ Apple മായിട്ട് മത്സരം🤔🤔🤔,Negative
ഫോൺ കൊഴപ്പം ഉണ്ടാവില്ല പക്ഷെ ആപ്പിൾ ആയിട്ട് 😅😅. Price ഇട്ടത് തെറ്റിപ്പോയി nothinginu,Negative
Realme 9 Pro plus ന്.ബയങ്കര ക്വാളിറ്റി ഇഷ്യൂ ഉണ്ട്.ക്യാമറ . ഫോഗിങ്ങ്. ഡിസ്പ്ലേ .പൈസ പോയിക്കിട്ടി.Return അടിച്ചിട്ട് ഇനിയും ടെക്നീഷ്യൻ വരുമെന്ന തള്ളൽ മാത്രം.ഫ്ലിപ്പ്കാർട്ട് ഊമ്പിച്ചു,Negative
അണ്ണാ ഒരു 2 year കഴിയുമ്പോ സ്ക്രീൻ ഒക്കെ ഗ്രീൻ ലൈൻ വരുമോ ഞാൻ 1+7 pro ആണ് ഉപയോഗിക്കുന്നത് 2.5 year കഴിഞ്ഞു ഗ്രീൻ ലൈൻ വന്നു സ്ക്രീൻ മാറാൻ 17k 😭😭 എല്ലാവരും ഇ problem പറയുന്നുണ്ട് 👍,Negative
ലൈറ്റ് കത്തുന്നത് എനിക്കിഷ്ടമാണ്. പക്ഷേ അതിന് 45000 ഒത്തിരി കൂടിപ്പോയി... ഈ വിലക്ക് ഇതിൻ്റെ പിന്നാലെ പോകാൻ തോന്നുന്നേ ഇല്ല. പണ്ട് 3310 ഒക്കെ യൂസ് ചെയ്യുന്ന കാലത്ത് പിന്നിൽ ഒട്ടിക്കവുന്ന ലൈറ്റ് കൾ available ആയിരുന്നു.. അവ വീണ്ടും തിരിച്ചു വരാൻ ഇതൊരു കാരണം ആവട്ടെ എന്ന് ഒരു പാട് ആഗ്രഹിക്കുന്നു... പത്ത് ഇരുപത് രൂപക്ക് കിട്ടിയിരുന്ന ആ ലൈറ്റ്കൾ അന്നൊരു ഓളം തന്നെ ആയിരുന്നു... ആരുടെയെങ്കിലും കയ്‌വശം ഉണ്ടെങ്കിൽ അറിയിക്കുക,Negative
Front ക്യാമറ പോര,Negative
light ഇല്ല്ലായിരുന്നേൽ ഞാൻ വാങ്ങിയേനെ 🥵,Negative
🎯പുറകിലെ വൃത്തികെട്ട light ഇല്ലായിരുന്നുവെങ്കിൽ കുറച്ചെങ്കിലും ആൾക്കാർ മേടിച്ച്. ആ വൃത്തികെട്ട light കാരണമാണ് ആ ഫോൺ ആ ഫോൺ മേടിക്കാൻ തന്നെ തോന്നാത്തത്🤒🎯,Negative
Carl pie de തള്ളു ഫോൺ 😂.Nothing 1 എടുത്തിട്ട് ഞാൻ വിൽകാൻ പെട്ട പാട് 😅,Negative
"അത് തന്നെയാ പറഞ്ഞത്. 😇 നമ്മൾ സാധാരണ Phone ഹാൻഡിൽ ചെയ്യുന്ന പോലെ Side ലെങ്ങാനും കൈവരുണ സമയം , right button ഞെക്കി Screen off ആക്കാൻ നേരം , ഇടത് ഭാഗത്തെ button ഉം കൂടി press ആയിപ്പോയിട്ട് screenshot ആവുന്നു ! Maybe , bro ടെ കൈപ്പത്തിയും വിരലുമൊക്കെ ചെറുതായിരിക്കും ! 😀 എനിയ്ക്ക് screenshot എടുക്കാനേ സമയമുള്ളൂ🤣🙏. 6 വർഷം ഉപയോഗിച്ച HONOR 6X നു പോലും ഒരിക്കലും സംഭവിച്ചിട്ടില്ല. കേട്ട് കേൾവി പോലുമില്ലാത്ത ഒരവസ്ഥ. എപ്പഴാന്നറിയില്ല , ഫോൺ എറിഞ്ഞ് ഞാൻ തകർക്കുന്നത് !",Negative
ഡേയ്... ആ കൊണച്ച side buttons 3 എണ്ണം തന്നെയാണോഡേ ഇതിനും ? തൊട്ടു പോയാൽ screenshot അടിയ്ക്കുന്ന 3 കോത്താഴത്തെ buttons ഇതിന്റെ SCREEN SHOT തന്നെയുണ്ട് 100 gb ഫോണിൽ 🤬. ക്ഷമയുടെ നെല്ലിപ്പലക കണ്ടു ഞാൻ മടുത്തു. ഒപ്പം ഞാൻ പോലുമറിയാതെ auto rotate ഓണ്&amp,Negative
S20+ വാങ്ങി 1yr ആയി... ഇപ്പോൾ ഫോണിൽ 20 il കൂടുതൽ lines വന്നു കഴിഞ്ഞു... കയ്യിൽ നിന്ന് വീണിട്ടു പോലും ഇല്ല 😭എന്താ bro അങ്ങനെ വരാൻ കാരണം? But യൂസിങ് നൊന്നും ഒരു പ്രോബ്ലം ഇല്ല... ഷോപ്പിൽ ചോദിച്ചപ്പോ ഡിസ്പ്ലേ പോയെന്ന പറഞ്ഞെ... ഇപ്പോഴല്ലാട്ടോ 1st 2 lines vanna ഉടനെ...,Negative
Cam എല്ലാം വർക് അകുനുണ്ടോ. എനിക്ക് 3back cam ഉണ്ട് അതിൽ ഒന്ന് മാത്രമേ വർക് അകുനുള്ളു,Negative
S20 ultra എടുത്ത് oomfi ഇരിക്കുന്ന ഞാൻ. Using for 3 years. Main problem camera focus issue.,Negative
സത്യം bro.. headset jack ഇല്ലാതെ ശോകം.ആണ്....,Negative
പുതിയ ബാച്ച് S20Fe ഫുൾ complaint ആണ് man... സാരമില്ല.. warranty കിട്ടും 😅😅😅,Negative
Sd card സപ്പോർട്ട് ഇല്ലേ എങ്കി ഫോൺ ഉംമ്പി 😂😂😂,Negative
Service Center ഇൽ കൊണ്ട് പോയ്‌ കൊടുത്ത മാറുമോ... Camera Issue മാത്രം ഉള്ളു പഴയ ഒരു quality ഇല്ല photos ഒന്നിനും,Negative
"എന്റെ iqoo z5 ആണ് Camera quality ഇപ്പോൾ മോശം ആയതു ആയി തോന്നുന്നു.. Funtouch os 13,update ന് ശേഷം പഴയ പോലെ നല്ല photos ലഭിക്കുന്നില്ല.. Rear camera ആണ് പ്രശ്നം.. Camera cache എല്ലാം clear ചെയ്തു നോക്കി എന്നിട്ടും ready ആകുന്നില്ല... ഇനി ന്ത ചെയ്യേണ്ടത്.. ആരെങ്കിലും ഇത് പോലെ issue face ചെയ്യുന്നുണ്ടോ ‼️‼️‼️",Negative
No 😂gaming anengil giroscgyroscope polum speed ഇല്ലാ,Negative
POCCO എന്ന് പേരിട്ടത് തെറ്റിയാണ് POKKA എന്നാണ് പറ്റിയ പേര് കാരണം മഹാ പോക്കാണ് ഈ ചവറ് സാധനം😢😢😢വാങ്ങിയവന്റെ ഗതികേട്.വാങ്ങിയ അന്ന് മുതൽ THE WORST EVER,Negative
ഇത്രേം motherboard complaint എല്ലാരും പറഞ്ഞിട്ടും എൻ്റെ poco ക്ക് ഒന്നും പറ്റില്ല എന്ന് വിചാരിച്ച് ആരും poco എടുക്കല്ലെ.😂 അങ്ങനെ വിചാരിച്ച് ആണ് ഞാൻ എടുത്തത് 1.5 year കഴിഞ്ഞപ്പോൾ അടിച്ച് പോയി guys,Negative
ക്യാമറ നിങ്ങളുടെ ഈ വീഡിയോ യിൽ കാണുന്ന quality പോലും എനിക്ക് കിട്ടുന്നില്ല,Negative
ഞാൻ poco x3 use ചെയ്‌യുന്നുണ്ട് ആദ്യ update ചെയ്തപ്പോൾ ഫ്രണ്ട് ക്യാമറ പോയി ഇപ്പൊ ഫിംഗർപ്രിന്റ്റും next എന്താണ് പോവാ എന്നറില്ല 😄😄,Negative
Poco പോലെയുള്ള ഫോൺ ഒരിക്കലും പ്രൊമോട്ട് ചെയ്യരുത്.... Worthless... Waste of money...,Negative
വാരന്റി പീരിയഡ് കഴിയുന്നു.. സോഫ്റ്റ്‌വെയർ അപ്ഡേറ്റ് വരുന്നു...Software അപ്ഡേറ്റ് ചെയുന്നു മദർ ബോർഡ്‌ അടിച്ചു പോകുന്നു... ശുഭം 🤨,Negative
"ഒക്കെ ശെരി, പക്ഷെ ഒരു 8 മാസം ആവുമ്പോ motherboard booooooom..... 💥💥😎",Negative
ഇത്രയും വില വരുമ്പോൾ Ominivision ഊള സെൻസർ കൊടുക്കാൻ പാടില്ലായിരുന്നു..xiomi ക്ക് തന്നെ അറിയാം അത്ര നല്ല സെൻസർ അല്ല എന്ന്..കോസ്റ്റ് കട്ടിംഗ് ചെയ്യുമ്പോൾ main ക്യാമറ യില് ഇതുപോലത്തെ ഊള പരിപാടി കാണിച്ച് വെക്കരുത്🙂,Negative
"Poco തന്നെ പോക്കോയെ പണ്ടേ കൊന്നു കളഞ്ഞു,,,",Negative
bt update ചെയ്യുന്നതിന്റെ പുറകെ സംഭവിച്ചത് ആണ്‌ ഇത്‌.. ഇത് nk മാത്രം അല്ല പരിചയം ഉള്ള കുറെ പേര്‍ക്ക് ഈ പണി കിട്ടി.. Pinne മറ്റൊരു phone നും ഇല്ലാത്ത രീതിയില്‍ ഇതിന് മാത്രം സംഭവിക്കുന്നത് കാണുമ്പോ മനസ്സിലാക്കാം ല്ലോ... വാങ്ങിയ അന്ന് മുതൽ bugs ഉണ്ട്.. Software കൃത്യമായി bugs fix ചെയ്തിട്ടില്ല... അത് കൊണ്ട്‌ തന്നെ software നെയും അതിന്റെ updation യും പുണ്യാളന്‍ ആയി ചിത്രീകരിക്കാന്‍ പറ്റില്ല.. 😅😅... Hardware motherboard നും issue ഉണ്ടാകാം രണ്ടും കൂടി optimized അല്ലായിരുന്നു എന്ന് വേണം കരുതാന്‍.. Updation samayathe Heating ആണ്‌ villain എന്നാണ്‌ service center ഇല്‍ നിന്ന് കിട്ടിയ വിവരം..inipo ന്ത് പറഞ്ഞിട്ടെന്താ പോയത് പോയില്ലേ 🥶,Negative
എൻ്റെ പൊന്നു മചാൻമരെ poco എടുക്കരുതേ പോക്കാണ്...😭 പൈസ ഉള്ളവർ പോയി എടുത്തോ വേറെ ഫോൺ പെട്ടന്ന് മാറി എടുക്കാൻ തരം ഉളളവർ.. എൻ്റെ മാത്രം അനുഭവം അല്ല.. F1 ഒഴികെ ബാക്കി models use ചെയ്തവരോട് ചോദിച്ച് നോക്കിക്കോ... എപ്പോ അടിച്ച് പോകും എന്ന് പറയാൻ പറ്റില്ല... 😬😬😐😐 ഞാനും ഒരു poco ഫാൻ ആയിരുന്നു...,Negative
Oru varsham kazhiyumbo camera adich പോകും.. പിന്നെ കുറച്ച് കഴിയുമ്പോ mother board um,Negative
എന്തൊക്കെ പറഞ്ഞിട്ടും കാര്യം ഇല്ല കുറച്ചു നാൾ കഴിയുമ്പോൾ ഏന്തെകിലും അടിച്ചു പോകും എന്റ poco x2 camera അടിച്ചു പോയി ഇനിയൊരിക്കലും poco brand use ചെയ്യില്ല.,Negative
എന്റ f1 hevey യൂസ് dead aayi bord അടിച്ചുപൊളി എന്നിട്ടുഞാൻ x3പ്രൊ എടുത്തു after update dead മതിർബോഡ് അടുത്തുപോയി അതോട ഞാൻ poco എന്നാ ബ്രാന്റ് ഉപേക്ഷിച്ചു ഇപ്പോൾ എന്റ കയ്യിൽ iqneo 6 und 1 year ആയി no complates 🎉,Negative
POCO Means പോക്ക് 😂😂😂,Negative
poco ഫോൺ മാക്സിസ്മാം ഒഴിവാക്കുന്നത് ആണ് നല്ലത് ബ്രോ അനുഭവം ഗുരു 😢😢😢,Negative
ഞാൻ POCO F3 GT ആണ് USE ചെയ്യുന്നത്നല്ല HEATING ഉണ്ട് 🤦🏻‍♂️ 🥵🥵🥵🥵🥵,Negative
Poco ആണൊ പോക്കാ..,Negative
Poco വിശ്വാസം ഇല്ല 🙏,Negative
"ഇന്നും Dead ആയ ഒരു poco X3 pro ശരിയാക്കിയതേ ഉള്ളു, അതുകൊണ്ട് ഒരു പേടി ആണ് Poco വാങ്ങാനും Recommend ചെയ്യാനും. പിന്നെ 2 Year Warranty കാണും poco F4 പോലെ. അതാണ് ആശ്വാസം.",Negative
"Poco,redmi വിശ്വാസ്യത നശിപ്പിച്ചു...നമ്മക്ക് Samsung മതി",Negative
എന്തൊക്കെ ഉണ്ടെന്ന് പറഞ്ഞാലും board സ്വാഹാ... 😁,Negative
motherboard adichu പോവും എന്റെ poco x 3 pro അടിച്ചു പോയി...😭,Negative
Poco x3 user ആയിരുന്നു.. കിടിലം performance കിടിലം camera കിടിലം built quality.. Bt ന്താ ചെയ്യാ software updation ഇല്‍ എല്ലാം പോയി കിട്ടി.. Tholach.. ഉള്ള വിശ്വാസം മൊത്തം പോയി കിട്ടി.. ഇനി ഒന്ന് ഒന്നര കൊല്ലം poco phones ന്റെ അവസ്ഥ നോക്കിയിട്ട് മാത്രമേ edukkullu.. ഇപ്പൊ use ചെയ്യുന്ന Iqoo neo 6 ന്റെ night camera performance nekkalum nk poco x3 യുടെ night mode ആയിരുന്നു ഇഷ്ടം.. ന്ത് ചെയ്യാം.. 💔💔💔,Negative
Mister 1 update vanna mathi bakki വരുന്നടുത് വെച്ചു നോക്കിക്കോ 😊😢,Negative
ചത്താലും poco വാങ്ങില്ല,Negative
UI കാണുമ്പോ കലി വരും,Negative
Uyyo poco sheri enna🚶‍♂️njn പോണ് 🚶‍♂️🚶‍♂️🚶‍♂️,Negative
എന്തിന്.... Update തന്ന് വര വീഴ്ത്താൻ അല്ലെ...എന്റെ പൊന്നോ വേണ്ട....,Negative
"Waste product don&#39;t buy ഇതിൽ നോക്കിയിട്ട് വേണം health maintain ചെയ്യാൻ, fake censor&#39;s, കയ്യിലുള്ള ഫോൺ എടുത്ത് നോണ്ടാൻ വലിയ പാടായതു കൊണ്ടായിരിക്കും ഈ സാമാനം വാങ്ങി ഉപയോഗിക്കേണ്ടത്🤣",Negative
1500 പ്രതീക്ഷിച്ചു 9k എന്നറിയുന്ന ഞാൻ😢,Negative
Price 9k😌 അപ്പോ ശെരി wokey bye😭,Negative
<b>9k is too over price💯</b>..<b>3 മണി കഴിഞ്ഞു കാണുന്നവർ ഉണ്ടോ🔥</b>,Negative
ഈ phone normal using ചെയ്യുമ്പോൾ തന്നെ heating അവുന്നു charge ഒരു half day using പറ്റുകയുള്ളു മറി കിട്ടാൻ എന്ത് ചെയണം,Negative
Normal using ചെയ്യുമ്പോൾ തന്നെ heating അവുന്ന്,Negative
Over heating problem ഉണ്ട് charging പെട്ടന്ന് തിരും😢😢,Negative
Motorola ഫോൺ അപ്‌ഡേറ്റ് ചെയ്യുന്നത്.Motorola ഫോണിന്റെ ഡിസ്‌പ്ലേയെ തകരാറിലാക്കും. Motorola ഫോൺ വളരെ മോശം ഫോണാണ്. ആ പണത്തിന് നിങ്ങൾക്ക് മറ്റൊരു ഫോൺ വാങ്ങാം കേരളത്തിൽ Motorola സർവീസ് സെന്റർ വളരെ മോശമാണ്. ഒരു motorola ഫോൺ വാങ്ങുന്നത് വലിയ നഷ്ടമാണ്.,Negative
ഫസ്റ്റ് charging problem വരും 1 year കഴിയുമ്പോൾ boardum പോകും ...,Negative
പഴയ moto അല്ല എന്ത് എക്സ്പീരിയൻസ് എന്ന് പറഞ്ഞാലും ചവർ ആണ് user ആയോണ്ട് ആണ് പറയുന്നേ 🤢,Negative
695ചിപ്സെറ്റ്.1year അഡ്രോയിഡ് അപ്ഡേറ്റ്....20000രൂപ....ഫോൺ മോട്ടോയുടെ കയ്യിൽ തന്നെ ഇരുന്നോട്ടെ....ഞങ്ങൾക്ക് വേണ്ട.... ഇപ്പോൾ പഴയതു പോലെ ഒന്നും അല്ല... ചിപ്സെറ്റും പെർഫോമൻസുംഅപ്ഡേഷനും ഒക്കെ നോക്കി തന്നെയാണ് പലരുംഫോൺ സെലക്ട്‌ ചെയ്യുന്നത് .,Negative
😂4k video എടുക്കാനും പറ്റില്ല...😢.കാണാനും പറ്റില്ല...😅.Any way it&#39,Negative
Motorola service വളരെ മോശം ആണ്. Parts കിട്ടാനില്ല. 2-4 weeks ആണ് repair ചെയ്യാനുള്ള സമയം.,Negative
Moto എടുക്കല്ലേ greenlinrle isse und,Negative
എടുക്കരുത് ഒട്ടും qoulty ilh ente phone eduth 6 mnth ullil thsnne display ഇളകി,Negative
"കുഴിയിൽചാടരുത്, COMPLAINT PHONES",Negative
SAMSUNG ൻറ്റ വിലപിടിപ്പുള്ള 4PHONE വാങ്ങി 4ഉം പെട്ടെന്ന് COMPLAINTS ആയി ഒന്ന് പൂർണമായും പ്രവർത്തനരഹിതമായി.,Negative
78000 രൂപയാണ്.... Worth അല്ല. ഒരു 60 ആണെങ്കിൽ ഇത് ok,Negative
കുറഞ്ഞ വിലയിൽ കിട്ടുന്ന ഫോണുകൾ വരെ 5000mah ബാറ്ററി ലഭിക്കുമ്പോൾ ഇത്രയും വില കൂടിയ ഫോണിൽ 3900mah ഒരു വലിയ പോരായ്മ തന്നേയാണ്,Negative
Samsung എത് ഫോൺ എടുത്താലും.ക്യാമറ പോക്കാണ്....👎👎👎👎👎,Negative
ഒരു update ചെയ്ത ഷീണം മാറാൻ ഇപ്പോ display മാറാൻ നടക്കുവാ,Negative
വിവോ x സീരിയസ് വാങ്ങരുത് പണി കിട്ടും😢😢😢😢,Negative
Sample photo കണ്ടിട്ട് അത്ര പോരാ,Negative
ഈ തൊലിഞ്ഞ ഫോണിന് 85k 🥴.Not worth for the price 👎🏻,Negative
ഇതെടുത്തു വെറുതെ ക്യാഷ് കളയല്ലേ 😩apple13 എടുത്തോളൂ,Negative
ഇപ്പോൾ Snapdragon But 888-8gen 1 വരെ ഇറങ്ങിയ ഒന്നും കൊള്ളില്ല..,Negative
ക്യാമറ ഏറ്റവും മോശം ഓപ്പോ8 T എന്ന ഫോണാണ്,Negative
Back view (camera part) ഒരു ബോർ ആയി തോന്നിയത് എനിക്ക് മാത്രമാണോ???.ഞാൻ x60 upgrade ചെയ്യാൻ ആഗ്രഹിച്ചിരുന്നു but x60 യേ അപേക്ഷിച്ച് കൂടുതൽ എന്ന് എടുത്ത് പറയാൻ ഒന്നും തന്നെ എനിക്ക് കാണാൻ കഴിഞ്ഞില്ല. പിന്നെ ക്യാമറ portion കുറച്ച് maintan ചെയ്യൻ ബുദ്ധിമുട്ടാകും.,Negative
X70 pro ഉള്ള ഞാൻ.. മുടിഞ്ഞ വിലയും അതിന്റെ പകുതിപോലും feturesum ഇല്ലാത്ത സാധനം ആണ് വിവോ,Negative
ഓപ്പോ റെനോ8 T എന്ന കൂതറ ഫോണും ക്യാമറനോക്കിഎടുത്തതാണ് 108 mp അത് എടുത്തതോടെ ഞാൻഊമ്പി ഉമിഡിജിബൈസൺ എന്ന ഫോണിലുള്ള 48 mp Ai ക്യാമറയുടെ ക്വാളിറ്റി പോലുമില്ല,Negative
Viedio ഒഴിച്ചാൽ baki okke പോരാ. Xiomi 13 pro ithinum നല്ല macroyum mattum edukm,Negative
Flagship ഫോണുകളിൽ ഏറ്റവും മോശം ക്യാമറ output നൽകുന്നത് വിവോഫോൺ ആണ് നിൻറെയൊക്കെ തള്ള് കേട്ട് vivox80pro എടുത്തു മൂഞ്ചിയ ഞാൻ,Negative
Lcd display.. കളഞ്ഞു 🤦‍♂️,Negative
"&quot;Lcd&quot; display , അതിൽ തന്നെ എല്ലാം തീർന്നു",Negative
Azuz zenfone 9 ന്റെ design copy😭,Negative
Camera വളരെ മോശം,Negative
"Bro, then how can you say that &quot;there is no problem &quot; with poco phone...?..Everyone says &quot;പോക്കോ&quot; അല്ല, വെറും &quot;പോക്ക് &quot; ആണ്...!!",Negative
ഇപ്പളും പഴഞ്ചൻ വാട്ടർ drop ഡിസ്പ്ലേ 😏😏👏🏻,Negative
Realme hanging ഉണ്ട്..പിന്നെ network reception പോര,Negative
എന്തൊക്കെ ആയാലും അവസാനം water drop display 🤷‍♂️,Negative
ചേട്ടാ കാര്യമറിയാതെ വെറുതെ പറയരുത്...Iqoo phones തല്ലിപ്പൊളി ആണ്‌..,Negative
Software user interface ൽ iqoo phones വെറും തോൽവി ആണ്. വെറും വേസ്റ്റ്.,Negative
9pro plus realme.ലാഗാ,Negative
എന്തുണ്ടായാലും Waterdrop notch 👎,Negative
കണ്ണ് പൂട്ടി വാങ്ങാൻ പറ്റില്ല phone ബോർ ആണ്,Negative
Funtouch എനിക്ക് വേണ്ട...അതാണ് പ്രശ്നം.,Negative
"ക്യാമറ പോരാ 48mb, യുടെ ലോക്കൽ ഫോണിന്റെ ക്ലിയർ പോലും ഇല്ലാ",Negative
"ഈ പ്രൈസിലും Stereo Speakers, Ultra Wide Camera എന്നിവ ഇല്ലാത്തത് വളരെ നിരാശാജനകമായി. Curved Display ഒഴിവാക്കിയാലും പ്രശ്നമില്ലായിരുന്നു.",Negative
"3.5mm ജാക്ക് ഇല്ല , nfc ഇല്ല, മെമ്മറി കാർഡ് സപ്പോർട്ട് ഇല്ല, stereo speaker ഇല്ല ... പിന്നെന്തു അടിപൊളി",Negative
yes true. Mono speaker ആണ് thannirikkunathu. Sound quality is poor. Again no NFC in Iqoo&#39,Negative
1200 instond touch Sampling Rate വെറും Gymic ആണ് 🫤.360 ഒക്കെ കിട്ടിയാൽ ഭാഗ്യം 🤗,Negative
എന്തൊക്കെ ഉണ്ടെന്നു പറഞ്ഞിട്ട് എന്ത് കാര്യം? Amoled display ഇല്ലലോ 👎👎,Negative
കാശ് കൊടുത്ത് പരസ്യം Pocket ൽ ഇടു നടക്കേണ്ട ആവശ്യം ഇല്ല.,Negative
കോക്കാ കോളയോ കഞ്ഞിവെള്ളമോ കൊടുത്താലും ഇവന്മാർ ജന്മത് AMOLED കൊടുക്കത്തില്ല 🙏🙏🙏,Negative
Poco പോക്കാ ബ്രോ 😜🤣🤣.അനുഭവം ഗുരു 👌,Negative
Sr software update ചെയ്തു അപ്പോള്‍ camera quality കുറഞ്ഞു Samsung m62 anne phone any solution for that need a help,Negative
Front കാമറ ദുരന്തം... X70 pro plus കണ്ടതാണ്.. Same pich...4k യും ഇല്ല stablization ഉം ഇല്ല Quality ഉം കാണില്ല.. Heating എങ്ങിനെ ഉണ്ടെന്ന് കണ്ടറിയണം... ഒരു 5000 mah ബാറ്ററി എങ്കിലും കൊടുക്കാമായിരുന്നു.,Negative
heating പ്രോബ്ലം കൂടുതലാണ്,Negative
Camera oriented ഫോണിൽ stebilisation ഇല്ലെങ്കിൽ പിന്നെന്തിനാ 🤕🤢,Negative
"ഇതൊക്കെ കാണുമ്പോൾ Samsung നെ എടുത്തു കിണറ്റിൽ ഇടാൻ തോന്നുന്നു.1lakh19k ൽ Case, Charger, ഒന്നും ഇല്ല 🤮",Negative
ഫോണിന്റെ വില അറിഞ്ഞാപ്പോൾ ഞെട്ടി. ഇതിലും നല്ലത് samsung annu,Negative
Design കൊള്ളത്തില്ല 😐💔,Negative
Vivo phone ൽ gesture navigation ചെയ്യുമ്പോൾ bottom left and right swiping ൽ apps switching ഇത് വരെ implement ചെയ്തിട്ടില്ല. മറ്റെല്ലാ കമ്പനികളും അത് ചെയ്തിട്ടുണ്ട്. ഇത് വളരെ ഉപകാരപ്രദമായ ഒന്നാണ്. ഈയൊരു കാരണം കൊണ്ട് മാത്രമാണ് ഞാൻ വിവോ ഫോണുകൾ വാങ്ങികാത്തത്. .Funtouch OS is improved. ഇതിനെ കുറിച്ച് നിങ്ങൾ ഒരു വീഡിയോ ചെയ്യുമോ?,Negative
May Be Over Priced ആണെന്ന് തോന്നുന്നു 😒,Negative
Vivo y21 വാങ്ങിച്ചു ചവറു ഫോണ്‌ അത് ഒഴിവാക്കി samsung A53 5g എടുത്തു സൂപ്പർ phone,Negative
എന്തായിട്ടെന്താ IP protection ഇല്ലല്ലോ,Negative
Add കൂടുതലാണ്,Negative
2 മാസം camara നല്ലത് പോലെ നിക്കും അതുകഴിഞ്ഞു ഉംഫും 100%,Negative
എന്റെ വശം രണ്ടെണ്ണം ഉണ്ട് . Not Working... Display complaint,Negative
ചുരുക്കി പറഞ്ഞാൽ 7 pro പോര,Negative
പിന്നെ call കിട്ടാത്ത pixel experience വളരെ മികച്ച ഒരിതാണ് 😆,Negative
ചുരുക്കം പറഞ്ഞാൽ ഈ phone ഒരു തോൽവി ആണ് അല്ലെ ?,Negative
ഇത്രയും വില ഉള്ള ഫോൺ ആകുമ്പോ..fast charging ഇല്ലാത്തത് മോശം ആയി പോയി...also network issue,Negative
എന്റെ Samsung ഇന്നും പ്രശ്നം വരുന്നുണ്ട് Network ൽ 🙁,Negative
ഞാൻ pixcel 7 pro ആണ് ഉപയോഗിക്കുന്നത് വിത്ത്‌ jio sim. എപ്പോഴും emergency calls only എന്ന് കാണിക്കും. Restart ചെയ്തിട്ടും ഒരു മാറ്റവും ഇല്ല,Negative
"Nte പൊന്നോ...pixel nnu kelkumbam പേടിയാ...ഒരു moonjiya 6a medichitt odukkathe battery draining 😭...chumma കൊണ്ട് നടക്കാം use ചെയ്താൽ 5 hrs ൽ 30%😭😭...bhayankara advanced updation aanu, Oro updation um Oro hour kooduthal draining...bhayankaram thanne",Negative
S10 Exynos variant ആണേൽ battery backup kittoola snapdragon variant ആണേൽ എടുക്കാം,Negative
എന്തൊക്കെ പറഞ്ഞാലും charging സ്പീഡും battery backup ഉം pixel ശോകം തന്നെയാ ഇപ്പഴും,Negative
Design ഇഷ്ടപ്പെട്ടില്ല 🚀,Negative
"സ്പീക്കർ പോരാ .ഗെയിമിംഗ് ഫോൺ അല്ല .facelock പോരാ . .ആകെ പറയുന്നത് സ്മൂത്ത് ആണ് സ്മൂത്ത് ആണ് എന്ന് ....85k..Vedio startingil oru youtubere ntho parayunnath kandu .Ath thanne thirich parayan ollu 👍🏻..നിങ്ങളെ എല്ലാവരും ഐഫോൺ വിരോധി എന്ന് പറയണപോലെ , നിങ്ങളെ ന്തേലും പറഞ്ഞാൽ ഐഫോൺ ഫാൻ ആക്കുവായിരിക്കും അല്ലെ 😁",Negative
"കണ്ടിട്ട് ഇഷ്ടപ്പെട്ടില്ല. ഇന്റർഫേസ് തീരെ പ്ലെയിൻ ആയി തോന്നി. 30-40 ന് ഉള്ളിൽ തന്നെ വില പരമാവധി നിന്നാൽ പരിഗണിക്കാം. സാംസങ് exynos തന്നെ അഡ്ജസ്റ്റ്മെന്റിൽ ഗൂഗിൾ ചിപ്പ് ആയിട്ട് ഇറക്കിയത് ശരിയായില്ല. Pixel 12, 14 ഒക്കെ വരുമ്പോൾ പരിഗണിക്കാം. തല്ക്കാലം മാണ്ട",Negative
Weight ഇക്ക കുറവാ but ഒരു hype enu ഉള്ള sathnam ഇല്ല video ekka comparing with iphone ok ok .ente tesla aa pi phone onnu pettanu ഇറക്കമോ 😢😮😮😮എന്നിട് വേണം അത് poye എടുക്കാൻ😅,Negative
Pixel ഫോണിൽ നമ്മുടെ നാട്ടിൽ network issue undo എന്ന് ഒന്ന് പറയാമോ.,Negative
Gaming phone alla speaker 🔊 sound പോരാ.ക്യാമറ മപ്പ് ഒരു രക്ഷയും ഇല്ല.,Negative
എനിക്ക് display ക്ക് ഒരു complaint വന്നു. Service നോക്കിയിട്ട് കിട്ടിയില്ല. വേറെ പ്രശ്നം ഒന്നും ഇല്ല.,Negative
നിലവിൽ ഇല്ല എന്നാണ് എനിക്ക് മനസ്സിലായത്. Pixel 5 ൽ ഒരു problem വന്നിട്ട് അന്വേഷിച്ചപ്പോൾ India യിൽ ഇല്ലാത്തത് കൊണ്ട് എനിക്ക് ഒന്നും ചെയ്യാൻ പറ്റിയില്ല. Pixel 5a ക്കും future ൽ India യിൽ launch ചെയ്യുന്ന phones നും ചിലപ്പോൾ service ഉണ്ടാകും.,Negative
Memory വളരെ കുറഞ്ഞു പോയി...🧐,Negative
koppann s22 ultra iphon 14 pro ivayude aduth polum vakkan kollilla ok aake ullath better software experience athra thanne,Negative
ഇതും charger എടുത്ത് കളഞ്ഞ,Negative
angu talli marikuvanallo evidunn kitti arivu..3yr os update ullu..5 year security update um…,Negative
Notch ഭയങ്കര bor,Negative
Waste phone ഈ കാലത്ത് ചെറിയ ഫോൺ വലിയ വിലക് ആരാ എടുക്കാ ലോട്ടറി അടിചു കാശ് കിട്ടിയാലും ഞാൻ എടുകൂല 😁,Negative
ഞാൻ ഇപ്പൊ 11 ആണ് use ചെയ്യുന്നത് 12 mini വാങ്ങണമെന്ന് വിചാരിച്ചതാണ് ഇനി വേണ്ട thanks,Negative
Note10plus നെ . വെല്ലാൻ ഇവൻ പോര..,Negative
than you tube തന്നെ അടിച്ചു നോക്ക് comparison 😀😀😀 70000 രൂപ ക്കു വാങ്ങിക്കുന്ന ഫോണിന് full സ്‌ക്രീൻ ഡിസ്‌പ്ലൈ ഇല്ല പിന്നെ ക്യാമറ ആണ് ഉദേശിച്ചത്‌ എങ്കിൽ . ഇ വിലക്കു dslr ക്യാമറ വാങ്ങിക്കാം 😀😀 അതിനെ പകുതി വില കൊടുത്താൽ . ആൻഡ്രോയ്ഡ് ഫോൺ കിട്ടും എന്തായാലും ഇ പ്രൈസിന് i phone ഒരിക്കലും value for money അല്ല,Negative
ഞാൻ use ചെയ്യ്തത് 1 ഫോൺ 7 ആയിരുന്നു ഇപ്പോൾ s9 plus very happy ഐഫോൺ ടോട്ടൽ waste,Negative
verum പൊട്ടൻമാത്രം ആണ് ഇപ്പോൾ i ഫോൺ എടുക്കുന്നത് . 64000 രൂപ ഫുൾ screen ഡിസ്പ്ലേ ഇല്ല. വെറും 21000 രൂപ മാത്രം ഉള്ള redmi phonun ആയിട്ടു ഒരു speed camparison നടത്തിയപ്പോൾ ചിരി ആണ് വന്നത് എല്ലാ വർഷം apple ന്റെ പ്രോസസ്സർ 20%speed എന്ന് ഒക്കെ പ്രോമിസ് ചെയ്‌യും. പക്ഷ വെറും ചൈന ഫോൺനോട് പിടിക്കാൻ പറ്റുന്നില്ല .അങ്ങനെ കുറെ പൊട്ടന്മാർ എല്ലാ വര്ഷവും വഞ്ചിക്കപെടുന്നു,Negative
ഐഫോൺ 11 ഡിസ്പ്ലേ 10k പ്രൈസ് വരുന്ന ഫോൺ ഡിസ്പ്ലേ ആയിട്ട് മാത്രമേ compare ചെയ്യാൻ പറ്റു.. 70k പ്രിസിൽ വരുന്ന ഫോണിന്റെ ഡിസ്പ്ലേ 720p ips lcd 🤣🤣.. 14k മുതൽ വരുന്ന മിക്ക ഫോണിനിനും 1080 Amoled ഡിസ്പ്ലേ ആണ് വരുന്നത്.. അത്‌ വച്ചു ഒന്ന് compare ചെയ്തു നോക്ക് 720p lcd display ആണൊ 1080p Amoled display ആണൊ നല്ലത് എന്ന് brok അപ്പോൾ മനസിലാകും.. ഒരു പ്രേമിയും ഫോണിന് അറ്റ്ലീസ്റ്റ് ഫുൾ hd ഡിസ്പ്ലേ എങ്കിലും വേണം. Brand വച്ച് ആളെ പറ്റിക്കാൻ ആപ്പിൾന് മാത്രമേ പറ്റു.. ഞാൻ ഇത് പറയാൻ കാരണം iphone xr മേടിച്ചു വെറുത്തു പോയതാണ് ആ ഡിസ്പ്ലേ,Negative
ബാക്കി എല്ലാം ഒക്കെ . But 64gb and display വല്യ പോരായിമ ആണ്. . 70k Price വരുന്ന ഫോണിന് 720p lcd display. no fast charging. ഇങ്ങനെ ആൾക്കാരെ brand വച്ചു പറ്റിക്കാൻ apple നാ പറ്റുവൊള്ളൂ 😂😂,Negative
720P display ആയതാണ് ഇതിന്റെ main പോരായ്മ,Negative
നോക്കിക്കോ samaung അല്ലെ എത്ര വല്യ റാം ആണേലും ഹങ് ആവും,Negative
പുതുതായി ഐ ഫോൺ 7 എടുക്കുന്നവരുടെ ശ്രദ്ധയ്ക്ക് .പരമാവധി ഈ i phone 7 എടുക്കാതിരിക്കുക. കാരണം ബാക്ക് ക്യാമറ അത്രക്ക് പോരാ കൂടാതെ പെട്ടെന്ന് തന്നെ ഫിംഗർ പോകാൻ സാധ്യത കൂടുതൽ ആണ് ഇത് എന്ത് കൊണ്ടും എടുക്കാതിരിക്കുക. ഈ പ്രശ്നം നല്ല രീതിയിൽ 7 ൽ കാണുന്നുണ്ട്,Negative
ഇത്രയും രൂപ കൊടുത്ത് വാങ്ങുന്ന ഫോണിൽ LCD display oru poraymma Thane anu,Negative
Mi A1 ഏഴയലത്തു എത്തില്ല i phone ക്യാമറ,Negative
Overpriced ആണല്ലേ🤔,Negative
thank u bro... Now I am in QRS... അവർ പറഞ്ഞു display porannu...,Negative
M21 എടുത്തോളു A21s ന്റെ പ്രോസസ്സർ മോശമാണ് കൂടാതെ ഡിസ്‌പ്ലേയും.,Negative
വെറും 1850 mAh മാത്രം.👎.night mod ഇല്ല.,Negative
Iphone se ആപ്പിളിന്റെ അടുത്തുള്ള ഐഫോൺ 8 ഓൾഡ് സ്റ്റോക്ക് ആയിട്ട് ടോണുന്നുണ്ടോ customere പറ്റിക്കാൻ പ്രോസസറും മറ്റും മാത്രം മാറി എന്നെ ullu,Negative
ബ്രോ ഇപ്പോൾ ഈ ഫോൺ വാങ്ങുന്നത് മഹാ വിഡ്ഢിത്തരം എന്ന് ഞാൻ പറയുകയുള്ളൂ 42000 രൂപയ്ക്ക് ഇതിൽ കിട്ടുന്നത് വെറും one amps ചാർജർ അതും രണ്ടരമണിക്കൂർ പിന്നെ bezzelലുള്ള ഡിസ്പ്ലേ old fashion അതും കൂടാതെ റെറ്റിന ഡിസ്പ്ലേ ഇല്ല amoled ഡിസ്പ്ലേ ഇല്ല.,Negative
Android phone slow ആകുന്നതല്ല company slow ആക്കുന്നതാണ് അല്ലാതെ processor ന്റെ യോ hardware ന്റെ യോ കുഴപ്പമല്ല,Negative
ഇതിലും നല്ലത് 11 ആണ്. Flipkart ല് ഓഫർ ഉണ്ട് 48999🙄🙄🙄🙄🙄🙄,Negative
ശെരിയാണ് bro light കുറവുള്ളപ്പോൾ camera performance കുറച്ചു മോശം ആണ്,Negative
"ബ്രോ, ഇത് വായിക്കാതെ പോവല്ലേ.... ഞാൻ ഈ കഴിഞ്ഞ ഏപ്രിൽ (2021) മാസമാണ് പുതിയ iphone 11 pro (fresh piece ) വാങ്ങിയത്. ഈ May 10 ആയപ്പോൾ തന്നെ battery health പെട്ടന്ന് 99% ആയി കുറഞ്ഞു. എന്താ സംഭവിച്ചത് എന്ന് ഒരു പിടിയും ഇല്ല, വാങ്ങിച്ച ആദ്യ ആഴ്ചകളിൽ screen time നല്ല പോലെ കിട്ടിയിരുന്നു(ഏകദേശം 1 1/2 ദിവസം ഒക്കെ കിട്ടിയിരുന്നു ). But ഇപ്പോൾ വളരെ കുറവ് ആണ്, ഒരു 4 1/2 hour കിട്ടുന്നുള്ളു. മാത്രവുമല്ല ഇപ്പോൾ battery settings ഇൽ ഒരു important message പറഞ്ഞത് ഒരു മെസ്സേജ് വന്നിട്ടുണ്ട് (നമ്മടെ ബാറ്ററി സർവീസ് ആവുമ്പോൾ വരുന്ന മെസ്സേജ് പോലെ ) ഞാൻ അതിന്റെ കൂടെ കിട്ടിയ 18 w fast charger തന്നെ ആണ് use ചെയ്യുന്നത്. ഞാൻ game പോലും ഈ ഫോണിൽ കളിക്കാറില്ല. Iphone 12 എടുക്കാൻ അവസരം ഉണ്ടായിട്ടും അത് വാങ്ങാതെ 11pro ഇഷ്ട്ടപെട്ടു വാങ്ങുകയാണ് ചെയ്തത് (12 നെ കാളും വിലയും കൊടുത്തു ) iphone 11pro, 256 GB, space gray color variant ആണ് വാങ്ങിയത്. ആകെ ടെൻഷൻ ആയിരിക്കുകയാണ്, എന്തെങ്കിലും ഒരു solution പറഞ്ഞു താ ബ്രോ,..please….😔☹️🙏",Negative
ios 14.5.1 updation ശേഷം phone full lag und bro Game okke crash aayi frame Drop Adikunnu🥺 any solution [iphone 11pro max],Negative
ഇതിൽ എനിക്ക് ഇഷ്ടപ്പെടാത്തത്. സ്ക്രീൻ ൽ മുകളിൽ കാണുന്ന സ്പീക്കർ അത് ഉള്ളത് വീഡിയോ നെ കവർ ചെയുന്നു. Iphone 12 il അങ്ങിനെ തന്നെ,Negative
വലിയ notch പരമ ബോറാണ്. Full display experience കിട്ടില്ല. ബാക്കി എല്ലാം ok,Negative
ഞാൻ iphone green കളർ 128gb എടുത്തിട്ട് നാല് മാസം ആവാനായി.നീയെന്തിനാണ് ഐഫോൺ എടുത്തത്.ആദ്യമായിട്ട് എടുത്തതാണ് ഞാൻ.എടുത്തു കഴിഞ്ഞപ്പോഴാണ് ദുരന്തം ഫോൺ എന്ന് മനസ്സിലായത്.battery health എത്ര പെട്ടെന്നാണ് തീരുന്നത്.ഒരു gaming പോലും ഞാൻ കളിക്കാറില്ല.only yutube middle user ആണ്.എന്നിട്ടും ഇതിന്റെ ബാറ്ററിയെ ഓർത്തു പേടിച്ചു പേടിച്ചു യൂസ് ചെയ്യണം.oneplus എടുക്കാൻ ഇരുന്ന ഞാൻ കുറച്ചാളുകളോട് ചോദിച്ചു വാങ്ങാമെന്ന് കരുതിയതാ.കുറച്ചാളുകൾ oneplus ആണ് നല്ലതെന്ന് പറഞ്ഞെങ്കിലും കൂടുതൽ ആളുകൾ iphone എന്ന് പറഞ്ഞു.അപ്പോഴാണ് ഒരു കാര്യം മനസ്സിലായത് കൂടുതലും iphone പ്രേമികളാണെന്ന്.ഈ ഐഫോണിനെ പുകഴ്ത്തുന്നവർ വൻ തള്ളുകൾ മാത്രം.വെറുതെ 70k കാശ് പോയി.oneplus എടുത്താൽ മതിയായിരുന്നു.ഇനിയിപ്പോ പറഞ്ഞിട്ടെന്ത് കാര്യം.തലവിധി😑,Negative
"എന്റെയും iphone 11 green ആണ്.പക്ഷെ battery വെറും ശോകമാണ് ഇപ്പൊ.14.4 update ചെയ്ത് 5 ദിവസം കൊണ്ട് 2% battery health ആണ് നഷ്ടപ്പെട്ടത്👌wow🤷‍♂️ iphone king എന്ന് പറയൂ,ഇ ക്ക്‌ലാ സിന്താബാദ്🔥",Negative
14.4 update ചെയ്തപ്പോ 5 ദിവസം കൊണ്ട് 99 ൽ നിന്ന് 97 വരെ 2% നഷ്ട്ടപ്പെട്ടു എനിക്ക്.iphone king എന്ന് കഷ്ടപ്പെട്ട് പറയുന്നവരുടെ അവസ്ഥ സത്യമാണെന്ന് ഇപ്പോഴാണ് മനസ്സിലായത്.,Negative
correct.portrait ശോകമാണ്.പിന്നെ battery ഹെൽത്തും.,Negative
njan 11 ന്നാണ് കാണുന്നെ.എന്നാലും പറയുവാ 13 ഇറങ്ങുമ്പോഴേക്കും കാത്തിരിക്കുന്ന iphone പ്രേമികള്‍ക്ക് heart attack വന്ന് ചത്ത് പോകുമെന്നാണ് തോന്നുന്നെ.കാരണം price⚰️,Negative
bro ചാർജറിൽ അല്ല കാര്യം.ഇതിന് ഒരോ update വരും.ചില update ന് battery നിൽക്കും.ചില അപ്ഡേറ്റിന് battery യും ഹെൽത്തും പെട്ടെന്ന് തീരും.ഞാനും 20w ആണ് ഉപയോഗിക്കുന്നത്.14.4 update ചെയ്തപ്പോ എന്റെ battery health 5 ദിവസം കൊണ്ട് 2% ആണ് നഷ്ടപ്പെട്ടത്.,Negative
ബാറ്ററി 8 മാസം കൊണ്ട് 91percent ആയി ..തീരെ മോശം ആണ് ബാറ്ററി,Negative
Bro reply.11 epozhum nalla option allea.... Ente kayil one plus 9 aanu camera perfomamce പോരാ ☹️,Negative
Samsung ൻ്റെ യുഐഒരു വകക്കും കൊള്ളില്ല,Negative
"Charger ,earpod ഇല്ലാആഹാ അന്തസ്സ് 😀😀",Negative
7 outdated അല്ലെ,Negative
ആ ബാറ്ററി 1821 mAh ആയതാണ് ഇതിൻറെ പോരായ്മ,Negative
ഇതിലും നല്ലത് 15000 k ഉള്ള ഏതു ഫോണും ഇതിനെക്കാൾ ബെറ്റർ ആണ് 🙄,Negative
Full screenpol പോലുമില്ല😂😂ശോകം,Negative
1850 mAh ..gamingന് കിട്ടിയിട്ടൊരു കാര്യവുമില്ല.,Negative
"6s യൂസ് ചെയ്ത് പവർബാങ്ക് രണ്ടെണ്ണം വാങ്ങി, due to that flagship processor i think battery backup gonna be pathetic in SE, and the display is another big let down for me.. BTW great review❤️",Negative
"മൊബൈൽ വീഡിയോ ഗ്രാഫിയിൽ. focus hunting വലിയ പ്രശ്നം ആണ് , apple അപ്ഡേഷനിലൂടെ അത് പരിഹരിച്ചില്ലെങ്കിൽ വീഡിയോ ഗ്രഫി ഉദ്യേശിച്ചു se വാങ്ങുന്നവർ ശശി അകാൻ സാദ്ധ്യത ഉണ്ട്",Negative
ഒരു ഐഫോൺ x യൂസർ : ഇത്രേം പൈസ കൊടുത്തു 4 കൊല്ലം മുൻപുള്ള മോഡൽ ഡിസ്‌പ്ലേയും ഒക്കെ ആയിട്ടുള്ള ഈ സാദനം വാങ്ങുന്നവനെ പറഞ്ഞ മതി . ഇത് ഐഫോൺ x ഇറങ്ങയപ്പോ സ്റ്റോക്ക് ഉള്ള ഐഫോൺ 8 പ്രോസസറും മറ്റും മാറ്റി ഇറക്കിയ പോലുണ്ട്,Negative
"S E വാങ്ങണമെന്ന് ആഗ്രഹിച്ചതായിരുന്നു, 2020ൽ ഇറക്കിയ ഒരു ഫോണിൻറെ ഡിസ്പ്ലേ ഇങ്ങനെയിറക്കിയതിനോട് വളരെ പുഛം.... അതുകൊണ്ട് വേണ്ടെന്നുവെച്ചു .",Negative
ഇതിലും detail ആയിട്ടുള്ള ഒരു review സ്വപ്നങ്ങളിൽ മാത്രം .വളരെ നല്ല അവതരണം.ഏതൊരു ആൾക്കും വളരെ പെട്ടന്ന് മനസ്സിലാക്കാൻ സാധിക്കുന്നു .Loved it 😍😘.എല്ലാ വിധ ആശംസകളും നേരുന്നു 👍,Negative
Iphone se യുടെ കുറെ റിവ്യൂ കണ്ടിരുന്നു. നിങ്ങളുടെ റിവ്യൂ എനിക്ക് ഇഷ്ട്ടപെട്ടു. അടിപൊളി 👌,Negative
ശരിക്കും Apple 5G implement ചെയ്യാമായിരുന്നു.. Samsung ഒക്കെ already ഇറക്കി.. So iphone now failed to their future,Negative
Design അത്ര പോര.back കാമറ ഒന്നു സചെറുതാക്കി ഒരേ ലൈനിൽ കൊടുക്കായിരുന്നു..,Negative
ഐഫോണിൽ usb type c പ്രതീക്ഷിച്ചത് വെറും മണ്ടത്തരം ..കാരണം ഐഫോണിന്റെ ചാർജിങ് പോർട്ട് അവർക്ക് സ്വന്തം,Negative
"Buying this phone is like buying a new bullet classic..വികാരം....വെറും വികാരം...with pricing of 1.3 lakhs avg this phone lacks charger, earbuds and 5G..If they needs a business class or elite class customers, they also need 5G atleast...Maybe apple thinks business men and mobile networks other than US, are not worthy enough... കമ്പനിക്ക് ഷട്ടറിടുമ്പോ പഠിച്ചോളും 😏",Negative
പോരായിക ഒന്ന് പറയാമോ s20 അൾട്രാ ആയിട്ടു ആപ്പിൾ മുട്ടുകൂത്തും,Negative
Cash poi makkale cash pokum കച്ചറ ഫോൺ,Negative
ഒരു കാശിനു കൊള്ളില്ല ..... സാംസങ് s20 അൾട്രാ പൊളി സാനം,Negative
"ഹരീഷ് ഭായ്, താങ്കൾ പറഞ്ഞത് പോലെ ചാർജർ അവോയ്ഡ് ചെയ്തത്, ഒരു പോരായ്മ തന്നെയാണ്.. പക്ഷേ ആപ്പിൾ എന്തെങ്കിലും പ്ലാൻ ചെയ്തിട്ടുണ്ടാവും... for better tomorrow... nice video man! താങ്കളുടെ എല്ലാ വിഡിയോസും കാണാറുണ്ട്...unboxing ഇങ്ങനെ മനോഹരമായും ഇൻഫർമേറ്റീവും ആയി ചെയ്യണം.. all the best 🤝🤝🤝",Negative
Apple ചെയ്തത് തെണ്ടിത്തരം ആയി പോയി😤,Negative
iPhone 11ൽ plastic peeling ayirunnu.Ennal ee yearil paper peeling aan,Negative
എനിക്കും വളരെയധികം വിയോചിപ്പ് ഉണ്ട്..ചാർജർ illaathathil,Negative
<b>Vera level standard</b> 😍.അടുത്ത തവണ സ്റ്റീലിന്റെ അതിപ്രസരം കുറക്കാൻ sim ejector pin കൂടി ചിലപ്പോ ഒഴിവാക്കുമായിരിക്കും😝😜,Negative
Apple ജനങ്ങളെ pattikkukayanu,Negative
ഇങ്ങനെ പോയാൽ Charging Port ഉം ആപ്പിൾ എടുത്തു കളയും,Negative
"But pc apps ഉപയോഗിക്കാൻ കയിഞ്ഞില്ലെൽ പിന്നെ ഇത്രയും price kodutthu വാങ്ങുന്നതിനേക്കാൾ നല്ലത് .ഒരു regular lap വങ്ങലയിരിക്കും.എന്നാല് pr ,Ae like apps upayokikkallo. i pad l kine master.Pole ആപേക്ഷികമായി ചെറിയ തല്ലെ പറ്റൊല്ലു",Negative
"വാങ്ങി one month ഉപയോഗിച്ച്. ചെറുതായൊന്ന് നിലത്തു വീണു .display crack veenu..ഇനി repair cheyyan 30,000 ആകും .Quality poor ആണ്. onnu veenal display പോകും",Negative
ഇതിൻ്റെ ബാറ്ററി 1yr ആവുമ്പോഴേക്കും capacity കുറയില്ലെ. അപ്പൊൾ ബാറ്ററി replace cheyyaan പറ്റുമോ. അതോ new airpods വാങ്ങണോ,Negative
"ബാറ്ററി ബാക്കപ്പ് വളരെ മോശം ,കാര്യമായി ഒരു Notification ഉം sync ചെയ്യാൻ കഴിയില്ല. ചെയ്താൽ ബാറ്ററി ഗോവിന്ദ... വെറും SMS Notification മാത്രം use ചെയ്താൽ 4 മണിക്കൂറിൽ കുടുതൽ ഉപയോഗിക്കാൻ കഴിയില്ല. അതിനിടക്ക് ഒന്നോ രണ്ടോ Call ചെയ്താൽ ബാറ്ററി ഉടനെ Dry ആവും Real time heart rate monitoring നെക്കുറിച്ച് ആലോചിക്കുകയേ വേണ്ട!.ചുരുക്കി പറഞ്ഞാൽ നിങ്ങൾക്ക് workout ചെയ്യുന്ന സമയത്ത് മാത്രം Use ചെയ്യാം.",Negative
അതാ ഞാനും കരുതിയ 3000mah ഉണ്ട് എന്നിട്ടും 14 hours backup only?!,Negative
"Ax7 വേസ്റ്റ് ക്യാമറ ആണ്. യൂട്യൂബ് വ്ലോഗ് ചെയ്യുന്നവർ ദയവായി ഈ സാധനം മേടിക്കല്ലേ. ടെമ്പ്രേച്ചർ കൂടുമ്പോൾ ഓഫ് ആയി പോകുന്നത് വമ്പൻ പരാജയം. മാത്രമല്ല ഷൂട്ട് ഒന്നും തന്നെ കമ്പ്ലീറ്റ് ചെയ്യുവാൻ ഈ ക്യാമറയിൽ സാധിക്കില്ല. ചാർജ് പെട്ടന്ന് തന്നെ തീരും. വളരെ മോശം ബാറ്ററി കപ്പാസിറ്റി ഉള്ളൂ. ഈ സാധനം എനിക്കും എന്റെ 2 ഫ്രണ്ട്സ് ഉണ്ട്. അവർക്ക് 2 പേർക്കും, എനിക്കും വേറെ ക്യാമറ വാങ്ങേണ്ടി വന്നു. ഈ സാധനം ഇപ്പോൾ ഞാൻ ഫോട്ടോ എടുക്കുവാൻ മാത്രമേ ഉപയോഗിക്കൂ 🤣 അല്ലാതെ ഒരു ഗുണവും ഇല്ല. മൂന്നാർ പോകുമ്പോൾ തണുപ്പുള്ള സ്ഥലങ്ങളിൽ ഈ ക്യാമറ പെട്ടന്ന് ബാറ്ററി തീരുകയും, ഹീറ്റ് കൂടുകയും ചെയ്യുന്നു. അങ്ങനെ കുറച്ചു പ്രശ്നങ്ങൾ ഉണ്ട്. അത് കൊണ്ട് ആണ് ഇപ്പോൾ ഓൺലൈൻ സർവീസുകൾക്ക് കമ്പനി ഓഫർ വിലക്ക് ഈ സാധനം വിൽക്കുവാൻ കൊടുക്കുന്നത്. സത്യത്തിൽ ആർക്കും വേണ്ടാ. അതാണ്‌",Negative
ഞൻ canon 70d ആണ് യൂസ് ചെയുന്നത് സെറ്റിങ് എല്ലാം പ്രോപ്പർ ആണ് manuval സെറ്റിങ് അതുപോലെ priset എല്ലാം try ചെയ്‌തു bt qulity downgrade ആയി പോകുന്നുണ്ട് നമ്മൾ eye കൊണ്ട് കാണുന്ന vishul qulity പോലും വീഡിയോ എടുത്തു കഴിയുബോൾ കിട്ടുന്നില്ല,Negative
ഞൻ ഈ ക്യാമറ വാഗിച്ചു bt നിങ്ങൾ പരാജതു പോലെ ഉള്ള ഒരു vishul qulity എനിക്ക് കിട്ടുന്നില്ല,Negative
ഹരിയേട്ടാ... സുഖമല്ലേ മുഖമായിരുന്നു എന്നുകരുത്തുന്നു . വിഡിയോയിൽ അവതരണവും ക്വലിറ്റിയും സൂപ്പർ ഫ്യൂജിക്കു ഉള്ള പ്രോബ്ലം ഞാൻ കണ്ടത് ബാറ്ററിയാണ് ഈ ക്യാമറക്ക് കൂടുതൽ ഉണ്ടോ....റിപ്ലൈ തരുമോ ഞാൻ വാങ്ങാൻ ഉദ്ദേശിക്കുന്നു,Negative
റെഡ്മി 10 pro വാങ്ങി 6 മാസം കൊണ്ട് മെയിൻ ക്യാമറ സ്വയമേ അടിച്ചു പോയി.... ഒരു മങ്ങൽ ഫോട്ടോ മാത്രം....,Negative
Oppo F11 pro 4 years ayi heating problem മാത്രം,Negative
ഇതിനെക്കാളും കുറച്ചു കൂടെ feteres ulla redmi xiaomi mobile tha,Negative
രണ്ടു മാസമായി ഉപയോഗിക്കുന്നു. സെറ്റിന് ചൂടുകൂടുതലാണ്. net on ആകുമ്പോൾ ചൂടാകാൻ തുടങ്ങും ...,Negative
അപ്ഡേറ്റിന്റെ കാര്യം ഓര്മിപ്പിക്കല്ലേ എന്റെ പൊന്നോ note 10 pro😭,Negative
ചത്താലും Mi ടെ പിറകെ പോകില്ല....Poco x3 pro എടുത്തിട്ട് പണി കിട്ടിയതാണ്...!,Negative
"1 year കഴിഞ്ഞാൽ അടിച്ചുപോവും, either ക്യാമറ ബാറ്ററി or anything for sure",Negative
"ചത്താലും Dimensity എടുക്കരുത് , സ്ലോ ആകും",Negative
എന്റെ ബ്രോ എടുക്കല്ലേ എന്റെ chunk എടുത്ത് പണി കിട്ടി ഇരിക്കുവാ പ്ലീസ് എടുക്കല്ലേ ഒരു റിക്വസ്റ്റ് ആണ്,Negative
@ ismail vasil എൻറെ കയ്യിൽ മുന്നേ ഇരുന്ന് ഫോൺ poco X 3 നല്ല ഫോൺ ആയിരുന്നു ഒരു updation കൂടി എല്ലാം പോയി . റിയൽ 9 പ്രോ പ്ലസ് ഫിംഗർ എങ്ങനെയാണ് ഫാസ്റ്റ് ആണോ,Negative
എന്ത് പറയാൻ 6 മാസം പോലും ആയിട്ടില്ല ഫോൺ യൂട്യൂബ് കാണുമ്പോൾ സ്റ്റക്ക് ആവും സർവീസ് സെന്റർ കൈയൊഴിഞ്ഞു 🤣🤣 Thanku xiamomi,Negative
Note 10 eduthu... cam തേഞ്ഞു... ആകെ pokachil,Negative
കഴിഞ്ഞ വർഷം Redmi note 11 വാങ്ങി.. ക്യാമറ തീരെ പോര...,Negative
custom rom support നെക്കുറിച്ചാണ് ഞാൻ പറയുന്നത്.mediatek ഇൽ support കുറവാണെന്ന്...Motherboard issue snapdragon/mediatek ന്റെ പ്രശ്‌നമല്ല..Xiaomi hardware ന്റെ പ്രശ്നമാണ്.,Negative
എൻറെ ഫോൺ poco m2pro ആണ് .ഇപ്പോൾ രണ്ടുമൂന്ന് അപ്ഡേഷൻ ചെയ്തതിനു ശേഷം ഫോൺ തന്നാലെ വോളിയം കൂട്ടലും കുറക്കലും സ്വിച്ച് ഓഫ് ആക്കി ഓണാക്കുമ്പോൾ ഫാസ്റ്റ് റോബോട്ടിംഗ് കാണിക്കുന്നു ഞാൻ ഫോണെടുത്ത് ഒരു കൊല്ലം ആയിട്ടില്ല,Negative
Realme 9 pro+ with curved display realme മണ്ടന്മാർക്ക് ഇറക്കിയാൽ മതിയായിരുന്നു അതിനുപകരം ഉള്ള എല്ലാം എടുത്ത് കളഞ്ഞു 🥲എന്നിട്ട് display മാത്രം തന്ന്,Negative
ഇതിൽ mediatek chipset ആണ്.അതുകൊണ്ട് custom rom support എത്രയുണ്ടാവുമെന്ന് അറിയില്ല.ഉണ്ടായാൽ തന്നെ stable ആവാനും chance കുറവാണ്.പിന്നെ റിസ്കും കൂടുതലായിരിക്കും...NB:Redmi phones അടിച്ചു പോയതിന്റെ കാരണം miui അല്ല.അത് മനസ്സിലാക്കിയാൽ കൊള്ളാം.,Negative
ഞാൻ വാങ്ങിച്ച അനുഭവത്തിൽ പറഞ്ഞതാ ബെറ്ററി ടെ കാര്യത്തിലാ ബോർഡ്‌ കാര്യം ത്തിലെ കമ്പിനിക്ക് ഒരു കാര്യം പറയാൻ ഉണ്ടാവില്ല എത്ര കാലം നിൽക്കും നിൽക്കില്ല എന്ന് അവരിയ്ക്ക് തന്നെ അറിയാം അതുകൊണ്ട് മാസം തോറും മൊബൈൽ ഇറക്കി കൊണ്ടിരുന്നത് poco ഇറങ്ങിയ സമയത്ത് ഞാൻ ബയഗര ഫാൻയിരുന്നു എന്ന് പറയാം ഇത് ഉപയോഗിച്ച് കഴിയുബോൾ ഇതിന്റെ പ്രശ്നം മനസിലാകുന്നത്,Negative
Redmi താല്പര്യം ഇല്ലാ പേടിയാ വാങ്ങിക്കാൻ redmi സബ് ബ്രാൻഡ് ഉപയോഗിച്ചിരുന്ന ആളാണ് ഞാൻ poco x2 22500 വാങ്ങിച്ച മൊബൈൽ ആണ് 1 വർഷം കൊണ്ട് അടിച്ച് പോയി full ആദ്യം ബോർഡ്‌ അടിച്ച് പോയി പിന്നെ bettary 2 പ്രാവിശ്യം മാറി അടുത്ത് ക്യാമറ അടിച്ചുപോയി,Negative
Pulikkal game onnum കളിക്കാതെ പോലും battery nikkunnille,Negative
"കൊപ്പണ്, ഇവനെ പോലുള്ളവരുടെ തള്ളു കേട്ട് ഒരെണ്ണം വാങ്ങി. Huawei p30 ഉപയോഗിച്ച് കൊണ്ടിരിക്കുന്ന എനിക്ക് ഇപ്പോഴാണ് America എന്തിനാണ് Huawei യെ നിരോധിച്ചത് എന്ന് മനസിലായി. Huawei മാത്രമല്ലേ performance ല് american (iphone) models ന് ഭീഷണി അവുള്ളു..എടാ കൊപ്പെ ഇടക്കെങ്കിലും Huawei P series ഉം Mate series ഉം ഉപയോഗിച്ച് നോക്കണം...😡😡😡😡",Negative
Phone വരേ ചൂടായി തുടങ്ങി ഇനി തെറി വിളിക്കുന്നത് എന്നാവോ 🙃😶,Negative
"സാംസങ് ഒരു വര്ഷം കഴിജ്ജൽ പകുതി വില ആകും ആർക്കും വേണ്ടാത്ത അപ്ഡേറ്റ് ഇല്ലാത്ത ഒരു പേപ്പർ വെയിറ്റ് ആയി മാറും, സ്ക്രീൻ failure സാദാരണ കാര്യം ആയി മാറി",Negative
Samsung ന്റെ Paid promotion,Negative
"വളരെ മോശം ഫോണാണ് ആരും ട22 സീരീസ് ഫോൺ വാങ്ങരുത് പെയ്ഡ് പ്രമോഷനിൽ പെട്ട് കാശ് കളയരുത് . ഫ്രീ ബുക്കിങ്ങ് ചെയ്ത ആളുകൾക്ക് വരെ ഇത് സാംസങ്ങിന് കൊടുത്ത് കൊടുത്തു തീർന്നിട്ടില്ല.OLX ൽ 50 ൽ പരം ഫോണുകൾ പകുതി വിലക്ക് കൊടുക്കാനുണ്ട് ഞാൻ 2 ആഴ്ച മുമ്പ് 85000 രൂപക്ക് വാങ്ങിയ ഫോൺ 60.000 രൂപക്ക് തരാം. 25000 കുറവ് ആർക്ക് വേണം ഈ ഫോൺ , ഒരു ലക്ഷത്തിന്റെ അൾട്രാ 80000 രൂപക്ക് OLX ൽ കിട്ടാനുണ്ട്. ഇവൻ മാർ പറയുന്നത് കേട്ട് ചാടരുത്.ക്യാമറ വളരെ വളരെ മോശo",Negative
എന്തെന്ത് വിടലാണ് ഇഷ്ടാ..!.one plus ഉം iqoo തുടങ്ങിയ phones ഒന്നും ഉപയോഗിച്ചിട്ടില്ലേ ..?.എല്ലത്തിലും ഒരു under performing device. ...ആകെ ഒരു Plus point ഉള്ളത് ട Pen ഉം പിന്നെ e-sim ഉം.ബാക്കി മെച്ചമായിട്ടൊന്നും തന്നെ പറയാനില്ലാ..!,Negative
ഭായങ്കരം അയി ചുട് അകുന്ന ഉണ്ട് bro ഗെയിം കളിക്കുബോ,Negative
Network reception എങ്ങനെയുണ്ട് ? വാങ്ങിയിട്ടുള്ള എല്ലാ Samsung മൊബൈലിലും network reception issue ഉണ്ടായിട്ടുണ്ട്.,Negative
"Camera ക്ക് ചുറ്റും dust വലിയ ബുദ്ധിമുട്ട് ആണ്, ബയങ്കര സ്ലിപ്പെറി ആണ്",Negative
ip68 water resistance എന്ന് പറഞ്ഞിട്ട് മഴ നനഞ്ഞപ്പോൾ വെള്ളം കയറി വാങ്ങിയിട്ട് 14 ഡേയ്സ് ആയിട്ടില സർവീസ് സെൻ്റെറിൽ കൊടുത്തിട്ടുണ്ട് എന്താണ് response എന്ന് നോക്കട്ടെ,Negative
Cash modakkunathalle athaaa....... വലിയ വില kodukkendivarum വലിയ വില 🥺,Negative
Samsung എല്ലാം ഉഷാറാണ് .. പക്ഷെ ഒരു 6 മാസം കഴിഞ്ഞാല്‍ ബാറ്ററി ഗുധാ ഗവ ..,Negative
Charger കളഞ്ഞു ഇനി സിം കൂതുന്ന സാധനവും നാളെ കലയും അപ്പോഴും എന്തിന്നന്ന് അറിയാത്ത കുറെ paper waste ഉണ്ടാവും,Negative
"Guys don&#39;t buy the 6/6pro or 7/7pro.. I have been using 6 for one and a half years now. Main problem is that camera crasj &amp; occasional restart while using camera or any random application. Same problem is there with 7 series. The issue is the chip I guess. Pixel നന്നവണമെങ്കിൽ Tensor should be based on Snapdragon, not Exynos...The only reason why I haven&#39;t changed this phone is the still photography. Mostly during cold weather. My phone restarts while using the camera but still I love the camera. നല്ല വല്ലോ ഓഫർ ൽ S23Ultra കിട്ടിയാൽ അത് എടുക്കണം എന്ന് ആഗ്രഹിക്കുന്നു...എൻ്റെ use കാനഡ ൽ ആണ്, ഈ crash/bugs/restart ഒകെ തണുപ്പ് കാലത്ത് മാത്രം ആണ് അത് എന്താ അങ്ങനെ ന്ന് അറിയില്ല....പക്ഷേ നാട്ടിലും UAE ലും ആണെങ്കിൽ നല്ല ഹീറ്റിങ് പ്രോബ്ലം ഉണ്ടാവും.. Chipset ആണ് പ്രശ്നം",Negative
ഇത്രയും ഒക്കെ വില കൊടുത്തിട്ട് ഇവറ്റകൾ ക്ക്‌ ഒരു charger തന്നൂടെ... എന്നതാ ചില samtphone ഒക്കെ ങ്ങനെ,Negative
Pixel 6 use chaiyunna ആരെങ്കിലും ഉണ്ടോ... ചാർജ് അകൻ ഒരുപാട് സമയം എടുക്കുന്നു 24W charger..,Negative
ഫോൺ ഒട്ടും കൊള്ളില്ല കാരണം ചാർജർ ഇല്ല.ഫിംഗർപ്രിന്റ് slow ആണ്.വീഡിയോ കൊള്ളില്ല,Negative
SNAPDRAGON ഇല്ലാതെ എന്ത് google/apple ഫോൺ..... 😂🤣😂,Negative
Samsung മോശം 64000 കൊടുത്തു s20 2020 march എടുത്തതാ ഇപ്പ കേടായീ flickering issue service centre ചെന്നപോ 15000 കൊടുത്തു display മാറ്റണം എന്ന് അത് അല്ല വിഷയം ഞാൻ പൊന്നു പോലെ നോക്കി സംരക്ഷിച മൊബെലാ കൈയിൽ നിന്ന് വീണിട്ട് പോലും ഇല്ല പിന്നെ എങനെയാ green flickering issues വന്നത് എന്ന്,Negative
Amazonil third-party sale ഉണ്ടാവും കത്തി വില ആയിരിക്കും.Pixel 5 poleaa,Negative
Chip short ആണെന്ന് 🤔.90% വരാൻ പോകുന്നില്ല എന്നാണ് കേൾക്കുന്നത്...🥲 Pixel 6 🥰,Negative
Oneplus ആകെ ഒരു അവസ്ഥയിലായി. പണ്ടൊക്കെ എന്തായിരുന്നു,Negative
ആരും വാങ്ങരുത് realme phone. Vangi 2 year kond motherboard പോയി 👎👎👎👎👎👎👎👎👎👎👎👎👎👎👎👎👎👎👎👎👎👎👎👎👎👎👎👎👎👎👎,Negative
"എനിക്ക് ഒരു പ്രശനം തോന്നിയത് ആപ്പിന്റെ നെറ്റ് ഓഫ്‌ ആക്കി ഇട്ടാലും നോട്ടിഫിക്കേഷൻ വരുന്നു,",Negative
"ആൻഡ്രോയ്ഡ് 13 അപ്ഡേറ്റ് ചെയ്തോ, ഞാനും ഗെയിം കളിക്കാറില്ല , battery setting ൽ ഹിറ്റിംഗ് എത്രയാ കാണിക്കുന്നത്, 40, ഒക്കെ വരുന്നുണ്ടോ ഇപ്പോൾ, എല്ലാരും പറയുന്നത് കേട്ടാണ് പേടി, snapdragon 888 ന്റെ ആണ് എന്ന്, s21fe എടുക്കാൻ ഇരുന്നതാ സാംസങ് അത് തേപ്പ് പെട്ടി ആണ് പോലും.. 😄",Negative
"എങ്ങനെ ഉണ്ട് ഇപ്പോൾ, എല്ലാരും ഹീറ്റിങ് ഇഷ്യൂ എന്ന് പറയുന്നു..",Negative
Bro phn seen undo.. njan eduthu എന്തോ ഒരു madupp thonnunnu,Negative
RMX3312_11_C.09 | Official version.Realme GT 2 ൽ വന്ന ഈ New Update ആരും ചെയ്യരുത്. BUG 🪲 ആണ്. Display അടിച്ച് പോകും. Service Centre ൽ നിന്നും അറിയിച്ചതാണ്...എൻ്റെ ഫോൺ അടിച്ച് പോയി.,Negative
ഇപ്പൊ flipkart 27k...🙃,Negative
realme ഓപ്പോ sub ബ്രാൻഡ് ആണെന്ന് പറയുന്നു . കൂടിയ വിലയിൽ നിലവാരം കുറഞ്ഞ ഫോൺ വിൽക്കുന്ന കമ്പനികൾ ആണ് ഓപ്പോ വിവോ ആൻഡ് realme . എന്നിട്ടും ഇത്‌ എന്തിനു പൊക്കി പിടിക്കുന്നു ?,Negative
3.5mm jack ഇല്ല എന്ന ഒറ്റ കാരണത്താൽ ഈ Phone വാങ്ങുന്നില്ല എന്നു വച്ച ഞാൻ 😁😁,Negative
Android 13 updation ശേഷം memory card read ആകുന്നില്ല.,Negative
എന്റെ പൊന്നോ samsung വാങ്ങല്ലേ ഗുയ്സ്‌. ഒരു വർഷം ആയില്ല അടിച്ചപ്പോയി 😂,Negative
Bro ഞാൻ 3 മാസം ആയി ഉപയോഗിക്കുന്നു. ഫോൺ ഭയകരമായി ചൂടാവുന്നുണ്ട്.Call ചെയ്യുമ്പോൾ ആണ്.അതികം ടൈമ് ആവണം എന്നൊന്നും ഇല്ല. വീഡിയോ കൊർച് ടൈമ് എടുത്താൽ നല്ലോണം ചൂടാവുന്നുണ്ട്,Negative
📷 ശോകം. LCD display ഉള്ളു. ഇതൊക്കെ അഡ്ജസ്റ്റ് ചെയ്യാം OnePlus experience കിട്ടും എന്നൊക്കെ ചിന്തിക്കുന്നവർക്ക് എടുക്കാം,Negative
i phone ആയിട്ട് compare ചെയ്യാൻ പറ്റില്ല bro അത്രക്ക് quality പ്രതീക്ഷിക്കണ്ട.. Camera ആണ് focus ചെയ്യുന്നതെങ്കിൽ ഇതിന്റെ കൂടിയ variant ഉണ്ട് Oneplus nord 2T അതായിരിക്കും കുറച്ചുംകൂടി better,Negative
"എന്തായാലും lg, nokia, samsung, sony ഇതിന്റെ അടുത്ത് ഒന്നും ഇല്ലാത്ത എന്ത് ഉണ്ട് എന്ന് പറഞ്ഞാലും എനിക്ക് ഇഷ്ടമല്ല ഞാൻ വെറുത്ത് പോയ ഫോൺ ആണ് 1+",Negative
Update el പ്രശ്നം ഒണ്ട് bro green lines vertical ആയി varunondduu....,Negative
Android 13 ഇറങ്ങാറായിട്ടും ഇത് 11 ൽ തന്നെ ഇറക്കിയേക്കുന്നോ.. 🙄,Negative
"❗️❗️❗️❗️❗️❗️❗️❗️❗️❗️❗️❗️❗️❗️.Broo ഒരു മോശം experience nothing phone 1 ൽ നിന്നും ഉണ്ടായി.👎🏻. പെട്ടെന്ന് ഒരു ദിവസം phone ലെ &quot;fingerprint sensor&quot; missing ആയി. അങ്ങനെ ഒരു option പോലും settings ൽ ഇല്ല..ഒരു patch update വന്നപ്പോഴെങ്കിലും ready ആവുമെന്ന് വിചാരിച്ചു..ഒരുപാട് ആഗ്രഹിച്ചു എടുത്ത phone ആണ്.. മുൻപ് iphone5 se ആയിരുന്നു..4 kollam used ഇന്നേ വരെ ഒരു പണി തന്നിട്ടില്ല iphone..അതിലെ &quot;finger print&quot; ഒക്കെ phone തലകുത്തനെ വീണിട്ടും ഒരു കോപ്പും സംഭവിച്ചില്ലാരുന്ന്..ഇപ്പോഴും perfectly ഓക്കെ..But ഒന്ന് android ലേക്ക് മാറാം എന്ന് വിചാരിച്ചു പണി കിട്ടി.. എടുത്തിട്ട് ഇപ്പൊ ഒരു 2months below ആയുള്ളൂ.. nothing experience disappointed 🙁👎🏻👎🏻..ഇതിനു റെഡി ആകാൻ എന്തെങ്കിലും വഴി ഉണ്ടെങ്കിൽ.. Pls help 😒.<a href=""https://photos.app.goo.gl/ymaTWnTxMZsBAHek7"">https://photos.app.goo.gl/ymaTWnTxMZsBAHek7</a>",Negative
Android 12 beta version കേറ്റി പെട്ടുപോയി വേറെ update വന്നിട്ടില്ല......😣,Negative
ഏത് എടുത്താലും xioami 12 pro എടുക്കരുത്... Most wasted phone in the world....,Negative
ഈ ഫോൺ എടുത്ത് സ്പീക്കർ കംപ്ലയിന്റ് ആയ ഐറ്റം ആണ് കിട്ടിയത്. നേരെ റിട്ടേൺ അയച്ചു. ഇനി മേലാൽ tecno എടുക്കുല.,Negative
"Lava അരെടുത്താലും അവർ അതെടുക്കുന്നത് അവസാന എടുപ്പയിരിക്കും, കാരണം ഇജ്ജതി moonjiya ഫോൺ എൻ്റെ ജീവിതത്തിൽ ഞാൻ എടുത്തിട്ടില്ല.... Lava എടുക്കാൻ ആർക്കെങ്കിലും ആഗ്രഹം ഉണ്ടെങ്കിൽ അത് നിങ്ങള്ക് നല്ലതല്ല..",Negative
"<a href=""https://www.youtube.com/watch?v=kty9z1ws8e8&amp;t=8m08s"">8:08</a> മാക്രി camera😂😂😂",Negative
മാക്രി camera 😂😂,Negative
ആരും ചുമ്മ തന്നാൽ പോലും realme 10pro+ എടുക്കരുത് 2മാസം ഉപയോഗിച്ച് പണി കിട്ടി ഒരു കാശിനും കൊള്ളില്ല കാശ് പോയി അത്ര തന്നെ,Negative
വളരെ മോശം.45 ഡേയ്‌സ് ആയി eduthittu. വാട്സ്ആപ്പ് കാൾ ഒന്നുo ഇല്ലങ്കിൽ എടുത്തോളൂ. ക്യാഷ് ഒരുപാട് ഉണ്ടെങ്കിലേ ഈ ഫോൺ എടുക്കാവു,Negative
ഞാൻ 2 പ്രാവശ്യം realme മേടിച്ചു disappoint ആണ്. മേടിച്ചിട്ട് 6 മാസം വരെ ഹാങ്ങ്‌ ഇല്ല നല്ല camera... പിന്നെ kaana👍🏻oro👍🏻കംപ്ലയിന്റ്. ഇത്രേം വൃത്തികെട്ട company. I never recommend realme.,Negative
ഞാനൊരു poco x3 pro edththath mother board അടിച്ചു പോയി എന്നിട്ട് warranty und but അവർ ഒരു മാസമായിട്ടും കിട്ടിയില്ല don&#39,Negative
"Realme ഒരിക്കലും എല്ലാംതികഞ്ഞ ഫോൺ കൊടുക്കാറില്ല.., എല്ലാം ഉള്ളതുപോലെ തോന്നിക്കും ബട്ട്‌ അത്യാശ്യമുള്ള ഏതേലും എടുത്തുമാറ്റും, 4exm: Realme 10 pro plus &amp; Realme 9pro plus, ഒന്നിൽ നല്ല cam ഇല്ല മത്തേതിൽ നല്ല disply ഇല്ല",Negative
Redmi note 12 Pro ആണ് use ചെയ്യുന്നത്... ദാരിദ്യം ക്യാമറ ആണ് ബ്രോ... Front cam aanenki പണ്ടത്തെ vga പോലെയുണ്ട്... Don&#39,Negative
സോഫ്റ്റ്‌വെയർ update ചെയ്താൽ മൂഞ്ചും 😏... Realme 6 ആയിരുന്നു ഞാൻ ആദ്യം use ചെയ്തിരുന്നത്... Updation ചെയ്തു ഊമ്പി... ശേഷം realme gt 2 ആണ് ഇപ്പോ അതും ആൻഡ്രോയ്ഡ് 13 വന്നപ്പോ update ചെയ്തു... മൂഞ്ചി ഇരിക്കുന്നു... ഫോൺ സ്വയം ഇങ്ങനെ മിന്നൽ അടിക്കും ഇടക്ക് 😂... അതോടെ realme എന്നാ ഫോൺ ഞാൻ ഇനി എടുക്കില്ല... ക്യാഷ് ഇല്ലാത്തത് കൊണ്ട് ഇങ്ങനെ പോകുന്നു 🙂,Negative
Wooo woooo 🥱🥱🥱.Cabile ഇല്ലാത്ത കാര്യം നീ അറിയില്ലായിരുന്നോ .പശു വാങ്ങുമ്പോളും നീ അതിന്റെ കണ്ണ് വരെ test ചെയ്താണല്ലോ വാങ്ങാറ് . എന്ന് ഇക്രു മോൻ 3 b🤨.60000ത്തിന് ഇല്ല.😂😂😂😂😂😂,Negative
govo te ഹെഡ്സെറ്റിന്റെ കൂടെ കിട്ടി അറുപതിനായിരം രൂപ കൊടുത്തു വാങ്ങിയതിൽ കിട്ടിയില്ല why bro 🤔🙆,Negative
Old radio പോലുണ്ട് 😀😀😃,Negative
ആ തൊലിഞ്ഞ UI,Negative
IPhone companyയെ തൂറി എറിയാറായി. ചാത്തൻ ഫോൺ,Negative
2020 ൽ ഇറങ്ങിയ ONEPLUS 8 Pro യിൽ റിവേഴ്‌സ് ചാർജിങ് ഉണ്ടായിരുന്നു. ഇപ്പോൾ 13 പ്രൊ മാക്സ് യൂസർ ആണ്😊,Mixed Feelings
ഈ തീപ്പട്ടി വലിപ്പത്തിൽ അല്ലാതെ ഒരു സിക്സ്. SEVAN ഇഞ്ചിൽ ഇറക്കാൻ പറയു നല്ലതാണ് ഈ വലിപ്പം ഒരു എടുപ്പാണ്,Mixed Feelings
Boxinte കൂടെ type c to type c cable മാത്രം വരുന്നുള്ളൂ. ഒന്നുംകിലെ nothing charger വാങ്ങാം അലെങ്കിൽ ഓൾഡ് ചാർജർ use cheyam.,Mixed Feelings
Touch ID ഉള്ളത് താഴെ അല്ലെ .മുകളിലെ നോച്ചി ഒഴിവാക്കാമായിരുന്നു,Mixed Feelings
90s Kid ഐഫോണിൽ ഞാൻ ഒരു ലൈറ്റ് യൂസർ ആണ്. അതുകൊണ്ട് കുഴപ്പമില്ല. ഒരു ദിവസം കിട്ടും. ഹെവി യൂസ് അല്ലങ്കിൽ അവറേജ് യൂസർ ആണെങ്കിൽ പോലും സെക്കണ്ടറി ഫോൺ ആയി നോക്കുന്നത് ആണ് നല്ലത്. ചവറായി ഉപയോഗിക്കാൻ ഒരു ഫോണും. പിന്നെ അത്യാവശ്യം നെറ്റ് ഉപയോഗിക്കാനും കൊണ്ടുനടക്കാനും കൊമ്പാക്ട് ആയ നല്ലൊരു ഫോൺ. അത്ര പ്രധീക്ഷിച്ചാൽ മതി.,Mixed Feelings
"COMMENTARY BoX Ipad 6th Gen &amp; iPad 7th Gen are available under 30k . ..iPad &gt; iPad Air &gt; iPad Pro അങ്ങനെ ആണ് റേറ്റ് കൂടുന്നേ . .സാധാ ഉപയോഗത്തിന് iPad മതി . .പഠിക്കാനും , വീഡിയോ കാണാൻ അതുപോലത്തെ ആവശ്യത്തിന് 6th/7th gen ധാരാളമാണ്",Positive
tablet നോക്കുന്ന ബഡ്ജറ്റ് ബോയ്സ് 6th Gen / 7th Gen നോക്കൂ .അണ്ടർ 30k കിട്ടും . ..andorid ടാബ്ലറ്റ് വാങ്ങി മൂഞ്ചണ്ട .,Positive
"Samsung note 10 plusil super aayi work cheyunnund, water resistant ningal endha parayanjadhu, android usersinum idhu use cheyam, ningal adhu നിരുത്സാഹപ്പെടുത്തിയത് എന്തു കൊണ്ടാണ് ?",Positive
റിവ്യൂ കണ്ടു മേടിക്കുക യും ചെയ്തു.Noice cancellation awesome ❤,Positive
As usual... അന്യായ ക്വാളിറ്റി 👌,Positive
എന്റെ കയ്യിൽ ഉണ്ട് 64 GB,Not_relevant
പൊന്നു മാഷേ ഇത്രയും quality ഉള്ള video ഇട്ടിട്ടും വെറും 5K views in one day ... pls maintain it ... അധികം താമസിക്കാതെ you will get million views for sure on your channel and that much subscribers,Not_relevant
SE യുടെ പെർഫെക്റ്റ് ഡീറ്റെയിൽസ് വീഡിയോ കണ്ടതിൽ വെച്ച് ഏറ്റവും ഇഷ്ടമായത്. ഒരു രക്ഷയും ഇല്ല ബ്രോ all the very best 😍,Not_relevant
ആദ്യമൊക്കെ ഒരുപാട് videos കാണുമായിരുന്നു.... ചേട്ടന്റെ reviews കണ്ടു തുടങ്ങിയതിനു ശേഷം.. അത് തന്നെ വേറെ ഒന്ന് നോക്കേണ്ട ആവശ്യം ഇല്ല....fully detailed ആയി പറയുന്നു... NyC OnE 👌,Not_relevant
മച്ചാനെ നിങ്ങളെ സ്ലാങ്ങും വോക്കലും എക്സ്പ്ലനേഷനും കിടുവാണ് .+ ടെക്ക് സൂപ്പർബ്,Not_relevant
ഇതിന്റെ വില parayado,Neutral
Ram um camerayum tammil entenkilum ബന്ധം undo,Neutral
Phone camera clarity കൂട്ടാൻ എന്തു ചെയ്യണം,Neutral
ഫോൺ heat ഉണ്ടോ??,Neutral
ഇതിന് ഫ്രണ്ട് ക്യാമറ ഫ്ലാഷ് ഉള്ളതാണോ? 6gb,Neutral
പോക്കോ .എടുത്തിട്ടു തേഞ്ഞു നിൽക്കുന്ന ഞാൻ 🥲,Negative
Note 12 pro യില് ഈ മാസം miui 14 അപ്ഡേറ്റ് വരുമെന്നാണ് പറഞ്ഞിരുന്നത് എന്നാൽ ഇതുവരെ ഒന്നും കണ്ടില്ല,Negative
80 ആയിരം കൊടുത്തു mi എടുക്കുന്ന കഴുതകൾ 😂,Negative
"<a href=""https://www.youtube.com/watch?v=WSibyoXeqKc&amp;t=10m30s"">10:30</a>....ultimate പുച്ഛം for apples🍎 🤣🤣🤣",Negative
ഇത് നിന്റെ 30000 കുളുവയുടെ mid range ഫോൺ അല്ല.. Xiaomi ഫ്ലാഗ്ഷിപ് ഫോൺ ആണ്.. നീ ഒരു ഫ്ലാഗ്ഷിപ് പ്രീമിയം ഫോൺ യൂസർ ആണേൽ ഇത് പറയില്ല..അവന്മാരുടെ ആകെ ഒരു പ്രശ്നം സോഫ്റ്റ്‌വെയർ ആണ്..,Negative
നഷ്ടം illa bro but 5G alla 4G aanu mathrm,Mixed Feelings
ബ്രോ 3 months ആയി യൂസ് ചെയ്യുന്നു.. ഇതുവരെ ഒരു കുഴപ്പവുമില്ല..എന്റെ ഫോണ് കണ്ട് ഇപ്പൊ 3 പേര് കൂടെ എടുത്തിട്ടുണ്ട്....@rakesh മെമ്മറി കാർഡ് ഇടാൻ പറ്റില്ല,Mixed Feelings
"ഞാൻ 2 years ആയി poco M2 Pro ഉപയോഗിക്കുന്നു. Android 10 ആയിരുന്നു വാങ്ങിയ പോൾ ഇപ്പോൾ Android 12 , Miui 13 ആയി. Updation problems അല്ലാതെ മറ്റൊരു തരത്തിലുള്ള problems ഉം ഈ phone ന് ഇല്ല, over heating, battery drain, charging problems ഒന്നും തന്നെ ഇല്ല..Overall it&#39;s good phone..പക്ഷേ poco M2 Proക് ശേഷം വന്ന poco phones കുറച്ച് കുഴപ്പക്കരാണ്..പിന്നെ നിങ്ങൾ പറയും പോലെ അത്ര hate ചെയ്യണ്ട ആവശ്യം ഒന്നുമില്ല.mi ഉം Jio യും വന്നില്ലായിരുന്നുവെങ്കിൽ .2GB Ram ന്റെ Phone 16000/- രൂപയ്ക്കു, 200MB internet 50/- രൂപയ്ക്കും വാങ്ങി നടക്കാമായിരുന്നു.",Mixed Feelings
Realme...ഇപ്പൊ 10 സീരീസ് വന്നിട്ടുണ്ട് ...അവരുടെ Realme UI MI യുടെ ui യെക്കാൾ നല്ലതാണു .. Mi ഫോണുകളുടെ ബോർഡിന് ഇപ്പൊ ഒരുപാട് പ്രശ്നങ്ങൾ കാണുന്നുണ്ട് ..,Mixed Feelings
I ഫോൺ blur ഇതിന്റെ അത്രക്ക് പോര കട്ട ശോകം ആണ് 13pro blur കയറി വരുന്നു but s22 പക്കാ ആണ്,Mixed Feelings
Bose s1 pro ആണെന്ന് തോന്നും Woburn 3 ക്കളും ബെറ്റർ,Mixed Feelings
സംഭവം കൊള്ളാം! പക്ഷെ അന്നും ഇന്നും നമുക്ക് Bang and Olufsen 💥,Mixed Feelings
MI A1 കിടിലൻ പോ ട്രൈറ്റ് ആയിരുന്നു തന്നത്.. ലൈറ്റിംഗ് ശരി ആണെങ്കിൽ ഒരു രക്ഷയും ഇല്ലാത്ത ഫോട്ടോകൾ.. .A1 ഉണ്ടായിരുന്നപ്പോൾ ഒരു പാട് ഫോട്ടോസ് എടുക്കുമായിരുന്നു... Upgrade ചെയ്ത് റിയൽമി GT ME എടുത്തു... പോ ട്രൈറ്റിൽ A1 ന്റെ അടുത്തെങ്ങും വരില്ല.i Miss Mi A1 camera. .Chinese brands il ettavm nalla camera xiaomi thanne,Mixed Feelings
"എൻ്റെ friend pixel 4 ഉപയോഗിക്കുന്നുണ്ട്... അതിൻ്റെ hepatics, sound output from speakers, UI experience ഒക്കെ പക്ക pwoli ആണ്... ഐഫോൺ, samsung S Series - ഇൽ ഒക്കെ കിട്ടുന്ന ഒരു ഫീൽ.. Google just nailed it.  ..ബാറ്ററി ഒക്കെ ഹെവി use ആണെങ്കിൽ ഒരു ദിവസം കഷ്ടി കിട്ടും... But far far better than iPhone SE... Or iPhone minis....ഞാൻ ഉപയോഗിക്കുന്നത് Redmi K20 pro ആണ്, Around 30000 ഉണ്ടായിരുന്ന ഫോൺ ആണ്.. but when comparing it&#39;s display - hepatics - sound output - UI experience even with Samsung&#39;s below 30k phones.. I feel sad. Xiaomi is Sub par in all sections.. except few areas in camera and performance... .. They&#39;re indeed Chinese craps.. but they put Indian smartphone market upside down with their crap phones.. I was a fanboi too, I will never buy a Xiaomi phone again... . .If you have 30k, just wait and add some money - go with flagships, use it for 4 years or more.. bcs in mid-range phones.You&#39;re missing out many great features",Mixed Feelings
"fentastic device, truly all rounder. Best camera, best display, best processor ( SD 865 ), steel/aluminium frame, stereo speakers, wireless charging and reverse charging, lP68 rating.Only drawbacks are :.8 bit display not 10 bit.Fast charging upto 25 Watt, my 15 watt take 1.30 hrs for full charge. Don&#39;t know about 25 Watt .It&#39;s a 1 year old Phone.So OS update 14 കിട്ടുമോ എന്ന് അറിയില്ല. But it&#39;s still currently manufacturing in India",Mixed Feelings
ഇതിലും ബെസ്റ്റ് amazfit GTS ആണ് 46 dayട Battery LiFe ഉണ്ട്. 20 days കിട്ടുന്നും ഉണ്ട് ഞാൻ use ചെയ്യുന്നുണ്ട്. നല്ല ബിൽഡ് കോളിറ്റി ആണ് അലൂമിനിയം. 28 gന wigth,Positive
Ee വിലക്ക് ഇത്രയും നല്ലൊരു ക്യാമറ 😮,Positive
Offer ഇപ്പോഴും ഉണ്ട്‌. വീഡിയോയിൽ പറഞ്ഞപോലെ ഇതുതന്നെയാണ്‌ ഈ ഒരു price range ൽ വാങാൻ പറ്റിയ ഏറ്റവും കൂടുതൽ features ഉള്ളതുമായ ക്യാമറ. 👍,Positive
Fuji xT200 മേനിക്കണം എന്ന് വിചാരിച്ചിരിക്കുവാ 😊..... കസ്റ്റമേഴ്സിനൊപ്പം നിൽക്കുന്ന വേറൊരു ബ്രാന്റ് ഇല്ലാ എന്നന്നെ പറയാം. ഹരീഷേട്ടൻ വീണ്ടും പൊളിച്ചു. 😍 . ക്വാളിറ്റി കിംഗ് 👌👌,Positive
"6.5 inch display വളരെ ഇഷ്ടപ്പെട്ടു, but വാങ്ങാൻ ഫണ്ടില്ല, അവസാനം xs Max വാങ്ങിച്ചു. ഹാപ്പി",Positive
Redmi note 4 ❤️ മായി എട്ടാം വാർഷികത്തിലേക്കു കടന്ന ഞാൻ 😀.. ഇതു വരെ ഒരു കംപ്ലൈന്റും ഇല്ല.. ഒരു മാസം മുമ്പ് ബാറ്ററി മാറി.. അതും ഒറിജിനൽ കിട്ടാൻ പാടുപെട്ടു.. ഇനി ബാറ്ററി കിട്ടില്ല 😃,Positive
" ഒരു കുഴപ്പവും ഇല്ല നല്ല ഫോൺ ആണ്,നെറ്റവർക്ക് അടിപൊളി,heat താരതമ്യേന കുറവ് അൽപ്പം ഹെവി ആണ് ബാറ്ററി കൊള്ളാം 100/88 വരെ കൊടുക്കാം",Positive
"Redmi 4a എത്ര കൊല്ലവായിന്ന് എനിക്ക് പോലും അറിഞ്ഞുകൂടാ, വേരെ ഫോൺ വാങ്ങിയെങ്കിലും ഇപ്പഴും thee❤️❤️",Positive
"നെറ്റവർക്ക് നല്ല പോലെ കിട്ടും heat കുറവുണ്ട്,സാംസങ് s 21 fe കറങ്ങി കറങ്ങി മടുത്തു ചൂടും കൂടുതൽ exchange cheythu ഇതിന്റെ പ്ലസ് എടുത്തു നെറ്റവർക്ക് സൂപ്പർ",Positive
ഇവിടേം same bro note 8 pro 🔥🔥🔥,Positive
സാംസങ് s 21 fe കറങ്ങി കറങ്ങി മടുത്തു ചൂടും കൂടുതൽ exchange cheythu,Negative
@rakesh മെമ്മറി കാർഡ് ഇടാൻ പറ്റില്ല,Negative
I ഫോൺ ഇതിലും better,Negative
I ഫോൺ blur ഇതിന്റെ അത്രക്ക് പോര കട്ട ശോകം ആണ് 13pro blur കയറി വരുന്നു,Negative
എന്തുതന്നെ ആയാലും Xiaomi myr🙏🏻🙏🏻,Negative
ഞാൻ redmi note 9 pro ആണ് use ചെയ്യുന്നത്. But after software update വെറും ശോകം. Camera യുടെ quality വളരെ അധികം ശോകമായി 🥴🥴🥴,Negative
Charger ഇല്ല😂,Negative
പൂച്ചം 😂 OVERLOAD 🎉,Negative
കൂറ watch ആരും pooy വാങ്ങരുത് 🥲,Negative
ഈൗ.... ഫോൺ നുമ്മക്ക് മാണ്ടാ... Mmm🙄😏,Negative
"Note 9 pro max ചെയ്യാമോ , ഈ ഫോണിന് over heating undo",Neutral
Water റെസിസ്റ്റൻസ് ആണോ,Neutral
എന്തൊരു തള്ളാടോ 😂😂😂ഇറങ്ങിയിട്ട് 4 year Aayollu 😂😂😂,Neutral
ഞാൻ new phone എടുക്കാൻ പോവാണ് A73 5g s21ultra eth edukkum.. Enik nalloru camera phone venam with nalla memory capacity 😊,Neutral
Selfi എങ്ങിനെയാ കൊള്ളാമോ,Neutral
A73 5g / S 21 fe 5g ഏതാണ് better,Neutral
A73or A52s ഏതാ ആ നല്ലത്,Neutral
Deares Samsung A12ഏങ്ങനെ?,Neutral
ഇതിൽ ഓട്ടോമാറ്റിക് call റെക്കോർഡിങ് available ആണോ?,Neutral
Video stabilisation ഉണ്ടോ?,Neutral
thank you for Ur reply. വീഡിയോസ് ഒക്കെ കിടു quality aanu. All the best.,Not_relevant
സൂപ്പർ review bro,Not_relevant
ഇങ്ങളെ വല്ലാതെ മിസ്സ്‌ cheyynd,Not_relevant
Ente മോനെ.......,Not_relevant
യൂസ് ചെയ്ത ഫോണും ബ്രാൻഡ് new ഫോണും വച്ച് കംപാരിസൺ ചെയ്ത ഇങ്ങള് വേറെ ലെവൽ ആണ് 😃,Not_relevant
ഏതെരു ചാനലിലും ഇല്ലാത്ത brillient Quality 👌👌.❤️❤️.Really appreciate the effort..Keep going hareeshka...Literally you are inspiring me a lot.👍,Not_relevant
"ഇംഗ്ലീഷ് ചാനൽ ആണോ കാണുന്നത് എന്ന് ഓർത്തു പോയി . Ijjaathi ക്വാളിറ്റി വീഡിയോസ് . വീഡിയോ ഫുൾ കാണാൻ നിന്നില്ല ,സബ് ചെയ്തു 😍😍 ,",Not_relevant
ഇത്രേം കാലം ഇങ്ങനൊരു ചാനൽ കണ്ടില്ലല്ലോ... 😑.Anyway.Presentation level - 100%.Camera &amp,Not_relevant
"ആരും ഇയാളുടെ sub count കണ്ട് വിലയിരുത്താന് വരേണ്ട, ഒരുനാൾ ക്വാളിറ്റി content ഇല്ലാത്തതിന്റെ പേരിൽ പല ചാനലുകൾ തലകുതുമ്പോൾ ആ സമയത്ത് best മലയാളം tech channel എന്ന് ചോദിച്ചാൽ ഒരൊറ്റ ഉത്തരം മാത്രമേ ഉണ്ടാകും അധായിറിക്കും tec tok by hareesh ,.144p യില് കണ്ടാലും full hd video കാണുന പോലുണ്ട്❤️🔥..Keep going hareesh bro...We are Waiting for your 100k subcribers and play button unboxing ",Not_relevant
Aple watch kanan vendi alla.Ningalude avatharanam kanaan വന്നതാണെയ്.. അടിപൊളി spr,Not_relevant
ഞാൻ redmi note 9 pro ആണ് use ചെയ്യുന്നത്. എന്റെ അത്യാവശ്യം work കൾ ഒക്കെ നടക്കുമായിരുന്നു. But after software update വെറും ശോകം. Camera യുടെ quality വളരെ അധികം ശോകമായി 🥴🥴🥴,Mixed Feelings
S23Ultra = നരസിംഹം.S22Ultra = നാട്ടുരാജാവ്.പോസ്റ്റർ കണ്ടാൽ ഒന്നാണെന്ന് തോന്നും പെർഫോമൻസ് രണ്ടും രണ്ടാണ് 🙏,Mixed Feelings
ഒരു കൊല്ലം കഴിയുമ്പോൾ മനസിലാകും OnePlus തന്നെ ഭേദം എന്ന്... എന്ന് ഒരു poco യൂസർ 😪,Mixed Feelings
Apple നേക്കാൾ പൊളി SAMSUNG👌👌👌👌👌👌👌,Mixed Feelings
"Using Nubia Z11 from 2017, service problem ആണ്‌.... ബാക്കി ഒക്കെ ചുമ്മാ തീ.... ക്യാമറ, സ്പീഡ്, bezel curved display❤❤❤❤❤",Mixed Feelings
ഇതൊക്കെ എടുത്തു തോട്ടി കളയടെയ് ..ഒരു boat xtend മതി .. അത്യാവശ്യം എല്ലാ പരിപാടിയും നടക്കും ..10 ദിവസം ഒക്കെ സുഖമായി ഓടും .. ഐഫോണിന്റെ കൂടെ ഇതും കെട്ടി നടന്നാ ആപ്പിൾ വാച്ച് ആണെന്ന് തെറ്റിദ്ധരിക്കുകയും ചെയ്യും .. ഏത് ?😛,Mixed Feelings
Boult rover ആണ് bro ആ പ്രൈസിന് worth,Mixed Feelings
"Gt neo 3t നല്ല ഫോൺ ആണ്. നല്ല ബാറ്ററി ബാക്ക് അപ്, പെട്ടെന്ന് ചാർജ് ആവും, അപ്ഡേറ്റ് ഒന്നും ഇതുവരെ പണി തന്നില്ല. കാമറ ആവറേജ്.",Mixed Feelings
ഈ വിലക്ക് ഇതിലും നല്ലത് s22+ അല്ലെ വിലയും കുറച്ച് കുറഞ്ഞു 1st gen ആണെന്നെ ഉള്ളൂ ബാക്കിയെല്ലാം പുലി ❤️,Mixed Feelings
"Shazzam Bro .. <a href=""https://www.youtube.com/watch?v=PaoN74WXzo4&amp;t=10m37s"">10:37</a> 24 ഇഞ്ച്‌ പുതിയ iMac-ന് ആണ് RAM കൂട്ടാന്‍ പറ്റാത്ത പ്രശ്നം ഉള്ളൂ 27-ഇഞ്ച് iMac- with Intel Processor ന് RAM കൂട്ടാന്‍ പറ്റും . 27-ഇഞ്ച് iMac-ന് നാല് മെമ്മറി സ്ലോട്ടുകൾ ഉണ്ട്. അതില്‍ 8 GB 2666 MHz DDR4 മെമ്മറി രണ്ടോ അതിലധികമോ മെമ്മറി മൊഡ്യൂളുകളായി അതില്‍ ഇൻസ്റ്റാൾ ചെയ്തിട്ടുണ്ട്. ബാക്കിയുള്ള സ്ലോട്ടുകളിൽ കൂടുതല്‍ മെമ്മറി ഇൻസ്‌റ്റാൾ ചെയ്യാം . 4 GB, 8 GB, 16 GB, അല്ലെങ്കിൽ 32 GB മെമ്മറി മൊഡ്യൂളുകൾ ഉപയോഗിച്ച് 128 GB വരെ കൂട്ടാം . മാത്രമല്ല <a href=""https://www.youtube.com/watch?v=PaoN74WXzo4&amp;t=11m00s"">11:00</a> iMacല്‍ ക്രാക്ക്ഡ് അപ്ലിക്കേഷനുകള്‍ സിമ്പിള്‍ ആയി വര്‍ക്ക് ചെയ്യും . ഇല്ലെന്നു പറഞ്ഞത് എന്താണെന്നു മനസ്സില്‍ ആയില്ല. പിന്നെ വിന്‍ഡോസില്‍ ആയാലും മാക്കില്‍ ആയാലും ക്രാക്ക്ഡ് അപ്ലിക്കേഷനുകള്‍ ഒറിജിനലിന്റെ അത്രയും പെര്‍ഫോമന്‍സ് നല്‍കില്ല എന്നത് സത്യമാണ്. പക്ഷെ ഓസിനു കിട്ടുന്നത് കൊണ്ട് അതങ്ങ് സഹിക്കണം .",Mixed Feelings
Using 2 Xiaomi~mi Smart phones/ 1 Laptop/ Selfie stick/ Sensor /Headsets/ Bulb for a couple of years👌No problem സാധനങ്ങൾ✔️,Positive
ബ്രോ 3 months ആയി യൂസ് ചെയ്യുന്നു.. ഇതുവരെ ഒരു കുഴപ്പവുമില്ല..എന്റെ ഫോണ് കണ്ട് ഇപ്പൊ 3 പേര് കൂടെ എടുത്തിട്ടുണ്ട്.,Positive
"ഞാൻ 2 years ആയി poco M2 Pro ഉപയോഗിക്കുന്നു. Android 10 ആയിരുന്നു വാങ്ങിയ പോൾ ഇപ്പോൾ Android 12 , Miui 13 ആയി. Updation problems അല്ലാതെ മറ്റൊരു തരത്തിലുള്ള problems ഉം ഈ phone ന് ഇല്ല, over heating, battery drain, charging problems ഒന്നും തന്നെ ഇല്ല..Overall it&#39;s good phone.",Positive
അയിന് 😏..... ............. Mi brand oru kuzhappavum illa.. Adipoli brand aanu nall build quality ulla phone thanne aanu. Aadyam nanayi use cheyyyda uule... . iphone samsung umm mathrame nee nannayi... Bhyankara aaakkullo... 😏😏😏😏,Positive
"ഞാൻ വാങ്ങിയിട്ട് ഇപ്പൊ കറക്റ്റ് 1 വർഷം ആയി. Pubg കളിക്കാൻ വേണ്ടി മാത്രം എടുത്തതാണ്. 😀.ക്യാമറ - above average ( njan വലുതായി use ചെയ്യാറില്ല , photography അറിയാം എന്നുള്ളവർക് നല്ലതുപോലെ എടുക്കാം . ഒരിക്കലും നിരാശപെടുതില്ല. Night mode സിറ്റിയിലെ പിക് നല്ല പോലെ എടുക്കാം.).ബാറ്ററി - very good.( Normal use 1 ദിവസം ചുമ്മാ പോകും , charging time 10-100 , 30 minutes ..Touch - smooth 👍.Software experience - ok . ചിലപ്പോൾ ui update വരുമ്പോൾ പണി വരും but 1 week ഉള്ളിൽ അടുത്തത് വരും അപ്പോൾ ശരി ആകും 😂..പിന്നെ pubg കളിക്കുമ്പോൾ 42 - 50 ആണ് പിങ് . അത് എന്താണെന്ന് കളിക്കുന്നവർക് അറിയാം",Positive
Microphone quality redmi തന്നെ എന്ന് എനിക് തോന്നി,Positive
Realme...ഇപ്പൊ 10 സീരീസ് വന്നിട്ടുണ്ട് ...അവരുടെ Realme UI MI യുടെ ui യെക്കാൾ നല്ലതാണു ..,Positive
Extra dim എന്റെ phone ഉണ്ട്,Positive
ഞാൻ use ചെയുന്നുണ്ട് 👍🏻👍🏻👍🏻👍🏻,Positive
Flag ship ലെവലിൽ samsung നെ വെല്ലാൻ വേറെ ഒരു phone ഇല്ല,Positive
Heating. xiaomi 12 pro കൊണ്ട് ഞാൻ ഇസ്തിരി ഇടാറുണ്ട്,Negative
Display motion ഒരു 90 hz എങ്കിലും കൊടുത്തൂടെ ഇവന്മാർക്ക്..10000 രൂപയുടെ ഫോണുകളിൽ പോലും 90hz 120hz ഒക്കെയുണ്ട്.,Negative
"എന്റെ ഫോൺ ഭയങ്കര heating issue ആണ്, ഇത് ഉപയോഗിക്കുന്ന ആരെങ്കിലും ഉണ്ടോ, ഇത് മാറ്റി വാങ്ങണോ എന്ന് അറിയാൻ വേണ്ടിയാണ് plz reply",Negative
ഈ Phone 😂😂,Negative
60 hz തളർത്തി,Negative
Techwiser peoples ഇന് pixel 6a unboxing time il fingerprint issues ഇല്ലായിരുന്നു after 1 day that issue start ചെയ്തു😅,Negative
Samsung premium phone edukalle Samsung s20 64000 കൊടുത്തു ആദൃം തന്നൃ എടുത്തതാ ഒന്നര കൊല്ലം ഉപയോഗിച്ചുളളൂ flickering issue,Negative
84000 രൂപക്ക് എന്താണ് ഈ ഫോണിലുള്ളത്... Flood ചെയ്യുക എന്ന് മാത്രം അണോ.... ഇതും ഐഫോണും വലിയ മാറ്റം ഇല്ല,Negative
Front camera under display ആണ് എന്ന് തോന്നുന്നു. അതുകൊണ്ടാണ് മോശം. This is trial and they will improve it.,Negative
Z ഫ്ലിപ്പിന്റ camera stebilization മോശമാണ്,Negative
Waterproof ആണോ,Neutral
A73 ആണോ s21 fe ആണോ നല്ലത്,Neutral
Samsung A 73 ആണോ better അതോ s21 fe ആണോ ഇതിൽ ഏതെങ്കിലും വാങ്ങാൻ വേണ്ടി ആണ് ഒന്ന് coment ചെയ്യണേ,Neutral
A53 A73 ഇതിൽ ഏതാകും good ക്ലാരിറ്റി പെർഫോമൻസ് ഏതാകും നല്ലത്,Neutral
ഇതിൽ Boyo mic കണക്ടാവുമൊ ?,Neutral
SAMSUNG A73 ANO A52 ഇതിൽ ഏതാണ് നല്ലത്‌,Neutral
ഞാൻ ഇത് വാങ്ങാൻ ഉദ്ദേശിക്കുന്നു Monday video purpose ആണ് ഞാൻ നോക്കുന്നത് video uploading youtube ൽ ഏതാണ് നല്ല Phone camera Set Up,Neutral
"ഇല്ല.. ഈ ഫോണിന്റെ 5g and 4g version ഒരുമിച്ചാണ് ഇറക്കിയത് 2020ൽ.. with 3 year software update,ഇന്ത്യയിൽ 4g phone ആണ് ആദ്യം വന്നത്. കഴിഞ്ഞ വർഷമാണ് 5g phone ഇന്ത്യയിൽ വന്നത്. ഇപ്പൊ 2year കഴിഞ്ഞു. ഇനി അടുത്ത വർഷംകൂടി update കിട്ടും..",Neutral
പ്രതാപേട്ട ഫോൺ മാറ്റാൻ പോവാണ് ഒരു കൺഫ്യൂഷൻ iqoo 9se edukkano onplus 9r edukkano atho realme gt neo2 veno ethan best option please reply.... Editing patiya phon ethan 35000 rs budjet,Neutral
<b>പ്രാഥാപ്‌ ഏട്ടാ ഇത്‌ വരേ നിങ്ങളെ s22 ultra used review വന്നില്ല അതിനു വേണ്ടി വെയ്റ്റ്‌ ചെയ്യുകയാണു</b>,Neutral
Samsung galaxy s20 oru video ഇടാമോ,Not_relevant
"Bro, ഒരു രക്ഷയ് ഇല്ല റിവ്യൂ .⭐️⭐️⭐️⭐️⭐️",Not_relevant
Qlty പ്രസന്റേഷൻ 👍,Not_relevant
Editing ആണ് സാറെ ഇയാളുടെ മെയിൻ.. 😍,Not_relevant
ഒരു രക്ഷയില്ല കിടിലൻ review.,Not_relevant
അടിപൊളി വാച്ച് അടിപൊളി Unboxing ❤️,Not_relevant
എന്തൊരു contrast ആണിത് എന്റെ ചേട്ടാ?.... പൊളി വീഡിയോ....😘😍😘😍😘,Not_relevant
phone വാങ്ങി ഉപയോഗിച്ച ശേഷം ഈ വിഡിയോ എത്ര ആളുകൾ ഉണ്ട് ഒന്ന് 👍.അടിക്കണേ,Not_relevant
മലയാളികളുടെ Marques Brownlee...,Not_relevant
സാർ താങ്കളുടെ Unboxing international standardilaanu.✌️❣️🤘,Not_relevant
Bro അപ്പോൾ Affordable അല്ലെങ്കിലും worthy ആണല്ലേ Apple,Mixed Feelings
Oh തേഞ്ഞ്... Firebolt Almighty innale vaangich 🙄🙄,Mixed Feelings
6a കുഴപ്പമില്ല .below average ❤,Mixed Feelings
"Apple ഇത് പോലൊരെണ്ണം 2023ൽ 2 ലക്ഷം രൂപയ്ക്കു cool ആയി ഇരക്കും, ജനങ്ങൾ queue നിന്ന് വാങ്ങും 😵‍💫",Mixed Feelings
"Gamming ന് പറ്റില്ല എന്ന് പറയാൻ എന്തായിരിക്കും കാരണം 🤔.കിടിലം പ്രോസസ്സർ, നല്ല UI ഒക്കെ ഉള്ള ഫോൺ ആയിട്ട് കൂടി 🤔",Mixed Feelings
മൈരാണ് boat airdopes 131 1 year ആയി ഇപ്പോഴും use ചെയ്യുന്നു smooth ആയി,Mixed Feelings
"premier ആയത് കൊണ്ട് ആണോ എന്ന് അറിയില്ല , വീഡിയോ ഫുൾ വിറയൽ ആണ്..edit:.normal ആയി കാണുമ്പോ വിറയൽ ഇല്ല ട്ടോ",Mixed Feelings
"ചില വർക്ക് കിട്ടും ചിലർക്ക് കിട്ടൂല്ല . കിട്ടിയില്ലെങ്കിലും സാരമില്ല പക്ഷേ കിട്ടിയാൽ സന്തോഷം. കാരണം ഈയൊരു priceil nalle oru AMOLED display, 90hz refresh rate,33W fast charger, snapdragon processor, nalle oru camera, 5000 mAh battery,2gb ram booster,4gb 64gb + external memory cardum ഇടാം. എൻറെ ₹6000 രൂപയുടെ redmi go phone ആണ് ഉപയോഗിക്കുന്നത്. രണ്ടു വർഷമായി എപ്പോ വേണമെങ്കിലും hang avum. 😜😜😜",Mixed Feelings
"ഞാൻ മേടിച്ചു poco m2 എക്സ്ചേഞ്ച് ചെയ്തിട്ട് 7500 ന് കിട്ടി, secondary device ആയി യൂസ് ചെയുന്നു, നല്ല ബാറ്ററി ലൈഫ് പിന്നെ ഡിസ്പ്ലേ കിടു ആണ്, സോഫ്റ്റ്‌വെയർ ശോകം ആണ് ഇടയ്ക്കു ചെറിയ ബഗ് ഒക്കെ വരുന്നുണ്ട് ആപ്പ് ഒക്കെ ഓപ്പൺ ചെയുമ്പോൾ, നോർമൽ യൂസ് ആണെങ്കിൽ കണ്ണും പൂട്ടി എടുക്കാം, gaming നോക്കുവാണേൽ ഇത് എടുക്കരുത്, ഈ ബഡ്ജറ്റിൽ നല്ല ഫോൺ ആണ് 🥰👌",Mixed Feelings
"എന്തനണ് ബ്രോ 43k കൊടുത്ത് pixel 7a വാങ്ങുന്നത് അതിലും നല്ലത് 29kകൊടുത്ത് nothing phone 1 വാങ്ങുന്നതല്ലേ- Software, Design premium feel തന്നെ, OLED curved display, wireless charging 15w, reverse wireless ചാറിംഗ് 5w, ഇപ്പോൾ Bug ഒന്നും ഇല്ല, അത്യാവശ്യo നല്ല ക്യാമറ, video back camera 4k 60fps ഇല്ല, front camera 1080p 30fps athanu cheriya scene, ഹാപ്‌റ്റിക് ഫീഡ്‌ബാക്ക് ❤, അത്യാവശ്യo നാനായ് ഗെയിം കളികാം Snapdragon 778G Plus. display onum adichu pokila , proper software update kitunund. display 120hz und ozhukinadakum...A Nothing User",Mixed Feelings
ഇതിന്റെ reviw കണ്ട് കിളി പോയതാ....ഇജ്ജാതി ലെവൽ.....സാധനം.......🔥🔥🔥,Positive
Second hand എങ്കിലും വാങ്ങണം.....🔥,Positive
"Pre book ചെയ്തു ആദ്യമേ വാങ്ങി... വിവോ X50 പ്രോ പ്ലസ്..ആയിരുന്നു...ഇത് ഒരു കിക്കിടിലൻ ഫോൺ ആണ്..കളർ അത്ര വരുന്നില്ല..എങ്കിലും..ക്യാമറാ അടിപൊളി ആണ്..zoom 10x...ഇത് വരെ കാണാത്ത ഫോട്ടോസ് ആണ് വരുന്നത്..സേൽഫിയും വീഡിയോയും ..എന്ത് പറയാൻ...അത്രക്ക് perfect...speed..performance..simplicity in usage...പൊളിച്ചു...സ്ക്രീൻ...ഒരു ചെറിയ tv..boxy design..update nu ശേഷം ബാറ്ററി bakup കൂടി..heating കുറഞ്ഞു...എല്ലാവരും ഒന്ന് നോക്കും..പിന്നെ watch,mattu offer..ബാക്കി വിലക്ക്..ബെസ്റ്റ് buy aanu..മൊത്തത്തിൽ കിടുവെ❤️❤️❤️❤️❤️",Positive
അടുത്ത മാസം 3 year ആവുന്ന A50 ഫോണിന് മാര്‍ച്ച് update വരെ കിട്ടി.. samsung 💥,Positive
വർഷങ്ങൾആയി സാംസങ് മാത്രം ഉപയോഗിക്കുന്ന ഞാൻ samsung പൊളിയല്ലേ...,Positive
"Finger അത്ര വലിയൊരു വിഷയമായി തോന്നുന്നില്ല , സോഫ്റ്റ്‌വെയർ ✨️, ക്യാമറ ✨️",Positive
"ചേട്ടോ mi തൊട്ടു കളിക്കണ്ട, ചോദിക്കാൻ പറയാൻ പിള്ളേർ ഒണ്ട്, കൊടുക്കുന്ന ക്യാഷ് അതിനു എല്ലാം ഒണ്ട് mi the killer ❤❤❤😊",Positive
update ന്റെ കാര്യത്തിൽ പിക്സൽ കഴിഞ്ഞാൽ എന്റെ അനുഭവത്തിൽ Nokia യാണ്. 2018 അവസാനം വാങ്ങിയ Nokia 8.1 android 9 ൽ തുടങ്ങി ഇപ്പോ android 11 ൽ ഓടുന്നു. Security patch ഒക്ടോബർ 2021,Positive
kollaam bro. nalla performance und,Positive
Gt2 തന്നെ better,Positive
Bro redmi note 10ഉം ഉണ്ട് extream heat,Negative
ഇതിനെക്കാളും നല്ലത് s21 ultra തന്നെയാ അല്ലെങ്കിൽ oneplus 9R,Negative
Flodന്റെ മടക്കിൽ വരുന്ന ചുളിവ് നിവർത്തിയാലും വ്യക്തം ആണല്ലോ ithoru disturbing ആയിരികില്ലേ,Negative
Camera പോര,Negative
<b>PIXEL PHONES സർവീസ് ഇവടെ ഇല്ല. മുംബൈയില്‍ അയച്ചു കൊടുക്കണം</b>,Negative
എടുക്കരുതെ ഹീറ്റിംഗ് കൂടുതൽ.5 മിനിറ്റ് ആകുന്നതിനു മുന്നേ ചൂടാകുന്നു 60 hz display ശോകം എടുത്തു പണികിട്ടിയത് കൊണ്ടു പറയുവാണ്‌😂😂🙏🙏🙏🙏,Negative
"Google pixel 4a നെറ്റ്‌വർക്ക് ഇഷ്യൂ ആയിട്ട് 2 മാസം ആയി ഇത് വരെ ശരി ആക്കാൻ കഴിഞ്ഞില്ല, കേരളത്തിൽ എവിടെ എങ്കിലും സർവീസ് സെന്റർ ഉള്ളതായി അറിയോ...",Negative
60hz iPhone തോല്‍വി thanneyanu,Negative
Pixel കൊണ്ട് തോട്ടിൽകള,Negative
ഇതിലേക്കായിരുന്നു എന്റെ ചാട്ടം എന്നാലും പേടിച്ചിട്ട് nothing എടുത്തു 🤪,Negative
Chetta one plus 7 pro ആണോ അതോ Real me x2 pro ആണോ നല്ലത്,Neutral
ഹലോ ബ്രോ ഇപ്പോൾ old ഡിസ്‌പ്ലൈ ഉള്ള ഒരു മീഡിയം റേറ്റിൽ ആൻഡ്രോയിഡ് ഫോൺ വാങ്ങാൻ എത്ര രൂപ ആകും,Neutral
Redmi blast ആകും എന്നു കേൾക്കുന്നത് ശെരിയാണോ..???. എന്താണ് bro യുടെ openion..,Neutral
Mi ഫോൺ Mi Storil നിന്ന് വാങ്ങുമ്പോൾ എന്തൊക്കെ കിട്ടും ഫോൺ മാത്രമാണോ കിട്ടുക,Neutral
Mi screen recorderil എങ്ങിനെ sound ഉൾപ്പെടുത്താം,Neutral
ബ്രോ redme not 8pro 5g എന്ന് ലോഞ്ച് ആകും,Neutral
Water proof ആണോ..,Neutral
ടായിപ്പ് c കേബിൾ ആക്കാൻ കാരണം എന്താണ്,Neutral
Bro redmi note 7pro 6gb ram 128gb storage ആണോ നല്ലത് honor 8x ആണോ,Neutral
ഒരെണ്ണം edukan താല്പര്യം ഉണ്ട്‌.. കൊള്ളാമോ,Neutral
Accidentally found your video.. 😁😁😁 വീഡിയോ വേറെ ലെവൽ തന്നെ... MKBHD reference... വീഡിയോ and audio ക്വാളിറ്റി.. മികച്ച അവതരണം....best വീഡിയോ I&#39,Not_relevant
ഒന്നും നോക്കി ഇല്ല അങ്ങ് subscribe ചെയ്തു 📷😊,Not_relevant
"WOW Video quality superbb. ഞാൻ വിചാരിച്ചു GOM, Malayalam tech ആയിരുന്നു malayalam channel quality മുന്നില്‍ എന്നാ നിങ്ങള്‍ pwolichuuu 😘🌻",Not_relevant
<b>എന്റെ ചാനൽ സബ്സ്ക്രൈബ് ചെയ്യാമോ..😣😣 ഒരു comment ഇട്ടാൽ ഞാൻ തിരിച്ചും ചെയ്യാം 100% ഉറപ്പ്</b> 😊,Not_relevant
ഇതെവിടായിരുന്നു ഈ സാധനം ഇതുവരെ.... supr video. Keep going.. full support,Not_relevant
Mohammed Minhaj Thank you Minhaj. Channel thudangiyitt 4 maasame aayittullooo. Thanks for the compliment. Keep supporting. 🥰😍 എല്ലാ videos ഉം കാണണേ?,Not_relevant
മലയാളത്തിൽ ഇത്ര നീറ്റ് ആയി ഒരു unboxing വീഡിയോ കാണുന്നത് ആദ്യമായിട്ടാണ്..👏👍,Not_relevant
ദാസൻ പിള്ള Thanks bro😍🥰,Not_relevant
Shammi- The complete man 😅😅 thankസ്‌ മച്ചാനെ!,Not_relevant
ഈ മച്ചാനെ എന്തുകൊണ്ട് നേരത്തെ കണ്ടില്ല. മാസ് വീഡിയോ കോളിറ്റി,Not_relevant
ഇതിലും നല്ല ഓപ്ഷൻ ഉണ്ട്. Moto Edge 40..30k. Kidlam curved display 144 hz refresh rate. Wireless charging. IP68 water resistance. 68w charger. Slimmest 5g phone. Stock android.,Mixed Feelings
Xperia 5 ഉപയോഗിക്കുന്നുണ്ട് ക്യാമറ ഇപ്പോഴും പുലിയാണ് ഗെയിം കളിക്കാനും സൂപ്പർ അണ് കുറച്ചു നേരം കള്ളിച്ചാൽ ചെറിയൊരു ഹീറ്റിംഗ് പ്രോബ്ലം മൊത്തത്തിൽ ഫോൺ സൂപ്പർ അണ്,Mixed Feelings
"Im using same model with configured rysen 9 5900HX / 16 gb ram, RTX 3050. 4K ഒക്കെ പുട്ട് പോലെ out ഇറങ്ങുന്നുണ്ട് with heavy graphic works.Tried 8K also😀.But it was difficult with high graphic load in 8K. But it does.To say gaming performance, I run GTA 5 with full graphics in 1080p, I got 28~90 fps in gameplay (average fps is 40~48 fps",Mixed Feelings
സേട്ടാ..chipset വച്ചു ആണോ phone ന്റെ value അളക്കുന്നത്..nord 2 നു സ്വപ്നം കാണാൻ പോലും പറ്റാത്ത പോലെ ഉള്ള display quality and camera ആണ് ഇതിനുള്ളത്..പിന്നെ 15k രൂപേടെ phone ന്റെ spec വെച്ചു pixel 40k rs നു phone ഇറക്കി അപ്പളാണോ ഇത്രയും features ഉള്ള ഇത്,Mixed Feelings
പൊന്നു മക്കളെ editing design work കൾക്ക് mac thanne മാക്സിമം edukkuka വൃത്തികെട്ട windows laag ആണ് എന്റെ പൈസാ പോയി കിട്ടി 😬 വിൻഡോസ് pc ആരും vangaalle 🙏,Mixed Feelings
എനിക്ക് ഈ രണ്ടു ഫോണും ഇല്ല ഐഫോൺ ന്റെ വിഡിയോയിൽ ലൈറ്റ് നേരെ അടിക്കുമ്പോൾ നിങ്ങടെ ഫേസ് ക്ലിയർ അല്ല.. Pixel is nice.. എനിക്ക് അത്രേം നന്നായൊന്നും ഇതിനെ കുറിച് അറിയില്ല കണ്ടപ്പോൾ അങ്ങനെ തോന്നി,Mixed Feelings
It’s a very ഡീസന്റ് ഫോൺ ഒരു ഗുമ്മ് വേണമെങ്കിൽ iphone എടുക്കുക എല്ലാത്തവർ s23 അൾട്രാ എടുക്കുക 👌,Mixed Feelings
ഐഫോണിൽ നിന്ന് android ലേക്ക് മാറിയ ശേഷം ചാർജിന്റെ കാര്യത്തിൽ ഒരു ആശ്വാസം ഉണ്ട് 😂😂,Mixed Feelings
പറയുന്നത് കൊണ്ട് ഒന്നും തോന്നല്ല്.. .iPhone 15 pro യുടെ Type C നമ്മുടെ S23 Ultra യുടെ port നേക്കാള് നല്ല ഫാസ്റ്റ് ആയിട്ട് തോന്നുന്നു ഇനി അതു Gen 2 ആയത് കൊണ്ടാണോ അതോ നമ്മള് ഉപയോഗിച്ച Samsung SSD യുടെ വല്ല feature ആണോ എന്നു അറിയില്ല .. 🤔🤔🤔 .എനിക്കു തോന്നുന്നു S23 Ultra USB C 3.2 മാത്രം ആയത് കൊണ്ട് ആണെന്ന്,Mixed Feelings
ഞാൻ ആദ്യം എടുത്തത് സാംസങ് ഫോൾഡ് ആണ് എന്തൊ അതിൽ ചാർജ്ജ് നിൽക്കുന്നില്ല പിന്നെ സ്പീഡ് ഇല്ല വെയിറ്റ് കൂടുതൽ.ഇപ്പോൾ എടുത്തത് വൺ പ്ലസിന്റെ ഫോൾഡ് ഫോൺ ആണ് നല്ല ഫോൺ ആണ്.സാംസങ്ങിനെക്കാൾ ബെറ്റർ,Mixed Feelings
"തുടക്കം തന്ന realmiye തേച്ചോട്ടിച്ചപ്പോൾ ഫോൺ കൊള്ളില്ല എന്നാ കരുതിയെ, പക്ഷെ എന്റ മോനെ ഫോൺ കീർ സാനം, ഇതിന്റെയൊക്കെ ആവശ്യം ഉള്ളു",Positive
"താങ്കൾ വളരെ നല്ലവനാണ്🔥🔥🔥 ഫോണിനെകുറിച്ച് സത്യസന്ധമായി ബ്രാന്റിലും,വിലയിലും, ഒരു കാര്യവുമില്ലന്നും തെളീയിച്ചു.. (((വില തുച്ഛം ഗുണം മെച്ചം ))) realme GT 2Pro എന്ന് തെളീയിച്ചു 🔥😃🔥🔥😃",Positive
Realme gt neo2 എന്നൊരു ഫോൺ കൂടി ഉണ്ട് 👌സൂപ്പറാണ്...,Positive
Vivo X60 പൊളി ✌️,Positive
അത് പിന്നെ പറയേണ്ട 🔥 ഞാൻ ഇതുവരെ game കളിച്ചിട്ടില്ല 😅 ഈ mobilel ൽ gaming അടിപൊളിയാണ് ഇപ്പോൾ കളിക്കുന്നുണ്ട് 🔥🤙 പിന്നെ dispaly 100% perfect ആണ്,Positive
ഇപ്പോഴും ഞാൻ പറഞ്ഞത് തന്നെയാണ് പറയാൻ ഉള്ളത് 😌 Mobile Nice ആണ്,Positive
ഉഷാർ Mobile ആണ് under 25k🔥 ഒരുമാസം ആയി ഞാൻ use ചെയ്യുന്നു 😌,Positive
"ഞാൻ 12 GB, 256 GB 2 week ആയി ഉപയോഗിക്കുന്നു, ഇതുവരെയുള്ള experience നല്ലതാണ്",Positive
"ഞാൻ ഒരു ഡൈ ഹാർഡ് സാംസങ് ഫാൻ ആയിരുന്നു. ഞാൻ ആദ്യം ഉപയോഗിച്ച സ്മാർട്ട് ഫോൺ sony xperia X10I ആയിരുന്നെങ്കിലും, പിന്നെ ഞാൻ വാങ്ങിയതെല്ലാം സാംസങ് ആയിരുന്നു, galaxy mini, On5, On7, M21, A22 5G, ലാസ്റ്റ് A145G. എന്നാല് കുറച്ച് നാളുകൾക്ക് മുമ്പാണ് ഞാൻ ഒരു secondary ഫോൺ എന്ന നിലക്ക് camon 20 pro 5G വാങ്ങിയത്. ഞാൻ ഇപ്പൊൾ ശരിക്കും ഒരു ഡൈ ഹാർഡ് tecno ഫാൻ ആയി. സൂപ്പർ ഒന്നും പറയാനില്ല. Shazzam പറഞ്ഞപോലെ ശരിക്കും unfortunately ഒരു under rated phone ആയിപോയി എന്ന് മാത്രം. എനിക്ക് ശരിക്കും ഇഷ്ടമായി❤❤❤. Thank you Tecno",Positive
tecno. .പൊളി ആണ്....ക്യാമറ...വേറെ ലെവൽ.ente. ..tecno ആണ്...ഇപ്പോ 4 കൊല്ലം ആയി....,Positive
പൊന്നു മക്കളെ editing design work കൾക്ക് windows laag ആണ് എന്റെ പൈസാ പോയി കിട്ടി 😬 വിൻഡോസ് pc ആരും vangaalle 🙏,Negative
Deeiii ആ 9 pro plus defective phone anu... Camera fog issue und... Paranj kodadeyy.. Baki ulla payyanmarenkilum ath edukathe rekshapedatte... Please review after a proper usage,Negative
"Samsung M,A series ആണ് service centre ൽ കൂടുതൽ complaints വന്നിട്ടുള്ളത്",Negative
Game ന്റെ കാര്യം പിന്നെ പറയണ്ട 😁,Negative
"Samsung budget phones കൃത്യമായി m21, m31, m30, അങ്ങനെ ഉള്ള ബഡ്ജറ്റ് ഫോൺസ് എല്ലാം 1 വർഷം, കറക്റ്റ് പറഞ്ഞ warrenty കഴിഞ്ഞു അടുത്ത ആഴ്ച ബോർഡ്‌ അടിച്ചു പോകും ഒരുപാടു പേർക്ക് ഈ പ്രശ്നം ഉണ്ട്, carrier agregationum ഇല്ല, സ്പീടും ഇല്ല ഹാങ്ങും ആകും 1 വർഷം കഴിയുമ്പോ ചത്തും പോകും കോപ്പ് emi തീരുന്നു ഫോൺ ചാവുന്നു വീണ്ടും emi repeat. Complaint ചെയ്യാൻ വല്ല വഴിയും ഉണ്ടോ reputed brand എന്നും പറഞ്ഞു തേക്കുന്നെന്നു ഒരു മര്യാദ വേണ്ടേ",Negative
"സോഫ്റ്റ്‌വെയർ update ചെയ്തപ്പോൾ green line on display, കുറേ പേർക്ക് s21 ultra ഫോണിൽ ഇങ്ങനെ ഉണ്ട്‌, s20ഇതേ issue ഉണ്ടായിട്ടു display ഫ്രീ of cost ഇന് മാറികൊടുക്കുന്നു, s21 നു ഇല്ല, ആർകെങ്കിലും ഇതു പോലെ പ്രോബ്ലം ഉണ്ടോ",Negative
"സത്യം സോഫ്റ്റ്‌വെയർ update ചെയ്തപ്പോൾ green line on display, കുറേ പേർക്ക് s21 ultra ഫോണിൽ ഇങ്ങനെ ഉണ്ട്‌, s20ഇതേ issue ഉണ്ടായിട്ടു display ഫ്രീ of cost ഇന് മാറികൊടുക്കുന്നു, s21 നു ഇല്ല, ആർകെങ്കിലും ഇതു പോലെ പ്രോബ്ലം ഉണ്ടോ <a href=""https://www.youtube.com/watch?v=P4oahloQX-I&amp;t=2m55s"">2:55</a>",Negative
പുതിയ features ഒരു തേങയും ഇല്ല s20 എടുത്തട്ട് ഒന്നര കൊല്ലം കൊണ്ട് green flickering issues വന്നു display മാറ്റേണ്ടി വന്നു മൂഞ്ചിയ കമ്പനി,Negative
"1,16,000 രൂപയുടെ ഫോണിൽ Exynos 2100.87,000 രൂപ വെച്ച് അമേരിക്കയിൽ വിക്കുന്ന ഫോണിൽ Snapdragon 888......What a LoGIC",Negative
"ഈ ഫോണിന് dedicated cooling system എന്തെങ്കിലുമുണ്ടോ മറ്റ് ഫോണുകളുമായി കമ്പയർ ചെയ്യുമ്പോൾ heat problem, charging speed തുടങ്ങിയവ ഒരു പോരായിമയല്ലെ",Negative
Gionee gsw6 und calling feature ഉള്ളത് 2500/- rs,Neutral
ബോസ്സ് എന്റെ ആവിശ്യം ഫോട്ടോ എടുക്കാൻ ഒരു നല്ല ഫ ഫോൺ അതു ethanu,Neutral
ഇതു 5G ആണോ,Neutral
അദെന്താ ബ്രോ...ഞാൻ op6 user aanu..ifon11 edukkaan aalojikkunnu...enthelum prashnam undo,Neutral
വാങ്ങിച്ചോ engenund. എനിക്കും എടുക്കണം എന്നുണ്ട്,Neutral
Xs ആണോ നല്ലത് 11 ആണോ നല്ലത്.... Pls റിപ്ലൈ 🙏🙏🙏,Neutral
Xs iphone 11 നേക്കാൾ നല്ല ഫോൺ ആണോ... വാങ്ങാൻ ആഗ്രഹം ഉണ്ട്.,Neutral
"ഹാലോ, ഇപ്പോൾ ഏകദേശം എല്ലാ ഫോണിലും 5G വന്നിട്ടുണ്ടല്ലോ അതുകൊണ്ടു ഇനി ഐ ഫോൺ 11 നിൽ 5G സെറ്റപ്പ് വരാൻ ചാൻസ് ഉണ്ടോ?",Neutral
iphone 11 രാത്രി ഉപയോഗിക്കാതെ ഇരിക്കുമ്പോൾ ചാർജ് കുറയുന്നുണ്ട് അതിന്റെ എന്തെങ്കിലും ടിപ്സ് അറിയാമോ .ഒരു വീഡിയോ ചെയ്താൽ ഉപയോഗം ആയേനെ,Neutral
Samsung S20 Series എങ്ങനെ ഉണ്ട്?,Neutral
Channel quality ഉണ്ട് brw കണ്ടിട്ട് 👌,Not_relevant
അടിപൊളി...... First kodutha background music.. Eathaa,Not_relevant
വീഡിയോ <b>MAKING QUALITY HEAVY</b> 😘,Not_relevant
Ningal പൊളി ആണ്,Not_relevant
എന്തൊരു video quality ആടോ 😍,Not_relevant
Nte ponnooy ഒന്നും പറയാൻ ഇല്ല എജ്ജാതി വീഡിയോ..😍,Not_relevant
Apple പോലും ഇതുപോലത്തെ Ad പോലും ചെയ്യുതു കാണില്ല ❤️ .Quality Tech Video 🔥.😍😍😍😍😍😍😍,Not_relevant
ഇന്ത്യൻ teck King Gurujiക്ക് ഒപ്പം എത്തും എനിക്ക് ഉറപ്പാ കാരണം ഇദ്ദേഹത്തിന്റെ presentation high qualityആണ് വേറെ vibe ആണ് ❤️❤️❤️,Not_relevant
"മലയാളത്തിലെ ഏറ്റവും നല്ല ഒരു youtube ചാനൽ ആയി tectok വളരട്ടെ ,എല്ലാ വിധ ആശംസകളും ഹരീഷ് ചേട്ടാ",Not_relevant
എജ്ജാതി revew sooper👍,Not_relevant
"I am a OnePlus user 11 ആണ് ഇപ്പൊ use ചെയ്യുന്നത് , for me onepluse കൊടുക്കുന്ന ക്യാഷ് ന് മുതലാണ്, heating issue illa , super speed , I phone and Samsung okke വെറുതെ ക്യാഷ് പോക്ക് ആണ്... I phone and Samsung s22 use ചെയ്തിട്ടുണ്ട്",Mixed Feelings
"ഒരു വർഷം മുന്നേ ഇറങ്ങിയ redmi note 8 ഇതിലും അടിപൊളി ആണ്...അതും വെറും 9,999 rs... അതിന് മുന്നിലും പിന്നിലും ഗോറില്ല ഗ്ലാസ് 5 ആണ്... ഇതിൽ 3 ആണ്...അത് പോലെ ithinekkal mikacha Snapdragon 665 proecssorum ... Aa ഫോണിൻ്റെ പകുതി പോലും സ്റ്റൈൽ ഇതിനില്ല",Mixed Feelings
M30 ആണ് കുറച്ച് കൂടെ ബെറ്റർ. 6.4&#39,Mixed Feelings
7000 MAH 🔋ന് 🔌30 w ആകാമായിരുന്നു എന്നാ ൽ മാരഗം ആയി തീർന്നെനെ. എന്നാലും പൊളി. 😘,Mixed Feelings
"@Roni Rison മച്ചാൻ ഒന്നു മനസിലാക്കണം ഒരു normal user enna നിലയിൽ മിക്കവര്ക്കും വേണ്ടത് high end processor alla nalloru phone aane..Display, cam, software, design, brand, connectivity, enna ella മേഖലയിലും മികച്ച നിക്കുന്നത് nord aane.realme moshamann ഞാൻ പറയില്ല bcos njan use cheyyarind,veettil realme 6 pro und..but ഏതൊരു android um 2 year use ചെയ്യുമ്പോളേക്ക് പയ്യെ lag ആകും so athippo high end processor indel പോലും avide aane oxygen os ന്റെ importance.. ആ smoothness and lag free os experience cheith മനസിലാക്കണം.. പിന്നെ normal user or normal usage il SD 855+&amp;SD765G same തന്നെ aane.. So mikachoru Android phone aanel Nord um high end processor ullathanel x2 pro um aane",Mixed Feelings
Illa bro..Nan pubg okke Kure manikkoor irunn kalikkunnath aanu..lag onnum.thonniyit illa.. Pinne heating issue und battery um Kozhappam onnum illa charge nilkkunnund,Mixed Feelings
എന്റെ narzo 20 proyil wifi calling und പക്ഷെ kittunilla enalu adi poli phone ann jayarajettante prathapettenteyum vidio kand vangichathann ❤❤❤❤❤❤❤❤❤❤❤❤❤❤❤❤❤❤❤,Mixed Feelings
Note 10 pro max നേക്കാൾ better Note 10 pro ആണെന്നാണ് എന്റെ അഭിപ്രായം camera yil MP അല്പം കുറയും എന്നൊഴിച്ചാൽ pro max യും ആയി വേറൊരു വ്യത്യാസവും ഇല്ലല്ലോ,Mixed Feelings
"amoled അല്ല TFT ആണ്,120 HZ ഉണ്ട്. processor um കൊള്ളാം. പക്ഷ TFT yekkkal better aanu IPS LCD",Mixed Feelings
"Ee ഫോണിന്റെ back ഡിസൈൻ എനിക്ക് ഇഷ്ടമായി. അതുകൊണ്ടാണ് brO ഞാൻ ഡിസ്‌ലൈക്ക് അടിച്ചത്. കൊഴപ്പമില്ലല്ലോ അല്ലേ,, 🤗🤗",Mixed Feelings
Tecno nte users ന് മനസ്സിലാവും അതിന്റെ Power.Underrated⚡️,Positive
Tecno സർവീസ് ഒന്നും പ്രശ്നമില്ല കോട്ടയം ജില്ലയിൽ തന്നെ രണ്ടോ മൂന്നോ സർവീസ് സെന്ററുകളുണ്ട്,Positive
"infinix, tecno, itell ഒരേ കമ്പനിയിൽ ഉണ്ടാകുന്ന ഫോൺ ആണ്. എങ്കിലും കൊള്ളാം",Positive
23000 ന് 4 വർഷം മുൻപ് 8gb 124 realme X2 മേടിച്ചു ഇപ്പോഴും ഒരു കംപ്ലൈന്റ്റും ഇല്ലാതെ വർക്ക്‌ ചെയ്യുന്നു,Positive
"bro ui kollam no ads no bloatware oru pixel phone use cheyyunna feel kittum , pinna box il charger illa (പ്രകൃതി സ്നേഹം🤣) but you can charge 25 waat pd Samsung charger or Amazon il 33 waat MI charger undu)",Positive
Samsung galaxy A50 ല് കാണുന്ന ഞാൻ 😌 4 year smooth working,Positive
same ente Storage 30GB above Aayi (3GB 32GB) Asphalt 9 Balanced Graphicsil Smooth Aayi Run ചെയ്യുന്നുണ്ട് no more issues seems like stable condition 💛,Positive
Realme 9 Pro+ 5G യുടെ തട്ട് താണ് തന്നെ ഇരിക്കും... 🎇🎇🎇🎇,Positive
poco എം2pro 2.5years nice working,Positive
ഇപ്പോളും poco f1 use ചെയ്യുന്ന ഞാൻ..... ഇറങ്ങിയ ടൈമിൽ ഇടുത്തതാ ഇത് വരെ NO complaints.... Gaming also running with appropriate performance 😌,Positive
I phone and Samsung okke വെറുതെ ക്യാഷ് പോക്ക് ആണ്... I phone and Samsung s22 use ചെയ്തിട്ടുണ്ട്,Negative
ഒരു വർഷം മുന്നേ ഇറങ്ങിയ redmi note 8 ന് മുന്നിലും പിന്നിലും ഗോറില്ല ഗ്ലാസ് 5 ആണ്... ഇതിൽ 3 ആണ്..... Aa ഫോണിൻ്റെ പകുതി പോലും സ്റ്റൈൽ ഇതിനില്ല,Negative
iphone 11 രാത്രി ഉപയോഗിക്കാതെ ഇരിക്കുമ്പോൾ ചാർജ് കുറയുന്നുണ്ട്,Negative
ഇയ്യോ xiomi software update 💔🥀,Negative
ഇതിലും ഭേദം oppo camera ആണല്ലോ,Negative
ഇതൊക്കെ കാണുന്ന ഒരു പാവം Note20ultra user 🥲display poch! After update,Negative
2 mb മാക്രി ക്യാമറ 🤣🤣🤣🤣🤣🤣🤣🤣🤣,Negative
Samsung അല്ലേലും game kalikkan better alla,Negative
എന്ത് യൂസർ എക്സ്പീരിയൻസ്... S22 തരുന്ന പോലെ ഉള്ള യൂസർ ഫ്രഡ്‌ലി ആണോ.. അല്ല.. .. പോരാത്തതിന് ചാർജ് ചെയ്യണം എങ്കിൽ വേറെ ചാർജർസ് യൂസ് ചെയ്യാൻ പറ്റില്ല ടൈപ് c അല്ലാത്തോണ്ട്.. എന്തെങ്കിലും സെൻറ് ചെയ്ത് വാങ്ങണം എങ്കിൽ. അതിനും പറ്റില്ല... ഡിസൈൻ നല്ലതാണെങ്കിലും notch 😪..,Negative
Samsung എല്ലാം ഫോണിലും ഉണ്ട് heat,Negative
"പഴയ seriesinekkal 4 ഇരട്ടി display strong ആണ് ennum,pedikkanda ennum parayumbom phone nilath idunna oru sceane കാണിക്കമായിരുന്നു നിങ്ങളുടെ കൈയിൽ നിന്ന് തന്നെ",Neutral
"I phone 11 or P30 pro ഏതാണ് ബെറ്റർ കൺഫ്യൂഷനിൽ നിക്കുവാണ് ഏത് എടുക്കണം എന്ന്, ചേട്ടന്റെ കാഴ്ചപ്പാടിൽ ഏതാണ് മൊത്തത്തിൽ പെർഫോമൻസ് വൈസ് നല്ലത് plse റിപ്ലൈ പോസ്റ്റ്‌ ആണ് 🙏",Neutral
ഹലോ സര്‍ ഐഫോണ്‍ xs or 11 ഇതില്‍ ഏതാണ് bettar plz റിപ്ലൈ,Neutral
സാംസങിന്റെ ഒട്ടുമിക്ക ഫോണുകൾക്കും amoled ഡിസ്‌പ്ലൈ കൊടുക്കുന്നുണ്ട്...ഐഫോണിന്റെ ഡിസ്‌പ്ലൈ സാംസങിന്റേതാണ്.,Neutral
S10 lite. Note 10 lite plz ഒരു റിവ്യൂ ചെയ്യുമോ,Neutral
Iphone 11 ആണോ p30pro ആണോ ബെറ്റർ,Neutral
18w charger ന് എത്രയാണ്? .Please reply,Neutral
Oru second hand kittan und 87% battery ollu...30k rate പറയുന്നുണ്ട്..എടുത്താൽ പണി കിട്ടുമോ,Neutral
Chetta iphone12 online ൽ നിന്ന് എടുത്താൽ പെട്ടു പോവുമോ,Neutral
"ഇപ്പോൾ 11 production ഉണ്ടോ, ഫ്രഷ് കിട്ടുമോ?",Neutral
നിങ്ങ ഡീറ്റൈൽഡ് പുലിയണേട്ടാ..... സൂപ്പർ......GOD bless u&#39,Not_relevant
@Tec Tok by Hareesh ഹരീഷ് ചേട്ടാ video heavy ആയിരുന്നു 🤍🤍🤍 as always 🎀.*audio dropped! sometimes,Not_relevant
ഇതിൽ ഒരുപാട് പയ്യന്നൂർ പ്രദേശം ഉൾപെട്ടിട്ടുണ്ടല്ലോ ..നിങ്ങള് പയ്യന്നൂർ ആണോ സ്ഥലം ?,Not_relevant
അടിപൊളി... Quality king...❣️❣️,Not_relevant
12pro കുറെ review already കണ്ടിട്ടുണ്ട്.....But iam here for the Quality King...,Not_relevant
Quality എന്ന വാക്കിന് 10X ഗുണം നൽകിയ മലയാളികളുടെ MKBHD-യും അതുപോലെത്തന്നെ മലയാളികളുടെ അഹങ്കാരവും ആയ Hareeshettan!! Uffff....വേറെ ലെവൽ 💯♥️💯❣️,Not_relevant
ഹരീഷ് ജി നിങ്ങളുടെ ഈ Review വേണ്ടി കട്ട വെയ്റ്റിംഗ് ആയിരുന്നു..,Not_relevant
iPhone 12 seriesൽ എന്തുകൊണ്ട് charging adapter ഒഴിവാക്കി എന്നു മനസ്സിലാക്കാൻ ഈ ചാനലിൽ ഒന്നു കേറി നോക്കിയാൽ മതി....Apple&#39,Not_relevant
B റോൾ സിമ്മമെ 🔥🔥,Not_relevant
Good review 💕 കാത്തിരുന്നത് ആണ് നിങ്ങളുടെ review വരാൻ വേണ്ടി ക്വാളിറ്റി വീഡിയോ താങ്ക്സ് .12 എടുക്കാൻ നിന്ന് ചാർജർ ഇല്ലാത്തോണ്ട് 11 എടുത്ത ലെ ഞാൻ 🤓,Not_relevant
😂 Samsung: കുറ്റം പറയാൻ ഒന്നുമില്ല.Shazz bro :ചാർജർ ഉണ്ടോ ഡാ.Samsung: ഊ&amp;#$🥲😰..😂😂😂😂😂😂😂,Mixed Feelings
എന്ത് യൂസർ എക്സ്പീരിയൻസ്... S22 തരുന്ന പോലെ ഉള്ള യൂസർ ഫ്രഡ്‌ലി ആണോ.. അല്ല.. പോസിറ്റീവ് എന്ന് പറയാൻ ഉള്ളത്.. Sd യെക്കാൾ മികച്ച ചിപ്പ് എന്നുള്ളത് മാത്ര... ആണ്.. പോരാത്തതിന് ചാർജ് ചെയ്യണം എങ്കിൽ വേറെ ചാർജർസ് യൂസ് ചെയ്യാൻ പറ്റില്ല ടൈപ് c അല്ലാത്തോണ്ട്.. എന്തെങ്കിലും സെൻറ് ചെയ്ത് വാങ്ങണം എങ്കിൽ. അതിനും പറ്റില്ല... ഡിസൈൻ നല്ലതാണെങ്കിലും notch 😪..,Mixed Feelings
ആദ്യം ഉണ്ടായിരുന്നു heating.... ഗെയിം കളിക്കുമ്പഴും ഒരേ സമയം രണ്ട് ആപ്പ് ഓപ്പൺ ആകുമ്പഴോ ഒക്കെ ക്യാമറ ഭാഗം heat ആകുമായിരുന്നു.... പക്ഷെ miui യുടെ ഒരു അപ്ഡേറ്റ് കിട്ടിയതിനു ശേഷം heating ഇല്ല 👍,Mixed Feelings
Redmi നോട്ട് 10 പ്രോ സൂപ്പർ ഫോൺ ആണ് സൂപ്പർ ക്യാമറ ആണ് നോട്ട് 10 പ്രോ max ആരും എടുക്കല്ലെ?😁,Mixed Feelings
@Athul Varghese ഞാൻ pes kalikka.High കുറച്ചു heating ഉണ്ട്. Standard no problam 👍👍👍,Mixed Feelings
ഫോൺ അടിപൊളി❤️❤️👍.അമോലെഡ് ഡിസ്പ്ലേ മാത്ര മാണ് .കുറവ് ആയിട്ട് തോന്നിയത്😉,Mixed Feelings
എങ്ങാനും ഒന്ന് താഴെ പോയാ പോയി but it is iPhone killer,Mixed Feelings
മാങ്ങ. S21fe heating ഉണ്ട്. പിന്നെ റേഞ്ച് പ്രോബ്ലം ചില സമയത്ത് 4g and 5g network issue നല്ല രീതിയിൽ ഉണ്ട് . ക്യാമറ നല്ലതാണ് അത് പോലെ തന്നെ നല്ല സൗണ്ട് and display ok,Mixed Feelings
അടിപൊളിയാ ഈ ഫോൺ.6 മാസമായി ഉപയോഗിക്കുന്നു.ബാറ്ററി ഇത്തിരി കുറവാ,Mixed Feelings
നോക്കിയ 5.4 വാങ്ങാൻ തിരുമാനിച്ചു: കാരണം 6.1 plus ഉപയോഗിക്കുന്ന എനിക്ക് ഇതിൻ്റെ നെറ്റീൻ്റെ സ്പീഡ് വളരെ ഇഷ്ടപ്പെടു:,Mixed Feelings
ഞാൻ realme gt 2 എടുത്തത് ചേട്ടന്റെ review കണ്ടിട്ട് ആണ്. അത് പോലെ തന്നെ great device❤️,Positive
Realme അണൻ പൊളിച്ചു,Positive
But bro custom rom അടിച്ചിട്ട് .Overclock ചെയ്താൽ item വേറെ ലെവൽ ആണ്,Positive
Real me 8... 4 year ആയി ഇത് വരെ ഒരു കുഴപ്പവും ഇല്ല വെള്ളത്തിൽ വീണിട്ടുണ്ട് mobile holderil നിന്ന് വീണിട്ടുണ്ട് runningil ഇത് വരെ ഒരു സീനും ഇല്ല വിശാസിച്ചു വെടിക്കാൻ പറ്റിയ brand aanu,Positive
മേടിച്ചു ഇന്ന് 👌👍പൊളി 11 pro+,Positive
Realme 11 pro plus എടുത്തു 🔥🔥🔥അടിപൊളി 😍😍😍,Positive
Poli സാധനം🔥,Positive
ഇതാണ് റിവ്യൂ.ചില റിവ്യൂ vil വല്ലാതെ നെഗറ്റിവ് അടിക്കണത് കണ്ടു.ഈ പ്രൈസിന് ഇത് വാല്യൂ for money ആണ്,Positive
പൊളി speaker💥💥,Positive
Audio യില് senheiser നേ വെല്ലാൻ വേറെ ബ്രാൻണ്ടില്ലാ,Positive
S10 plus ബാറ്ററി shogam ആണ്,Negative
S22 + ഇലും ഭേദം കുറച്ചൂടെ ക്യാഷ് ഇട്ട് രാജാവിനെ ഇങ്ങ് വാങ്ങുന്നതാ നല്ലത് S22 ultra അതാവുമ്പോ കാശിനുള്ള മുതലുണ്ട് ഇപ്പൊ 1 tb വന്നിട്ടുണ്ട്,Negative
S21plus നും സെയിം പ്രോബ്ലം ആയിരുന്നു. ബാറ്ററി drain &amp,Negative
ROG PHONE ഞാൻ ആർക്കും prefer ചെയ്യൂല. ROG PHONE 2..മേടിച്ചു ഊമ്പിയ ഞാൻ ...വൻ MOTHER ബോർഡ് COMPLAINT ആണ് നിങ്ങളെ കാത്തു ഇരിക്കുന്നത്...ROG ഒരു ഫോൺ അല്ല MECHINE ആണ് ഗെയിമിംഗ് MECHINE ..പക്ഷെ MECHINE തീരുമാനിക്കും പണി എടുക്കണോ വേണ്ടയോ എന്ന്,Negative
കഴിഞ്ഞ കൊല്ലം ഗാലക്സി A 52 ട വാങ്ങിയപ്പോൾ My G നിന്നു സ്മാർട്ട് വാച്ച് ഫ്രീ ഉണ്ട് എന്ന് പറഞ്ഞ് തന്നത് പെബിൾ ആണ്. എന്റെ പൊന്നോ.. പൂരപറമ്പിൽ വാങ്ങിക്കാൻ കിട്ടും അതിലും നല്ല വാച്ച്. ഞാൻ മാമന്റെ മോന് കൊടുത്ത്! ഫോണിൽ കണക്ട് ചെയ്യാൻ ഭയങ്കര കഷ്ടപാട് ആയിരുന്നു. ചുമ്മാ സമയം കാണാനും കളർ മാറ്റാനും കൊള്ളാം,Negative
ആകും. പക്ഷെ led ഡിസ്പ്ലേ ഉള്ള വാച്ചിൽ ചാർജ് നിക്കുന്ന പോലെ lcd യിൽ aod ഓൺ ആക്കി ഇട്ട ചാർജ് നിക്കില്ല. പെട്ടന്ന് തന്നെ വലിയും 😁😁,Negative
ഇത് വാങ്ങിയ ഒരുപാട് പേരും കണക്ടിവിറ്റി പ്രോബ്ലം പറയുന്നുണ്ട്. പിന്നെ ബാറ്ററി ഡ്രൈൻ ഇഷ്യൂവും. Lcd ഡിസ്പ്ലേ ആയോണ്ട് തന്നെ always on display ഓൺ ആക്കി ഇട്ടാ ചാർജ് നല്ലോണം വലിയും. ലുക്കിന് വേണ്ടി വാങ്ങിക്കാം,Negative
ഈ video കണ്ടിട്ട് ആണ് ഞാൻ GOVO purchase ചെയ്തത് . January 2023 ൽ purchase ചെയ്തു . March ആയപോഴേക്കും right side ലെ speaker working അല്ലാതായി . 2 months പോലും ആയിട്ടില്ല . അപ്പോഴേക്കും damage ആയി . 1 year warranty പറയുന്നുണ്ട് . Warranty card ലെ WhatsApp നമ്പർ ലേക്ക് contact ചെയ്തിട്ട് ഇതുവരെ reply കിട്ടിയില്ല . ചേട്ടൻ Boat നേക്കാൾ നല്ല review govo ക്ക് കൊടുത്തപ്പോൾ product ന്റെ performance wise കുറച്ചു expect ചെയ്തു . 👎🏻,Negative
Boat airdopes edukkukaye cheyyaruth....ഒരെണ്ണം എടുത്ത് complaint വന്നു അത് റീപ്ലേസ് ചെയ്തു വാങ്ങി പിന്നേം കംപ്ലൈന്റ് വന്നു അത് boat സൈറ്റ് വഴി വാങ്ങി replace aakki. Warrenty കഴിഞ്ഞപ്പോ പിന്നേം കംപ്ലൈന്റ്... ആദ്യത്തേ use ചെയ്യുമ്പോ ഓട്ടോ disconnect ആയിരുന്നു ഇഷ്യൂ... രണ്ടാമത് വന്നത് പിന്നെ casil വച്ചാലും രണ്ടും disconnect ആകില്ല... അത് മാറി വന്നത് രണ്ടും casil വച്ചാൽ ഒരെണ്ണം മാത്രേ discinnect ആകു മറ്റേത് ആകില്ല... Resetaakiyal രണ്ടു മണിക്കൂർ പിന്നെ കുഴപ്പമില്ല... അതുകഴിഞ്ഞാൽ പിന്നേം pazepole,Negative
"Boat ന്റെ same സാധനമാണ് ഞാൻ ഉപയോഗിക്കുന്നെ , but കാൾ ചെയ്യുമ്പോൾ വൻ ശോകമാണ് . ANC യും ഇല്ല പറയുന്നത് clear ആകൂല്ല, out door ആണേൽ തീർന്ന് ..Under 2k aan budget എങ്കിൽ neckband ആണ് നല്ലത്.",Negative
bro magsafe battery pack നെക്കുറിച്ച് ഒരു വീഡിയോ ചെയ്യാമോ,Neutral
I phone 14 ഇനി എന്ന് വരും ഒരു വീഡിയോ ചെയ്യാമോ..???,Neutral
I phone xs 2022 il എടുക്കണമെന്ന് ഉണ്ട് നല്ല option ആണോ pls replay,Neutral
12 edukkan plan cheyunnu. എത്ര W ഫാസ്റ്റ് ചാർജർ വരെ അവൈലബിൾ ആണ്...?,Neutral
ഐഫോൺ വാങ്ങാൻ വേണ്ടി നിൽകുന്ന ഞാൻ ആകെ confusen സാംസങ് എടുകനോ iphone വേണോ,Neutral
14 pro 256 or 14 pro max 128 ഇതിൽ ഏത് എടുക്കുന്നത് ആണ് നല്ലത്,Neutral
Prathap.. ഞാൻ ഒരു 14 പ്രൊ വാങ്ങിച്ചു. ഡയനമിക് ഐലൻഡ് ഫൻക്ഷനെ പറ്റി ഒന്ന് പറഞ്ഞു തരാമോ... എപ്പോഴും ഇൻകമിങ് കാൾ ഒക്കെ ഈ ഡയനമിക് ഇൽ വരുമോ. എന്റെ ഫോണിൽ ചിലപ്പോൾ വരുന്നു. ചിലപ്പോൾ ഇല്ല.. ഒന്ന് പറഞ്ഞു തരുമോ,Neutral
@PrathapGTech ചേട്ടാ വീഡിയോയിൽ പറയുന്ന പോലെ ഫോൺ ചൂടാകാതെ ഇരിക്കാൻ display automatic down ആകുന്നത് ഒഴിവാക്കാൻ എന്തേലും ചെയ്യാൻ സാധിക്കുമോ,Neutral
Bro ഇപ്പോ ഇറങ്ങിയതിൽ വച്ച് ഏറ്റവും മികച്ച iphone ഏതാണ്,Neutral
14 pro edukkan ഉദ്ദേശിക്കുന്നു...ഈ ബഗ് ഒക്കെ ക്ലിയർ ആയോ?,Neutral
ഫോണിന്റെ അഭിപ്രായം പിന്നെ പറയാം .എന്തൊരു മൊഞ്ചാണ് നിങ്ങളെ കാണാൻ,Not_relevant
Malabari mom by sabi ഇത് എന്റെ യൂട്യൂബ് ചാനൽ ആണ് subscribe all,Not_relevant
ഹരീഷേട്ടന്റെ വീഡിയോ എപ്പോഴും Professional ടച്ച്‌ ഉള്ളതാണ് അതുപോലെ ക്വാളിറ്റിയിൽ ഒരു കോംപ്രമൈസും ഇല്ല...,Not_relevant
Quality 💕😇❤️ ഇതാണ്‌ bro,Not_relevant
Iphone 12 pro ഞാൻ ബുക്ക്‌ ചെയ്തു ഈ ഒരു വീഡിയോ വരാൻ കാത്തിരുന്നു thankyou hareesh bro ❤️❤️,Not_relevant
Apple പോലും തോറ്റു പോകുന്ന B-Roll,Not_relevant
QUALITY 144 കൊടുത്താലും പക്കാ ക്ലിയർ വീഡിയോസ് ആണ് മ്പളെ മച്ചാന്റെ മെയിൻ....!!✨️❤😍⚡️,Not_relevant
Monitor-ഇൽ MKBHD-യുടെ WALLPAPER AANALLO😄,Not_relevant
അടിപൊളി broll🥰🥰,Not_relevant
ആപ്പ്‌ ഫ്രീ ആണെങ്കിൽ amount കാണിക്കില്ല. In app purchase എന്ന് കാണിക്കുന്നുണ്ടെങ്കിൽ app ലെ എല്ലാ options കിട്ടണമെങ്കിൽ pay ചെയ്യേണ്ടിവരും👍,Not_relevant
"ഞാൻ ഐഫോൺ 6പ്ലസ് 2015 മാർച്ചിൽ വാങ്ങിയതാണ്. ഇത് വരെ യാതൊരു കുഴപ്പവുമില്ല . സത്യം പറയാം ഇത് സെരിക്കും ഒരു അദ്‌ഭുത ഫോൺ തന്നെ . ഇതിനിടയിൽ ഞാൻ രണ്ടോ മൂന്നോ ആൻഡ്രോയിഡ് ഫോൺ ഉപയോഗിച്ചിട്ടുണ്ട്, അതൊക്കെ പോയി.ഇതിന്റെ camera5ക്യാമെറാ5 മെഗാ പിക്സൽ മാത്രം ഉള്ളു പക്ഷെ ഇന്നത്തെ പുതിയ ആൻഡ്രോയിഡ് ഫോണിനെ പോള് വെല്ലുന്ന ക്ലാരിറ്റി ആണ്‌ . എനിക്ക് ഇനിയും ഒരു രണ്ടു കൊല്ലമെങ്കിലും ഇത് ഉപോയോഗിക്കാൻ കഴിയുമെന്നാണ് എന്റെ വിശ്വാസം . പക്ഷെ എന്തൊക്കെ പറഞ്ഞാലും പുതിയ ഫോൺ വാങ്ങുമ്പോൾ ഐഫോൺ 11 എടുക്കൽ ഒന്നും സാധിക്കില്ല ! എന്താ വില ! പകുതിയിൽ താഴെ പൈസക്ക് നമുക്കെ ആൻഡ്രോയിഡ് ഫോൺ വാങ്ങിച്ചു കൂടെ ? നോക്കട്ടെ ...",Mixed Feelings
"Oneplus 8 pro നല്ല phone ആണ്. But അതിലില്ലാത്ത features ഈ ഫോണിൽ ഉണ്ട്. Price അതിനേക്കാൾ കുറവാണ്. .(I think onplus 8 pro highest variant 60000/- , onplus 8t highest variant 46000/-",Mixed Feelings
"Super pricing ആണ്. But, its a huge amount for me.",Mixed Feelings
"ശരിക്കും നമുക്ക് വേണ്ടത് amoled യുടെ ഡിസ്പ്ലേ ഫീൽ ,ഒപ്പം കഴിവ് തെളിയിച്ച മികച്ച പ്രോസസ്സർ ,ഡമ്മി ഇല്ലാത്ത 4 കാമറ , എത്രയും പെട്ടന്ന് ചാർജ് കേറുന്ന ഫാസ്റ്റ് ചെർജിങ് സെറ്റപ്പ് , DARE TO LEAP വളരെ മനോഹരം ആയിര്ന്നു , പക്ഷെ ചിലരുടെ നിലവിളി കാരണം കമ്പനി ഒഴിവാക്കി ,ഈ 5G ഒക്കെ ഏതു കാലത്തു വരാനാ ,വന്നാലും ആ കാത്ത് ഈ 5g സെറ്റപ്പ് ഒക്കെ ഒള്ള ഫോൺ ഔട്ട്‍റ്റഡ്‌ ആകും ... വാസ്തവം പറഞ്ഞാ ബുദ്ധിയുള്ളവർ ഈ ഈ realme 8 5 G വാങ്ങില്ല , ബെറ്റർ ഗോ ഫോർ realme 8 or realme 8 pro .....njan use cheyyunnath 8 pro aanu..",Mixed Feelings
ഇതിനേക്കാൾ നല്ലത് iqoo 9 ആണ്,Mixed Feelings
Infinix user ആണ് 3 വർഷമായി gamers ൻ പറ്റിയത് അല്ല അല്ലെങ്കിൽ പൊളി ആണ്💓,Mixed Feelings
One plus is better...Gaming ചെയ്യുന്നവർക്ക് capasitive switchs ഉപകരിക്കും എന്നുള്ളതല്ലാതെ വേറെ ഒന്നും one plus മായി നോക്കിയാൽ പോര എന്ന് തോന്നുന്നു.,Mixed Feelings
Below 15k ആണെങ്കിൽ super👌🔥,Mixed Feelings
എന്റെ അഭിപ്രായം realme 8 series നേക്കാൾ better redmi note 10 series ആണെന്നാണ്...യോചിക്കുന്നവർ ലൈക്‌ അടി 👍.👇,Mixed Feelings
കൊറേ ഒക്കെ expect ചെയ്തത് കൊണ്ടായിരിക്കാം ഒരു പൂർണ തൃപ്തി ലഭിക്കാത്ത പോലെ . realme നല്ലതാണ്🖤.Dare to leap💛,Mixed Feelings
Bro ഇതു പോളിച്ചു.... battery ഊരി ഇടാം,Positive
Super phone ഒരു ഫോൺ വേണം😍.... Nokia 105 use ചെയുന്ന ഞാൻ...,Positive
ആരൊക്കെ വന്നാലും Xiaomi ഇഷ്ടം 🥰🥰,Positive
അടിപൊളി ആണ് ബ്രോ സ്റ്റബിലൈസേഷൻ ഉണ്ട് പിന്നെ അതുപോലെ ഫോട്ടോ ക്വാളിറ്റി വേറെ ലെവൽ ആണ് ❤️!,Positive
"Mi 11t pro എന്റെ കയ്യിലുള്ളത് 12/256 ആണ് 42k ആയിരുന്നു, പ്രൈസ് ഇപ്പൊ മാറ്റം ഉണ്ടായിരിക്കാം അല്ലേൽ അതിന്റെ 8/128 , 8/256 , ഉണ്ടാകും അതിൽ ഏതേലും എടുക്ക്.. ഞാൻ വാങ്ങീട്ടു 6months ആയി സംഭവം അടിപൊളി ആണ് Gaming, camera, charge backup, charging speed 120w, എല്ലാം പൊളിയാണ് ഒരു allrounder ആണ്.",Positive
ഞാൻ ആദ്യം ഉപയോഗിച്ചു തുടങ്ങിയത് X3pro (8/128) ആയിരുന്നു സംഭവം എനിക്ക് വളരെ ഇഷ്ടപ്പെട്ടു ഇപ്പോഴും കയ്യിലുണ്ട് അതിന്റെ കൂടെ Mi 11tpro വാങ്ങി (12/256) 42k ആയിരുന്നു വില അതിന് worth ആണ് കിടിലൻ എന്നു തന്നെ പറയാം അങ്ങനെയാണ് ഒരു Mi ഫാൻ ആയത് ❤️! ഭാഗ്യം ഉണ്ടേൽ എന്നേലും ഒരു നാൾ mi 13pro എടുക്കണം,Positive
MI A1 കിടിലൻ പോ ട്രൈറ്റ് ആയിരുന്നു തന്നത്.. ലൈറ്റിംഗ് ശരി ആണെങ്കിൽ ഒരു രക്ഷയും ഇല്ലാത്ത ഫോട്ടോകൾ.. .A1 ഉണ്ടായിരുന്നപ്പോൾ ഒരു പാട് ഫോട്ടോസ് എടുക്കുമായിരുന്നു... Chinese brands il ettavm nalla camera xiaomi thanne,Positive
Budget phone ആയ.. Realme 10 pro plus il .. 1 day back up കിട്ടും after put on 5g!!!,Positive
Sony xperia Xa1 ultra യിൽ കാണുന്ന ഞാൻ 😍😍i love sony sound &amp,Positive
"എനിക്കെന്നും പ്രിയപ്പെട്ട ബ്രാൻഡ് SONY. ഈ ബ്രണ്ടിനോടുള്ള ഒടുക്കത്തെ പ്രേമം കൊണ്ട് മുൻപ് xperia SP എന്നൊരു മോഡൽ ഞാൻ വാങ്ങിയിരുന്നു. 8 എംപി ആയിരുന്നു main camera. പക്ഷെ, ലെവെൻ പുലിയായിരുന്ന്. ആളിപ്പോ working അല്ല.but, ഇപ്പോഴും ഞാൻ സൂക്ഷിക്കുന്നു. 🥰",Positive
Nte പൊന്നു മച്ചു boat 141 എടക്കലെ അഞ്ചിന്റെ പൈസയിക്ക് ഇല്ല biuld quality is the worstest of all. Oru vattam nelathu veenal dhim 💥 poi 😂 njan currently use chynn nd ee sadanam 3 vattam replace chythu veezhaaathe kond naakkuan 🥲🥲🥲 veena poi 🤣🤣 everyone please go for govo 🥲🥲🥲,Negative
"ഞാൻ boat 141 vangiya ശേഷം ആണ് ഈ വീഡിയോ കാണുന്നത്....കെടന്നു call call ചെയ്യാൻ ബുദ്ധിമുട്ട് ആണ്...cut aayippokunnund,it&#39;s true....Nalla sound ulla areayayil നിന്ന് call ചെയ്യാൻ പറ്റുന്നില്ല...നമ്മൾ പറയുന്നത് മാത്രം കേൾക്കില്ല...ചുറ്റുപാടും ഉള്ളത് nallvannam കേൾക്കുന്നുണ്ട് എന്ന് കൊറേ പേര് പറഞ്ഞു",Negative
Govo വാങ്ങിയതാണ് കൊള്ളില്ല,Negative
Govo ഒന്നും ആരും എടുക്കരുത്.... അക്കെ flipkart ill 250 പേർ മാത്രമേ വാങ്ങിച്ചിട്ടുള്ളൂ.. അതുപോലും അവർ ആ മാതിരി products യൂട്യൂബേഴ്സിന് അയച്ചുകൊടുത്ത വീഡിയോ ചെയ്യിപ്പിച്ചിട്ടാണ്...ഞാൻ ആദ്യം ഈ brand കേൾക്കുന്നത് sarath&#39,Negative
But ചെവി നല്ല വേദന എടുക്കുന്നുണ്ട് .,Negative
അപ്പോ ഒരു കാര്യം തീരുമാനിച്ചു . .രണ്ടും എടുക്കുന്നില്ല . 🙂.Sound Leak 😶,Negative
"<a href=""https://www.youtube.com/watch?v=8pkGT349msY&amp;t=1m00s"">1:00</a> Bed ല് ആണേലും കോള് കട്ടാവുകയോ പാട്ട് കേള്കുന്പോള് pause ആവുന്ന പ്രശ്നം ഇല്ല ഞാൻ യൂസ് ചെയ്യുന്നുണ്ട് 😁 NB: BEAST MODE ഊംഫിക്കലാണ്",Negative
Flickering issue ചില യൂണിറ്റുകളിൽ കാണിക്കുന്നുണ്ട്,Negative
Mi 11i ഉപയോഗിക്കുന്ന എന്റെ അവസ്ഥ 🥲ഏതു നേരത്താണോ എടുക്കാൻ തോന്നിയത് 🤨,Negative
OnePlus ടെ വില അവർ തന്നെ കളഞ്ഞുകുറിച്ചു. ആ Carl Pei ഉള്ളപോ എല്ലാം perfect ആയിരുന്നു.,Negative
"പോക്കറ്റിൽ കിടക്കുന്ന ഫോണിനെ എങ്ങനെ സിംഗിൾ ഹാൻഡിൽ സൈലന്റ് ആക്കാൻ പറ്റും (quick മീറ്റിംഗ്‌സ് , പ്രയർ ടൈം etc ) .well എഞ്ചിനീയറിംഗ് ...",Neutral
"ആപ്പിളിന്റെ ഫോണുകൾ റിവ്യു ചെയ്യുമ്പോൾ ക്യാമറ പിക്സലും ബാറ്ററി കപ്പാസിറ്റിയും പറയുന്നതിൽ ഒരു അർഥവുമില്ല. Not comparable with other phones. 3046 mAh ബാറ്ററിയാണെങ്കിലും ഒരു ആൻഡ്രോയിഡ് ഫോണുമായി compare ചെയ്യുമ്പോൾ നേരെ അതിന്റെ ഇരട്ടി കപ്പാസിറ്റിയുള്ള ഒരു ഫോണിന്റെ ബാക് അപ് ആയിരിക്കും ലഭിക്കുക. അതിന്റെ കാരണം, ആപ്പിളിന്റെ ഒ.എസ് ആണ്. അത്രയ്ക്കും optimized ആയിട്ടുള്ള ഒ.എസ് ആണ് അത്രയും ബാക് അപ് ലഭിക്കുന്നതിന്റെ കാരണം. മെമ്മറിയുടെ കാര്യവും ഇങ്ങനെ തന്നെയാണ്. 4GB മെമ്മറിയാണെങ്കിലും 8GB യുള്ള മറ്റു ഫോണുകളേക്കാൾ പെർഫോമൻസ് ആയിരിക്കും ലഭിക്കുക.",Neutral
ഐഫോൺ 13 pro വാങ്ങണോ 14 pro വാങ്ങണോ? Heavy usage time കണ്ണിനു നല്ലത് ഐഫോൺ ആണോ S 22 അൾട്രായാണോ നല്ലത്?,Neutral
"iPhone 13pro ,iPhone 14 ഇതിൽ ഏതാ നല്ലത് bro",Neutral
"ഉറങ്ങുമ്പോൾ display തഴെ വരുന്ന രീതിയിൽ കമിഴ്ത്തി വച്ചാൽ മതി ,അല്ലേൽ off ചെയ്യാനും ഓപ്ഷൻ ഉണ്ടല്ലോ",Neutral
"സർ, ഏതാണ് നല്ലത്? iPhone 14 Pro Max അല്ലെങ്കിൽ Google pixel 7 Pro",Neutral
google pixel 7pro ആണോ iphone 13pro ആണോ good,Neutral
Hii...Bro vivo x80 pro ഫോൺ എങ്ങനെ ഒണ്ട്?..എല്ലാം കൊണ്ടും നല്ല ഫോൺ ഏതാ? ക്യാഷ് പ്രശ്നം അല്ല..... ഒന്ന് പറയുമോ,Neutral
Pixel 7 Pro ഇന്ത്യയിൽ ഇറങ്ങി അതിന്റെ unboxing ചെയ്യമോ,Neutral
ഈ vivid mode വലിയ സംഭവം ആണെന്ന് വിചാരിക്കുന്നവർ ഉണ്ട്.ഒരു camera comparison ചെയ്യുമ്പോൾ vivid mode use ചെയ്യാൻ പറ്റില്ല.Iphone use ചെയ്യുന്നവർക്ക് അറിയാം vivid mode use ചെയ്യുമ്പോൾ ഫോട്ടോയുടെ details കുറയുന്നത്.കാണാൻ നല്ല colour ആയിരിക്കും എന്നതിൽ സംശയമില്ല,Neutral
ഏട്ടാ എനിക്ക് അഹ് ipad pro തരുമോ ....😂 .Digital painting student ആയിട്ട് എന്താ കാര്യം നമ്മക് സ്വപ്നം കാണാൻ മാത്രേ കഴിയൂ...😑.എപ്പോഴു൦ collage work ചെയ്യാൻ മറ്റുള്ളവരോട് ഇരക്കേണ്ട ഗതിയ എനിക്കൊക്കെ .... എന്തായാലും വീഡിയോ സൂപ്പർ ആയിട്ടുണ്ട്‌ .....🙌👍,Not_relevant
Presentation quality ആണ് സാറേ ഇങ്ങേരുടെ main എന്തോ മറ്റുള്ള teck youtuber മാർ ഇങ്ങേരെ following ചെയ്തു പഠിക്കണം,Not_relevant
Bro മാരക എഡിറ്റിംഗ് ആണ് ട്ടൊ പറയടെ വയ്യ,Not_relevant
"Quality യെ പറ്റി പറയാൻ comment box ൽ വന്നപ്പോൾ ഇവിടെ ഫുൾ അത് തന്നെ, ഞാൻ ആയിട്ട് പറഞ്ഞു അവർത്തനവിരസത ഉണ്ടാക്കുന്നില്ല. .നിങ്ങൾ വേറെ ലെവൽ ആണ് broo.....",Not_relevant
Unbox Therapy ആണോ ? 🤭,Not_relevant
ഇങ്ങേരുടെ വീഡിയോ കണ്ട് പിടിച്ചുനിൽക്കാൻ വയ്യാതെ airpods pro വാങ്ങിയ ഞാൻ.ഇനി ഇതും..?🤔,Not_relevant
Video Quality ഒന്നും പറയാൻ ഇല്ല. അപാരം 🔥... എന്നെ ഞെട്ടിച്ചത് മറ്റൊന്ന് ആയരുന്നു. എഡിറ്റ് ചെയ്യാൻ വേണ്ടി ഷൂട്ട് ചെയ്ത വീഡിയോ 😱 kiddillaamm !!!! ഒരു Professional cameraman എടുത്ത പോലെ ഉണ്ട്. ALL THE BESTT 🔥🔥🔥,Not_relevant
അവതരണം എന്ന് പറഞ്ഞാൽ ഇതാണ്.......ഇനി കണ്ണടച്ചു പോയി വാങ്ങാം.... ‌  😍😘 🔥 our youtuber....ഹരീഷേട്ടാ🥰,Not_relevant
Thank you so much for the comment. താങ്കൾ പർഞ്ഞ്ത്‌ വളരെ ശരിയാണ്. Budget phones review ചെയ്യാൻ ആരും review unit തരുന്നില്ല എന്നതാണ്. Channel growth കണ്ടിട്ട്‌ direct brands ഒക്കെ വന്ന്തുടങ്ങിയാൽപ്പിന്നെ എല്ലാം സാധിക്കും. അതിനായി കാത്തിരുന്നേപറ്റൂ. Hopefully എല്ലാം സാധിക്കും👍👍,Not_relevant
"ഇന്ന് ആദ്യമായിട്ട് ആണ് ഈ ചാനൽ കാണുന്നത്, i pad pro ൽ serch recommendation ആയിട്ട് വന്നതാണ്.സാധരണ മലയാളം reviews കാണാറില്ല, quality ഇല്ലാത്ത ഉടായിപ്പ് വീഡിയോസ് ഇടുന്നത്കൊണ്ട് ആണ് കാണാത്തത് .പക്ഷെ നിങ്ങളുടെ വീഡിയോ കണ്ടപ്പോൾ ഞാൻ ഞെട്ടി, എവിടെയായിരുന്നു ഇത്രയും കാലം ??😍😍. In world mrwhostheboss .Now in Malayalam You 👌👌👌👌.ഒരു അഭ്യർത്ഥനയുണ്ട് : കുറച്ചു budget products review ചെയ്താൽ ഒരുപാട് പേർക്ക് ഉപകാരപ്പെടും, ചെയ്യുമ്പോൾ popular അകാൻ chance ഉള്ള products ചെയ്യണം, like upcoming oneplus nord , .Go ahead brother",Not_relevant
അടിപൊളി ഫോൺ but വാങ്ങാൻ ക്യാഷ് ഇല്ല 😥,Mixed Feelings
പൈസ നഹി ഹേ ബായ് 😔.കിടിലൻ ഫോൺ 💕♥️,Mixed Feelings
"അടിപൊളി phone, പൈസ illa❤😊",Mixed Feelings
"M21 ഉപയോഗിച്ച് M21 unboxing kanunnu😎. ഷോപ്പിൽ നിന്നും വാങ്ങി. One month ആയി usage. Display and clarity super. Heavy gaming not recommended. ഒരു Average യൂസർക്ക് പറ്റിയ phone ആണ്. എത്ര heavy usage ആണെങ്കിലും battery 1 day full നില്കും( 2 days നിൽക്കില്ല). പിന്നെ network speed പോരാ തോന്നി. Camera, video, sound Quality super👌",Mixed Feelings
ഈ smartphone വളരെ അധികം ഇഷ്ടപ്പെട്ടു പക്ഷെ വാങ്ങാൻ cash ഇല്ല 😢,Mixed Feelings
"Infinix ബോർഡ്, display എല്ലാം നല്ല life ഉണ്ട് 👌👌. Samsung ബോർഡ് കംപ്ലൈന്റ്, Hang . Oppo ബഗ്ഗിംഗ് issue",Mixed Feelings
ഞാനൊരു User ആണ്... നേരത്തെ ഞാൻ Use ചെയ്തിരുന്നത് Samsung ഫോൺ ആയിരുന്നു.... നോർമൽ ഒരു കാൾ ചെയ്താൽ പോലും samsung ഫോൺ വല്ലാണ്ട് ചൂടാകുമായിരുന്നു... പക്ഷെ oppo യുടെ ഫോൺ use ചെയ്യാൻ തുടങ്ങിയതിൽ പിന്നെ അങ്ങനെ ഒരു കുഴപ്പമില്ല... സ്ഥിരം ഞാൻ PUBG കളിക്കാറുണ്ട് ചൂടാകാറില്ല ഇപ്പോൾ...മാത്രമല്ല ഫോൺ slow ആകുന്നില്ല.... എന്റെ ഫോൺ OPPO F15 ആണ്... അതിനേക്കാൾ നല്ലതാണ് F17 എന്നു വിശ്വസിക്കുന്നു...,Mixed Feelings
Display മാത്രം പൊളി,Mixed Feelings
"Got 12/256 gb variant at 38500 without exachange.. 💯💯. കില്ലാഡി ഫോൺ.. Os🔥🔥🔥🔥,.. Iqoo ബാറ്ററി കപ്പാസിറ്റി gradually കുറഞ്ഞു വരുന്നുണ്ട്, nfc ഇല്ലാ, ക്യാമറ 👎👎👎, only for gamers!!.11R കൊള്ളാം.. 11R same price ആണ് nothing 2.. Display ലൈൻ വരുന്ന ഫോൺ എടുക്കുന്നതിനേക്കാൾ നല്ലതാ nothing അല്ലെ",Mixed Feelings
Sanam🥰. Bat എനിക്ക് ചാച്ചർ വേണം..,Mixed Feelings
എന്റെ ആദ്യത്തെ ഫോൺ Sony Xperia T2 Ultra .അത് പോലൊരു ഫോൺ ❤,Positive
Sony ഉയിര് ❤❤❤❤,Positive
First phone- Sony Xperia Z ❤️.ഒന്നൊന്നര ഫോൺ ആയിരുന്നു. സോണി ഇഷ്ടം ✨🥰,Positive
sathyam മിന്നൽ ഫ്ലാഷ് ❤,Positive
EXPERIA 1Mark II use ചെയ്യുന്നു ❤️,Positive
ഇത് എങ്ങനെയാ വാങ്ങിയത്?.എന്റെ favourite ഫോൺ ആണ്.,Positive
അരെ സോണിയാ...😉❤️✌️..Sony xperia,Positive
S O N Y 🔥.Brand... Not For Everyone.. Quality ഇഷ്ടപ്പെട്ടു വാങ്ങുന്നവർക്ക് വേണ്ടി മാത്രം.. വില കുറവ് നോക്കി ഒരുത്തനും ഇങ്ങോട്ട് വരണ്ട.,Positive
Sony walkman w200i my first phone..... അതിന്റ ഹെഡ് ഫോൺ ക്വാളിറ്റി ഇത് വരെ വേറെ ഒരു ഫോണിന്നും കിട്ടിയിട്ടില്ല... ( ചിലപ്പോ ഉണ്ടാവും ഞാൻ ഉപയോഗിച്ചതിൽ ഒന്നിനും കിട്ടിയിട്ടില്ല ),Positive
ഇപ്പോഴും കയ്യിൽ ഒരു Xperia XA 1 plus ഇരിപ്പുണ്ട് 🔥 ക്യാമറ 💥💥,Positive
M21  ഷോപ്പിൽ നിന്നും വാങ്ങി. One month ആയി usage.  Heavy gaming not recommended.  battery 1 day full നില്കും( 2 days നിൽക്കില്ല). പിന്നെ network speed പോരാ തോന്നി.,Negative
ഞാനൊരു User ആണ്... നേരത്തെ ഞാൻ Use ചെയ്തിരുന്നത് Samsung ഫോൺ ആയിരുന്നു.... നോർമൽ ഒരു കാൾ ചെയ്താൽ പോലും samsung ഫോൺ വല്ലാണ്ട് ചൂടാകുമായിരുന്നു...,Negative
"Iqoo ബാറ്ററി കപ്പാസിറ്റി gradually കുറഞ്ഞു വരുന്നുണ്ട്, nfc ഇല്ലാ, ക്യാമറ 👎👎👎, only for gamers!!.",Negative
"Samsung ബോർഡ് കംപ്ലൈന്റ്, Hang . Oppo ബഗ്ഗിംഗ് issue",Negative
കൊറേ ചവർ ഫോൺ ഇറക്കി oneplus വില കളഞ്ഞു,Negative
ഇനി ഈ ഫോൺ എടുക്കില്ല 😂,Negative
1+ നോർഡ് തൂറ്റി 😂😂😂,Negative
ഒന്ന് നിലത്ത് വീണാൽ ഊo ഭീ.......😊,Negative
Selfie ക്യാമറ കാൽകാശിന് കൊള്ളുല😅😅😅😅,Negative
ഇതിൽ വോയിസ്‌ അസ്സിസ്റ്റ്‌ വർക്ക്‌ ആകുന്നില്ല,Negative
ഉണ്ട്. Samsung M30 3GB 32 GB varient - Full HD Super AMOLED Display with 5000MaH Battery..പിന്നെ Samsung M10s also under 10000 with Smoked Display,Neutral
100 Mb 😅😅 അപ്പൊ iphone 13 maximum ethra size വരെ വരും photo edukumbol,Neutral
Bro first time alle apple always on display kondu വരുന്നത് വരും update ellam maarum,Neutral
അതുപോലെ ഏതേലും app use ചെയ്തിട്ടോ അല്ലേൽ മറ്റ് എന്തെങ്കിലും വഴിയോ wtsp chat കാണാൻ പറ്റുമോ ഐഫോണിൽ... ഇതിനും കൂടെ റിപ്ലൈ തരുമോ ബ്രോ...pls,Neutral
"12 pro Max ullavar,.iPhone 13 ,14 leku uodate ചെയ്യേണ്ട ഒരു കാര്യവും ഇല്ല...No significant differences..",Neutral
രണ്ട് ഫോണിലും സെയിം ആപ്പിൾ ഐഡി ആണേൽ.....ഒന്നാമത്തെ ഫോണിലെ wtsp chat ഒക്കെ രണ്ടാമത്തെ ഫോണിൽ കാണാൻ പറ്റുമോ...? Pls rply,Neutral
ashaane......samsung s23 ultra flipkartil same varient thanne 2 price കാണുന്നുണ്ട്..എന്താ അതിൻ്റെ different..ethu verient anu എടുക്കേണ്ടത്,Neutral
Eppoyathe ഫോണിൻ്റെ updates ntha ?? Parana kollayrnn battery draining നെ കുറിച്ച് അറിയാൻ,Neutral
Bro heating ഇണ്ടോ phone,Neutral
Appo eth ഒറപ്പിച്ചു nothing veno Samsung veno nokuvayirunnu😌,Neutral
Nicey ജയരാജേട്ടാ 💥,Not_relevant
njan nihal എനിക്ക് photography ദയകര ഇഷ്ടാണ് എന്നാൽ ഒരു camera വാങ്ങാൻ എന്റെ കൈയിൽ കാഷില്ല എന്നി കോരു camara വാങ്ങി തരുമോ.Pls ഇല്ലന്ന് പറയറുത് Pls ഞാൻ കോഴി കേടാണ് താമസിക്കുന്നത്ത് .Pls വാങ്ങിച്ചു തരണം Pls ikka onne vaghitharu pls,Not_relevant
അടിപൊളി.... ഞൻ subscribe ചെയ്തു...,Not_relevant
Mass featute ആയിരിക്കും .... 🔥.ആദ്യത്തെ വിഡിയോ നിങ്ങളുടെത് തന്നെയായിരിക്കണം ----.. Waiting💯💯😍,Not_relevant
"എനിക്കു ഇത് vedikanilla kelp ഒന്നുല, എന്നാലും നിങ്ങടെ വീഡിയോ കാണാൻ രസാ",Not_relevant
uff english ചാനെൽ കിട്ടവോ ഈ quality,Not_relevant
Liadar Sensor നെ കുറിച്ച് കൂടുതലൊന്നുo പറഞ്ഞില്ലല്ലോ .......ഇത് വാങ്ങാൻ പൊകുന്നില്ലെങ്കിലും Apple Product കണ്ടോണ്ടിരിക്കാൻ തന്നെ നല്ല സുകവാ .... .Quality കിംഗ്‌🔥🔥🔥🔥.ഇനിയും | Pad Pro യെ പറ്റി വിഡിയോ വരുമെന്ന് പ്രതീക്ഷിക്കുന്നു ....,Not_relevant
പിന്നല്ല..bro poli aan..😃😃🔥,Not_relevant
നിങ്ങള് എന്തുകൊണ്ട് ഇത്ര under rated ആയിപ്പോയി! 😣😣,Not_relevant
"i cant buy this one ,its a huge rate for me.....15,000,അകത്തു കിട്ടിയിരുനെഗില്‍ നാന്‍ അപ്പൊ ത.നെ വാങ്ങുമായിരുന്നു",Not_relevant
Bro samsung.. m34...Notch display matti nirthiyal value 4 money ahnu....ഓഫറിൽ.16999 ന് കിട്ടും...തരക്കേടില്ലാത്ത ui. .4 വർഷത്തെ OS അപ്ഡേഷൻ.5 വർഷത്തെ സെക്യൂരിറ്റി അപ്ഡേഷൻ..50mP triple camera.120hz Amoled display.6000mah battery..NFC support.E-wallet support...പിന്നെ പ്ലാസ്റ്റിക് ബോഡി ആണ് .നല്ലൊരു കേസ് ഇട്ടാൽ മതി..5 വർഷം. പുഷ്പം പോലെ കൊണ്ടു നടക്കാം...Snapdragon അല്ല.,Mixed Feelings
കുഴപ്പം ഇല്ല എന്നാലും 10000 രൂപ റേഞ്ചിൽ നോക്കുമ്പോ അടിപൊളി ആണ് gaming നല്ലതുപോലെ പറ്റുന്നില്ല എന്നാലും config ഒക്കെ ഇട്ട് കളിക്കുമ്പോ clear ആണ് കൊള്ളാം അത്രേ പറയാനുള്ളു എന്തായാലും ഞാൻ 6manths ഇനകം new ഫോൺ എടുക്കും ഒന്നേൽ realme x2 അല്ലേൽ realme 7 pro,Mixed Feelings
💖 എന്റെ ഫോൺ redmi 4A ആണ്.... ഈ ഒരു price range ൽ നല്ല ക്യാമറയും നല്ല സമൂതിങ്ങും ഉള്ള ഫോൺ ആണ് ഇത് .....❤❤ .ഗെയിമിംഗ് നല്ല സ്മൂത്ത് ഉണ്ട്..ഞാൻ ഒരേ സമയം COD/PUBG LITE /FREEFIR കളിച്ചിട്ടുണ്ട്...ഇപ്പൊ കളിക്കുന്നത് PUBG MOBILE ആണ്.. പക്ഷെ കുറച്ചു അതികം ലാഗ് ഉണ്ട്....കാരണം ഇത് high graphics ഉള്ള ഗെയിം ആണ്. അപ്പോൾ അതിന്റെതായ പോരായ്മ ഉണ്ടാകും.....💥💥💯,Mixed Feelings
നിലവിൽ 10000 price rangel redmi 9 prime aanu valu for money. But ethu kittan വളരെ ബുദ്ധിമുട്ടാണ്,Mixed Feelings
Jayaraj എട്ടോ പാവങ്ങളെ ഇങ്ങനെ പറ്റിക്കരുത്.. 10000 രൂപയിൽ Best phone.എന്നത് REDMI 9 PRIME ഇനു അവകാശപ്പെട്ടതാണ്.. എനിക്ക് അതിൽ ആകെ ഇഷ്ടമില്ലാത്തത് എന്നത് MIUI 11 ആയിരുന്നു.. പക്ഷെ അതിനെയും കവച്ചുവച്ഛ് REDMI അതിൽ MIUI 12 ഇന്റെ update കൊണ്ടുവന്നിട്ടുണ്ട്... നിങ്ങൾ ഇതേ വാങ്ങാവൂ....,Mixed Feelings
"പിന്നെ weight ഉണ്ടെങ്കിലും ഓവർ weight തോന്നിക്കുകയൊന്നുമില്ല .Camera mass ആണ്, . movie mode പൊളി , .Next അപ്ഡേഷനിൽ കാമറ ഒന്നൂടി മെച്ചപ്പെടും എന്നുറപ്പാണ് .പിന്നെ ഫോണിന്റെ ലുക്ക് അടാർ ഹെവി ലുക്ക് ആണ് .Battery back അപ്പ് super.ചാർജിങ് കുറച്ചു ടൈം പിടിക്കും",Mixed Feelings
എന്റെ അഭിപ്രായത്തിൽ 40k മുടക്കാൻ പ്ലാൻ ഉണ്ടെങ്കിൽ iPhone ആണ് ബെസ്റ്റ് വിവോ ഓപ്പോ എല്ലാം ചാത്തൻ ഫോണുകൾ ആണ്.,Mixed Feelings
ഇതേ ഫോണിൽ ഈ വീഡിയോ കാണുന്ന ഞാൻ... നല്ല ഫോൺ ആണ്... Ads കുറച്ചു സീൻ ആണ്... ചെറിയ ചെറിയ bug indu... ശെരിയാകുവായിരിക്കണം...hope💕... ക്യാമറ ക്വാളിറ്റി രക്ഷയില്ല വേറെ ലെവൽ ആണ്... Portrait chumma scene... Camera performence adipwli aanu... Video aayalum photo aayalum nallathanu...,Mixed Feelings
zooming മാറ്റി നിർത്തിയാൽ ബെറ്റർ വിവോ ആണ്.,Mixed Feelings
"ഇത്രയും ഫീച്ചറുകൾ ഉണ്ടായിട്ടും 70,000 ഓവർ അല്ല. battery Capacity കുറവായി തോന്നി.പൊളി സാനം ❤❤",Mixed Feelings
Sony 🔥 beast in hands.... പണി ഗൾഫിൽ ആയിരുന്നെങ്കിൽ ഒന്ന് ഇറകിയെനെ ...ജീവിതം ഇവിടെ ആയിപോയില്ലെ,Positive
"എന്റെ പൊന്നോ, കട്ട വെയ്റ്റിംഗ്.. 2007 മുതൽ സോണി മൊബൈൽ ആരുന്നു യൂസ് ചെയുന്നത്, w700i ൽ ആരുന്നു തുടക്കം,,, പിന്നെ കുറെ സോണി എടുത്തു ലാസ്റ്റ് എടുത്തത് Z5 ആണ്. അങ്ങനെ സോണിയുടെ കട്ട ഫാൻ ആയി, ക്യാമറ 3 എണ്ണം വാങ്ങി, ഈ അടുത്തിടക്ക് സോണി ബ്രാവിയ ഉം എടുത്തു,മൊബൈൽ ഇന്ത്യയിൽ നിർത്തിയപ്പോ, വേറെ നിവർത്തി ഇല്ലാത്തോണ്ട് റിയൽമി, റെഡ്മി, പോക്കോ ഒക്കെ എടുത്തു... ഇപ്പൊ സോണി ക്യാമറ എടുക്കാൻ പ്ലാൻ ചെയുന്നു, മൊബൈൽ പറ്റിയാൽ എടുക്കണം......ഭായ്,യൂസ് ചെയ്തു കഴിഞ്ഞുള്ള റിവ്യൂ ണ് കട്ട വെയ്റ്റിംഗ്...",Positive
"വർഷങ്ങൾ ആയി SONY മൊബൈൽ യൂസ് ചെയ്യുന്നു ഇന്ന് വരെ വേറെ ഒരു ബ്രാൻഡ് യൂസ് ചെയ്ത് ട്ടില്ല... ഉള്ളത് പറയട്ടെ അധികം കംപ്ലയിന്റ് വരാത്തതും ഇത്രെയും ക്വാളിറ്റി ഉള്ള ഒരു ബ്രാൻഡ് കമ്പനി ലോകത്തു വേറെ ഇല്ല സോണിയുടെ ക്വാളിറ്റി ഇപ്പോ മറ്റ് ഉള്ള ബ്രാൻഡ് സാംസങ്, ഐഫോൺ, ഗൂഗിൾ PIXEL എല്ലാം മനസ്സിൽ ആക്കി കയിഞ്ഞു... കൊടുക്കുന്ന ക്യാഷ് ന് മുതൽ ആകുന്ന ലോകത്തെ ഒരേ ഒരു ബ്രാൻഡ് SONY ❤🥰❤💪💪😍😍",Positive
ആദ്യ ആയി ഒരു ക്യാമറ ഫോൺ എടുത്തത് w810i അത് മുതൽ big fan ആണ് 🔥,Positive
Boult rover വേടിച്ചു ബെസ്റ്റ് കാളിങ് സ്മാർട്ട്‌ വാച്ച് ആണ് അത്യാവശ്യം ബാറ്ററി ബാക്ക് അപ്പ്‌ ഉണ്ട് 👍,Positive
1 year വാറുണ്ണി coming😎🔥🔥,Positive
"അണ്ണാ ഇന്നലെ രാത്രി ആൻഡ്രോയ്ഡ് 13 അപ്ഡേഷൻ കിട്ടി google 6a ക്ക്.... രാവിലെ മുതൽ 6a ക്ക് വേറെ സ്വാഭാവം പൊളി....6a വാങ്ങി മൂഞ്ചി എന്ന് വിചാരിച്ച് ഇരിക്കുകയായിരുന്നു..... ഇന്ന് വേറെ level feeling touch, speed, battery backup ..... അന്യായം.... Shazam പയലേ നോക്കാടെ എന്നിട്ട് ഒരു റിവ്യൂ കൂടെ ഇട്.....",Positive
ക്യാമറയുടെ കാര്യത്തിൽ pixel ആണ് രാജാവ് അതിനെ കവിച്ച് വെട്ടാൻ ഒരുഫോണും ഇന്നേ വരെ വന്നിട്ടില്ല,Positive
Appo ഈ ഫോൺ കൊള്ളാം 😁,Positive
"Pixel 4a ഒന്നോര വർഷമായി ഉപയോഗിച്ചു വരുന്നു. ഒരു പ്രശ്നവും ഇല്ല നല്ല ക്യാമറ.വേറെ ലെവൽ തന്നെ.സോഫ്റ്റ്‌വെയർ ഒപ്ടി മൈ സേഷൻ,,3140 mah ബാറ്ററി 18 വാട്ട്‌ ചാർജ്, പക്ഷെ 25 വാട്ട്‌ ചാർജർ ഉപയോഗിച്ചു ചാർജ് ചെയ്യും, ഫാസ്റ്റ് ചാർജ്ജിങ്.",Positive
ഇത് time നോക്കാൻ ഉപ്പയോഗികുന്നത് സാധനം anno.😂😂..price👎,Negative
"<a href=""https://www.youtube.com/watch?v=qwmbOTCfA_c&amp;t=1m50s"">1:50</a> ആ തട്ടൽ തന്നെ ഒള്ളൂ. ഒരു galaxy watch 4 വങ്ങിയത അത് തന്നെ പണി ഇപ്പൊ ഒരു വലിയ scratch വീണിട്ടുണ്ട്. ",Negative
ആരും വാങ്ങരുത്. വാങ്ങി 2 വർഷം കൊണ്ട് motherboard poyi,Negative
Bro എന്റെ ഇതിന്റ എഡ്ജ് ലൈറ്റ് വർക്ക്‌ ആകുന്നില്ല,Negative
ബുക്ക് ചെയ്ത് കാൻസൽ ചെയ്തു. flipkart assured അല്ല. ബാറ്ററി ചാർജ് ഇല്ല എന്ന് പലരും പറയുന്നതിൽ നിന്നറിയാം എവിടെയോ കിടന്ന ഫോണാണ്. റിഫർബ് ആകാം. ബാറ്ററി ഹീറ്റപ്പ് ഉണ്ട്. രണ്ട് 5 G സിമ്മും ഒരുമിച്ച് എടുക്കില്ല. ഓഡിയോ ജാക്ക് ഇല്ല. ois ഇല്ല..അത് കൊണ്ട് 12 പ്രോ എടുത്തു. 1000 കൂടുതൽ,Negative
ബ്രോ gt build ക്വാളിറ്റി വളരെ മോശം ആണ് 😊 മാത്രം അല്ല ക്യാമറയും പോരാ 😃 ഇതു പറയാൻ കാരണം എന്റെ കൈൽ ഉള്ളത് realme gt neo 3t ആണേ 😃 ഞാൻ 19 രൂപയ്ക്ക് എടുത്ത ഫോൺ ആണ് 😊,Negative
Dead ആയിട്ടാണ് എനിക്ക് കിട്ടിയത് realme gt 2,Negative
SD 870....എന്നേ കൊണ്ട് പറയിപ്പിക്കരുത്...ഒരു OTG കുത്തി പടം കോപ്പി ചെയ്യുമ്പോ കാണാം SD 870😢😢 അജ്ജാതി സ്ലോ ആണ്...POCCO F3 GT ഡിസ്പ്ലേ പണി തന്നപ്പോ എക്സ്ചേഞ്ച് മേടിച്ചതാണ്..7 മാസം മുൻപ്..അത് dimensity ആയിരുന്നു...കിടിലൻ otg transfer speed ആയിരുന്നു....,Negative
ആ പച്ഛ വരെടെ കാര്യം പറഞ്ഞത് മുതൽ full മൂടും പോയി.. കാരണം എൻ്റെ കയ്യിൽ പച്ചയും റോസും ഒക്കെ വര ഉള്ള ഒരു OnePlus 8t anu🥹,Negative
ഇത് ഒക്കെ കാണുബോൾ ആണ് ഞാൻ ഉപയോഗിക്കുന്നു mi ഫോൺ എടുത്തു പൊട്ടാ കിണറ്റിൽ ഇടാൻ തോന്നുന്നു 🙄😔,Negative
S23 plus ആരും ചെയ്യുന്നില്ല അതിന് വല്ല hardware problem ഉണ്ടോ,Neutral
ഇതിന്റെ os കണ്ടിട്ട് Nokia android ന്റെ os പോലെ ഉണ്ട്,Neutral
"Bench mark ൽ അല്ല optimization അറിയുന്നത്, Regular use ൽ ആണ്",Neutral
ഈ ring tone വെച്ചാൽ വേറെ level ആകും 😂😂,Neutral
ചേട്ടാ... nothing ear 1 ഈ ഫോണുമായി connect ചെയ്യുന്നത് ഉൾപെടുത്താമായുരുന്നു....eco system എങ്ങനെ ഉണ്ട്‌ എന്ന് അറിയാൻ ആയിരുന്നു....ഞാൻ നോക്കിയിട്ട് ആരും ചെയ്‌തതായി കണ്ടില്ല...,Neutral
Glyph interface illairunnu എങ്കിൽ ഈ ഫോൺ edukkairunnu എന്ന് chinthichavar ഉണ്ടോ?,Neutral
USB 2.0 ആണോ 3.0 ആണോ🤔,Neutral
Led ലൈറ്റ് ഓഫ് ചെയ്യാൻ പറ്റുമോ ?,Neutral
"45w faste charger എന്തിനാണ് എന്ന് വെച്ചാൽ next ഫോൺ വരുമ്പോ അതിൽ 45w okke support ആയിരിക്കും,എപ്പോഴും ഈ ചാർജർ മതിയാകും,,,",Neutral
IPhone ഇൻ opponent aavumenn thonunnu,Neutral
"ക്വാളിറ്റി ആണ് സാറെ ഇയാളുടെ മെയിൻ. THIS NEVER GETS OLD, പൊളി സാനം🥰🥰🥰",Not_relevant
പൊളി ഹരീഷേട്ടാ.... .എല്ലാ കമന്റ്‌സിനും റിപ്ലൈ.... .😍😍😍😍😍😍😍👌,Not_relevant
"ചേട്ടന്റെ വീഡിയോ വന്നോ , വന്നോ ഇടക്ക് നോക്കുന്ന ഞാൻ ... 😎... ഓരോരോ വീഡിയോകളും കാണാൻ എന്താ ക്വാളിറ്റി😘😍.. കട്ട വെയ്റ്റിംഗ് ആണ് next വീഡിയോ📍...ഇവിടെ ഓരോർത്തർക് Apples product review ചെയ്യാൻ ചാകര പോലെ കിട്ടുന്നു.. ഞമ്മളിവിടെ തോട്ടിലെ നത്തോലി(പേരൽ)പിടിച്ചു നടക്കുന്നു😅.",Not_relevant
എവിടെ ആയിരുന്നു bro എത്രയായി കണ്ടിട്ട്,Not_relevant
നല്ലൊരു റിവ്യൂ ആരുന്നു ഹരീഷ് ഭായ്....മേടിക്കാൻ എന്തായാലും നമ്മളെ കൊണ്ട് താങ്ങില്ല...എനിക്ക് ആ വീഡിയോ ചെയ്തത് ഇഷ്ടമായി..Superb..,Not_relevant
ഹരീഷേട്ടാ... പൊളി ആണേ😍👌🏻👌🏻.ആ കാമറ വെച്ചുള്ള BRoll വീഡിയോ മേക്കിങ്ങിലും സൂപ്പറാണെ...,Not_relevant
"<b>Internet ശോകമായത് കൊണ്ട് 240pൽ ഇട്ട് കണ്ട്, ഹരീഷേട്ടന്റെ video quality ആസ്വധിക്കാൻ പറ്റാത്തത് ഞാൻ മാത്രമാണോ?</b>",Not_relevant
"Purchase ചെയ്യാൻ എന്റെ പൊന്നോ എത്ര വീഡിയോ തപ്പി നോക്കി ഒന്നിലും മുഴുവനില്ല.🥵.But, ഇവിടെ ഒന്നിലും ഒരു കുറവും വന്നിട്ടില്ല...💖.Tnx💗Thank U soo much😍.New sub.r",Not_relevant
Review എന്നാൽ ഇതാണ് ഒരുപാട് ഇഷ്ടപ്പെട്ടു,Not_relevant
Airpod proyil kettondirukkunna aarenghilum ഉണ്ടോ.Neela mukku👇😍,Not_relevant
ഈ എൽജി ഫോണിന്റെ വില കേട്ടപ്പോൾ ഞാൻ ഞെട്ടിപ്പോയി..But unique design and more unique features.,Mixed Feelings
ഈ ഫോണിന്റെ ഭാരവും തിക്ക്നെസും കൂടുതലാണെന്ന് തോന്നുന്നവർക്ക് പ്രൈമറി സ്ക്രീൻ കുത്തിപ്പറിച്ച് ഇളക്കിയെടുത്ത് ഉപയോഗിക്കാവുന്നതാണ്....,Mixed Feelings
ഇതിനെക്കുറിച്ച് അത്ര സുഗിച്ചില്ല. രണ്ടും കൂടി ഉപയോഗിക്കുമ്പോൾ ഭയങ്കര ബുദ്ധിമുട്ടാണ്. LG ടെ മറ്റേ ഫോണാണ് സൂപ്പർ അത് ഒരു ഫോണായി detach ചെയ്ത് മാറ്റാമല്ലോ,Mixed Feelings
ഈ ഫോണിൽ എല്ലാവർക്കും താത്പര്യം തന്നെ അതിൻ്റെ പ്രൊസസ്സറാണ്. .5g അല്ല പ്രശ്നം,Mixed Feelings
Vivo V20 Se ഉപയോഗിച്ച് നോക്കുമ്പോൾ ഒരു നല്ല Phone ആണ്. മറ്റു Phone മായി Compare ചെയ്തു നോക്കുമ്പോൾ മനസിലാവും. എല്ലാ ഗുണങ്ങളും ഉണ്ട്. കുഴപ്പം Features നോക്കുമ്പോൾ മാത്രമേ ഒള്ളു,Mixed Feelings
"ചേട്ടോ... ഇത് ക്യാഷ് കൊടുത്ത് വാങ്ങിയതാണല്ലേ 😄... റിവ്യൂ കാണുമ്പോ ആ ഒരു അതൃപ്തി ശെരിക്കും അറിയാനുണ്ട്... എന്തൊക്കെ പറഞ്ഞാലും ഈ ഒരു വിലയിൽ ഇത്രക്ക് features ഇവർ തരുന്നുണ്ടല്ലോ,, ശെരിക്കും poco ഒരു കില്ലർ ഫോൺ തന്നെ ആണ് 💪",Mixed Feelings
"❤❤MICROMAX IN NOTE 1❤❤.®DISPLAY-6.67 inch FHD+ 60hz display (POCO M2 PRO).®BATTERY-5000 maH battery, 18W fast charger (Realme 7i).®CAMERA-48+5+2+2 MP (ONEPLUS 8Tyude camera design).Selfie-16MP (REDMI NOTE 9 PRO).®GOOGLE ASSISTANT BUTTON- (ഏതോ ഫോണിൽ കണ്ടിട്ടുണ്ട് ഏതാണെന്ന് മറന്നുപോയി 😜).®PROCESSOR-Mediatek Helio G85 (Redmi Note 9)..ചുരുക്കി പറഞ്ഞാൽ, ഒരു ഫോണിനെയും മൊതലാളി മറന്നിട്ടില്ല copy അടിക്കാൻ 😂",Mixed Feelings
"ഞാൻ ഒരെണ്ണം എടുത്തു. വീഡിയോ ഇട്ടതിനു നന്ദി. 8GB, 129GB ആണ് എടുത്തത്. Performance ഒക്കെ വളരെ നല്ലതാണ്. ബാറ്ററി പെട്ടന്ന് തീരുന്നുണ്ട്. Overall satisfied ആണ്...",Mixed Feelings
"ഇത്ര എമൗണ്ട് കൊടുത്തിട്ടും ഒരു premium built quality ഇല്ല എന്നത് ഒരു down grade ആണ്. പിന്നെ gaming ന് importance കൊടുക്കുന്നില്ല എങ്കിൽ realme x7 pro തന്നെയാണ് better..Realme x7 max = dimensity 1200.Realme x7 pro = 65 watt + more 5 g bands, super build quality",Mixed Feelings
ഭായ് ഞാൻ യൂസ് ചെയ്യുന്നു.. ആദ്യം സ്പീക്കർ സൗണ്ട് കുറവായിരുന്നു.. അത് അപ്ഡേറ്റ് ചെയ്തപ്പോ മാറി. നല്ല ഫോൺ ആണ്.. ക്യാമറ ഒരു രക്ഷയും ഇല്ല.. സൂപ്പർ കളാരിറ്റി... ധൈര്യമായി എടുത്തോളൂ പൈസ മൊതലാവും. ഒരു ഫാൾട് ഉള്ളത് ക്യാമറ അല്പം പൊങ്ങി നില്കുന്നത് കൊണ്ട് തറയിൽ വെക്കുമ്പോൾ scratch വീഴാൻ സാധ്യത ഉണ്ട്.. അതിന് ആ ലെവലിൽ നിൽക്കുന്ന ബാക് കവർ കിട്ടും..,Mixed Feelings
Pixel camera വേറെ ലെ വ ൽ ആണ്,Positive
gaming + normal യൂസിനാണെങ്കിൽ iqoo 7 legend 👌,Positive
കൊണ്ട് നടക്കാൻ വളരെ എളുപ്പമാണ് അതാണ്‌ main ഹൈലൈറ് വെറും ജാഡ മാത്രമല്ല. Compact desighn,Positive
I believe ഇനി വരുന്ന flip generation പൊളി ആയിരിക്കും,Positive
"fentastic device, truly all rounder. Best camera, best display, best processor ( SD 865 ), steel/aluminium frame, stereo speakers, wireless charging and reverse charging, lP68 rating",Positive
11 T Pro മൊതലാളിമാർ ഇവിടെ കമോൺ..zero to ഫുൾചാർജ് 17 മിനുട്സ്..പൊളി ചാർജ്.,Positive
8k video എടുത്തിട്ട് 8k tv ഇൽ ഇട്ടു കാണണം. എന്റെ മോനെ 😂🤣🤣🔥🔥.. പിന്നെ no ചാർജ്‌റും..... Samsung is on bss track 😌🔥,Positive
S21 Ultra ൽ ഈ വീഡിയോ കാണുന്ന ലെ ഞാൻ.. ആ ചാർജർ കാശ്‌ കൊടുത്തു വാങ്ങേണ്ടി വന്നു.. എന്തായലും ഫോണ് കിടുവാണ്...,Positive
കിട്ടാവുന്ന Rate ൽ ഏറ്റവും നല്ല Display &amp,Positive
5 കൊല്ലമായി samsung j7 ഉപയോഗിക്കുന്നു ഇപ്പോഴും ഒരു കുഴപ്പവുമില്ല 😃,Positive
yes ഞാൻ നിർത്തി ഇനി വാങൂല 64000 കൊടുത്തു 2020 മാർച് s20 വാങ്ങിയത് ഭൂലോക ദുരന്ത ഫോൺ കാശ് പോയി,Negative
Exynos aanel verum കൂതറ ആണ്... Snap Dragon aanel above average... nothing much.. Note10 plus irangiyappo medichu കുടുങ്ങി exynos വേർഷൻ... Samsung&#39,Negative
"ഞാനും സാംസങ് നോട്ട് 10 പ്ലസ് എടുക്കുമ്പോൾ ഇതേ ഫീൽ ആയിരുന്നു, പ്രീ ബുക്ക് ചെയ്തു കോഴിക്കോട് my g നിന്നാണ് എടുത്തത്, ഒരുവർഷം കഴിഞ്ഞപ്പോൾ പവർ ബട്ടൺ കയ്യിൽ പോന്നു, ഇതിൻറെ കൂടെ വാങ്ങിയ സാംസങ് വാച്ച് ആക്ടീവ 2 എൽടിഇ അഞ്ചു മാസം കഴിഞ്ഞു ചത്തു , ഷോ റൂമിൽ കൊണ്ടു ചെന്നപ്പോൾ വാട്ടർ ഡാമേജ് ആണ് വാറണ്ടി കിട്ടില്ല എന്ന് പറഞ്ഞു, രണ്ടു മാസം മുൻപേ ഫോണിൻ്റെ ബാക്ക് കവർ കയ്യിൽ പോന്നു , ഇതാണ് എൻറെ സാംസങ് എക്സ്പീരിയൻസ് , ഞാൻ പോയതിൽ ഏറ്റവും മോശം സർവീസ് സെൻറർ സാംസങ് ആണ്",Negative
ഞാനും എന്റെ redmi note 10 pro കൊടുക്കാൻ പോവുക അളിഞ്ഞ software,Negative
Realme 9 pro plus video camera അലമ്പാണേ 🙂😪,Negative
Review kand order cheyyaan pokkunavar ജാഗ്രതെയ് njan video kand vangi pettathann ..Normal user aayitt koodi heating oru reskha illaa💣 ..Pnne battery back theere illaa 🤦‍♂️ .Phone njan retun cheythu .,Negative
"Shazaaam bro , After Update Currently am facing hanging issues in my realme 9 pro plus 5G .Screen freeze about to 8 min. Hanging issues more occur in Instagram and chrome....വേറെ ആർക്കെങ്കിലും ഉണ്ടെങ്കിൽ ഒന്നു comment Cheyyo.....",Negative
9 Pro+നും കംബ്ലയിന്റ് വരുന്നു എന്ന് പറയുന്നു? ക്യാമറയിൽ ഫോഗ് വരുന്നു എന്ന്,Negative
"ഈ ഫോൺ ഇനി ആർക്കും recomment ചെയ്യത്തിരുക്കുന്നത് ആണ് ബ്രോ നിങ്ങൾക്ക് നല്ലത്,,bcs ഇതിൻ്റെ ക്യാമറ full fog issue aanu ,10 ഫോണിൽ 6 നും same fog issue ഉണ്ട്",Negative
"താങ്കളുടെ വീഡിയോ കണ്ടിട്ട് ഞാൻ 9pro + മേടിച്ചു, മച്ചാനെ ഫോൺ ഭയങ്കര ഹീറ്റ് ആണല്ലോ ക്യാമറ ലെൻസിൽ ചിലസമത്ത് fog വരുന്നുണ്ടല്ലോ, എന്നാ ഇതിനൊരു solution മച്ചാൻ ഈ ഫോൺ ഉപയോഹിച്ചതാണോ കഷ്ടം",Negative
2000 താഴെ ഉള്ള ബെസ്റ്റ് smart watch ഏതാണ്,Neutral
ജയരാജ്‌ ചേട്ടാ ഞാൻ ഒരു ഡൗട്ട് ചോദിക്കട്ടെ ഈ Nothing Phone 1 ൽ Nothing ന്റെ Buds മാത്രമേ Use ചെയ്യാൻ പറ്റൂ? വേറെ ഒരു Company യുടെയും ഉപയോഗിക്കാൻ പറ്റില്ലേ?,Neutral
Nothing phone 1 vs Samsung s20 fe 5g ....oru comparison cheyyamo... രണ്ടും ഏകദേശം ഒരേ വില ഒക്കെയാണ് ഇപ്പൊൾ,Neutral
Brooossss........ഫോണിന്റെ സ്റ്റീരിയോ സൗണ്ടും head phone experience um super ആണോ,Neutral
Bro water വീണ adichu pokumo,Neutral
Dual app എങ്ങനെ activate ചെയ്യാം?,Neutral
Moto edge 30 fusion used review ചെയ്യാമോ..,Neutral
Phone 2 eppo ഇറങ്ങുന്നേ,Neutral
ഇപ്പൊ മാറിയോ bro phone എങ്ങനെ ond enik medikan aann,Neutral
One plus Nord 2 t detailed video ചെയ്യുമോ,Neutral
എനിക്ക് തീരെ പിടിക്കുന്നില്ല മലയാളികളുടെ സ്വഭാവം.... കാരണം ഇത്രേയേം pwoli ആയ malayalam channel വേറെ ഇല്ല ennit ഇതിൽ അർഹിക്കുന്ന supports ഇല്ല 😑😑... വേണ്ടാത്ത ഊള ചാനൽ suopurt💯aakkum 😑😑,Not_relevant
Bro growth slow ആണേലും കോഴ്‌പ്പം ഇല്ല ചാനൽ നിർത്തരുത് ട്ടോ....Sure one day this channel will be a huge success,Not_relevant
Air pods pro ടെ review പല യൂട്യൂബ്ർസ് ചെയ്തു കണ്ടു..പക്ഷെ audio simulation കേൾപ്പിക്കാൻ തോന്നിയ ആ മനസ്സുണ്ടല്ലോ....അതാണ് കിടിലം..👌❤️,Not_relevant
airpod pro വെച്ച് റിവ്യൂ കാണുന്ന ലെ ഞാൻ 👌🏻,Not_relevant
നിങ്ങളുടെ Review കണ്ടതുകൊണ്ടാണ് Airpord&#39,Not_relevant
നല്ല അവതരണം 👍👍👍👍 keep it up,Not_relevant
ഈ റിവ്യു കണ്ടാൽ കടം വാങ്ങി എങ്കിലും .ഇത് വാങ്ങാൻ തോനുന്നു,Not_relevant
"അഭിനയിച്ച് അഭിനയിച്ച് shazz brokku vella multiple personality disorderum veruvo ,🙃",Not_relevant
ഒരു dislike പോലും ഇല്ല 😎,Not_relevant
പൂച്ച സെർ :- ഇവൻ ഇപ്പോഴും എന്റെ പുറകിൽ തന്നാണോ 😂😂😂😂.ഒന്ന് നടക്കാനും സമ്മതിക്കില്ലേ ....,Not_relevant
ഒരു രക്ഷയും ഇല്ല redmi note7pro full details aayi Ulla റിവ്യൂ പിന്നെ ഇതിന്ന് നെറ്റ് on ആകുമ്പോൾ heating und. എനിക്ക് ഇഷ്ട്ടം ആയി സൂപ്പർ ഇത്പോലെ തന്നെ one plus 7pro cheyannam,Mixed Feelings
Review kand order cheyyaan pokkunavar ജാഗ്രതെയ് njan video kand vangi pettathann ..Normal user aayitt koodi heating oru reskha illaa💣 ..Pnne battery back theere illaa 🤦‍♂️ .Phone njan retun cheythu .25 k okke kayyil budget undel 2000 koode add cheyth Nothing phone idthoo 8 gb 128 Offeril 27000rs kittunnund Nothing use cheythitt pakka aan... Pure stock android 👌.. Snapdragon 778🔥 ... Oled display Quality... Sofware Upates 4 years kittum ... In hand feel nice aann👌👌 Bugs okke Fix aayi,Mixed Feelings
"S 20 fe അല്ലേ ഇതിനേക്കാളും മികച്ചത് അതിനു ചാർജറും കിട്ടും ചാർജർ ഇല്ലാത്ത ഫോൺ ബഹിഷ്കരിക്കുക,",Mixed Feelings
"ഇതിനേക്കാള്‍ നല്ലത് A52s5G ആണ്. വില കുറവ്,same processer, charger ഒപ്പം കിട്ടും, 12 5g bands, 3.5 ഓഡിയോ ജാക്ക് എന്നിവ ഉണ്ട്",Mixed Feelings
"pixel 7 pro il better hdr ,indoor shoots better,night mode better..video shokam…stabilization like action mode similar in pixel 1080 p support only ..14 series up to 2k",Mixed Feelings
cinematic mode 1080p ull pixel 7 pro il athum van shokam anu edge detection ok..14 series il 4k il edukam with better edge detection,Mixed Feelings
pixel phone ന്റെ വീഡിയോഗ്രാഫി യെപ്പറ്റി അറിയില്ല. But iphone ന്റെ stabilization next level ആണ്. Photography യിൽ iphone pixel ന്റെ അത്രയും വരില്ല എന്നറിയാം.,Mixed Feelings
"SIM cards ne. NET speed slowly,.Range പിടുത്തം കുറവാണ് സിമ്മിന് .Rs. 23000/- ത്തിന് ലാഭമാണ് .Value for money 💰 fabulous fantastic product All rounder product",Mixed Feelings
Illa bro njaan ee phone kodukkaan പോവ്വാ vere എടുക്കാൻ പോവ്വാ mi 11 ultra is the best pakshe ads und എന്നെ ഉള്ളു adh എനിക്ക് കുഴപ്പമില്ല,Mixed Feelings
Bro വീഡിയോയിൽ പറഞ്ഞ ആ honor magic 5 pro owner ആണ് ഞാൻ.. പല ടെസ്റ്റിലും S23 ultra പുറകിൽ ആണ് അതിന്റെ.. ഫോട്ടോ result നോക്കുമ്പോൾ പലപ്പോഴും iphone 14 pro max പുറകിൽ ആയി പോകുന്നുണ്ട്... Proud to be a honor magic 5 pro user... 👍,Mixed Feelings
Samsung ആറാട്ടുകയാണ് Guys ആറാട്ടുകയാണ്,Positive
Lpddr5x ram.Better battery efficiency.Ufs 4.0 storage .Better speakers.Better microphone.8gen2.Well optimized software.Gorilla glass victus 2.New camera sensors..There is a lot more difference..Design wise വലിയ മാറ്റം ഇല്ല എന്നെ ഉള്ളു ബാക്കി എല്ലാ നിലക്കും നല്ല മാറ്റമുണ്ട്..ഡിസൈൻ മാറ്റം പറയുക ആണേൽ ഐഫോൺ അവസാനം എന്നാ ഡിസൈൻ മാറ്റിയത്?.12 മുതൽ ഒരേ ഡിസൈൻ അല്ലെ?..S10 or note 10 okke യൂസ് ചെയ്യുന്നവർക്ക് ഗ്രേറ്റ്‌ അപ്ഗ്രെഡ് തന്നെയാകും ഈ ഫോൺ..ഈവൻ ഐഫോൺ 10 യൂസ് ചെയ്യുന്നവർക്ക് വരെ ഇതിലേക്ക് മാറാവുന്നതാണ്,Positive
അന്നും ഇന്നും S സീരീസ് മാത്രം ഉപയോഗിക്കുന്നു. 💥..S സീരീസ് ഇഷ്ടം ❤️❤️❤️..2012 - S2 (16 GB).2014 - S4 (32 GB).2017 - S7 Edge (64GB).2019 - S10 Plus (128 GB).2022 - S22 Ultra (256 GB).2023 - S23 Ultra (512 GB),Positive
സൂപ്പർ ഫോൺ എടുത്തു..s22ultra ആയി വളരെയധികം വ്യത്യാസം തന്നെ ഉണ്ട്,Positive
കാശ് പോയി പവർ വരട്ടെ 23 ultra power ആണ്,Positive
Heating എന്ന് പറഞ്ഞ സംഭവം ഇല്ലാ xiaomi 12 pro കൊണ്ട് ഞാൻ ഇസ്തിരി ഇടാറുണ്ട് s22 ultra യുടെ ബോക്സി ലൂക്ക് ഡിസ്പ്ലേ എനിക്ക് ഭയങ്കര ഇഷ്ടാ,Positive
"camera യുടെ കാര്യത്തിൽ എനിക്ക് അനുഭപ്പെട്ടത് പറയാം : 1 phone ൽ എടക്കുന്ന Pictures എപ്പോഴും നല്ല clarity + brightning ആയിരിക്കും അത് ഒരു Phone ന്റെ Camera യിലും ഉണ്ടായിരുന്നില്ല . മറ്റുള്ള Samsung,pixel Phone കളിൽ clarity ഉണ്ടാകും ആ ഒരു lightning , brightnes ഉണ്ടായിരുന്നില്ലഎന്നാൽ ഇപ്പോ സാംസങ്ങ് Photo clarity+ brightening കൊണ്ടുവന്നു S23 ultrayil എന്റെ ഒരു അഭി പ്രായത്തിൽ i phone നെക്കാൾ . Phone nte sale ഇനി കണ്ടറിയാം🔥",Positive
"Samsung ; വെറുതെയല്ല ഞാനവനെ🍎 ഹാഫ് മാൻ, ഹാഫ് ലയൺ എന്ന് വിക്കുന്നത് 😂",Positive
ക്യാമറ s22ultra ആണ് നല്ലത്.. Portrait ഒക്കെ ഒന്നൊന്നര item ആണ്.. നമ്മുടെ ഹെയർ മൊത്തത്തിൽ focus ചെയ്യും.,Positive
Using s22ultra പൊളി ❤️⚡️🔥,Positive
ഇപ്പോഴത്തെ ഫോൺ charge nikunilla display potti😔😔😔.,Negative
അത്രേം ആഗ്രഹിച്ചു കടം വാങ്ങി എടുത്ത poco x2 പേരുപോലെ തന്നെ പോകായി. poco team നു ഒന്നും ചെയ്യാൻ പറ്റില്ല എന്നാ പറയുന്നത്10000 കൊടുത്ത് ബോർഡ്‌ മാറ്റാൻ ഇപ്പോൾ 1 month ആയി..ഇപ്പോ എന്നിട്ടു ഫോൺ ഒന്നുല്ല്യ എപ്പോളെങ്കിലും അച്ഛന്റെ ഫോൺ എടുത്തു നോക്കും,Negative
Pine one plus il പച്ച line വന്നു അക്കെ ശോകം addichirikuva... appozha one 11... Feelings പുച്ഛം to OnePlus,Negative
എന്തായിട്ടെന്താ... I P Rating ഇല്ലല്ലോ,Negative
ഇഡലി പത്രം കമിഴ്ത്തി വച്ച പോലെ ഉണ്ട് അതിൻ്റെ back 😂😂,Negative
Shazz bro എൻ്റെ കയ്യിൽ OnePlus 9RT ആണ് എനിക്ക് always on display ക് ഒരു bug ഉണ്ട്.എന്താണെന്ന് വെച്ചാൽ always on display ഓരോ തവണ കാണുമ്പോഴും സ്ക്രീൻ ന്ന് തായ്‌ന്ന് വരുന്നു അതിന് വല്ല solution ഉണ്ടോ,Negative
"ബ്രോ.....ഞാൻ ഉപയോഗിക്കുന്നത് Samsung s20 fe ആണ് (just4 mnths old), ഈ ഇടയായി നെറ്റ് യൂസ് ചെയ്യുമ്പോൾ, വല്ലാത്ത haeat problem ഉണ്ട്. ഇത് ഫോണിന്റെ complaint ആണോ? Any remedy??? Pls reply.",Negative
Video quality എന്തോ സീൻ ഉണ്ട്,Negative
One plus സ്ക്രീൻ പച്ച ലൈൻ വരുന്നുണ്ട്. ഇതിലും വരുമെന്ന് പേടി. അതുകൊണ്ടാണ് one plus എടുക്കാൻ മടികണെ. സത്യം അല്ലേ bro.....,Negative
ഡിസ്പ്ലേയിൽ അഞ്ച് ലൈനുമായി മൈ one plus 9 Pro അതിവേഗം ബഹുദൂരം😭😂,Negative
Nothing phone 1 white colour എന്താണ് നമ്മുടെ നാട്ടിൽ വരാത്തത്....? Please ഒരു വീഡിയോ ചെയ്യുമോ,Neutral
Neo 6 vs nothing റിയൂവു venam,Neutral
ബഗ് നുള്ള കാരണമായി തോന്നുന്നത് nothing ന്റെ first attempt അല്ലെ.അടുത്തതിൽ പരിഹരിക്കപ്പെട്ടേക്കാം 🙂,Neutral
samsung galaxy A13 phone എങ്ങുനെയാണ്,Neutral
Sir samsung Galaxy A23 review ചെയുമോ കാരണം ഞാൻ samsung A23 4g phone മേടിച്ചു അതുകൊണ്ട് ആണ് Sir,Neutral
30000 രൂപയിൽ താഴെയുള്ള നല്ല camera performance കിട്ടുന്ന ഫോണുകൾ ഏതെല്ലാമാണ്,Neutral
iPhone 12 ൽ video edukumpol mikacha video kittunnathu 4K at 60 fps ano atho hdr Dolby vision on akki ennittu 4k at 30 fps video ano,Neutral
"ഇതൊരു perfomance based phone അല്ല, അപ്പോ camera ക്കു നല്ല importance ണ്ടാവില്ലേ,pixel apple level ണ്ടാകുമോ",Neutral
ബ്രോ motorola edge 30 വാങ്ങിട് review പറയാമോ,Neutral
Vivo V27.Iqoo 9se 5g.Iqoo Neo 7..ഇതിൽ ഇത് ഫോൺ ആണ്.നല്ലത്?,Neutral
അടിപൊളി വീഡിയോസ് ആണ് പെർഫോർമൻസും കൊള്ളാം അവതരണം അടിപൊളി ആണ് lots of love frm മ്മളെ മലപ്പുറം 💕,Not_relevant
Indian govt. Tax 👎 തീ കൊള്ള,Not_relevant
2024 lum realme c20 യിൽ കാണുന്ന ഞാൻ.😁,Not_relevant
ആർക്കും വാങ്ങാം ബ്രോ റിലയൻസ് il നിന്ന് ബജാജ് ഫിനാൻസ് വഴി 24 month no cost emi und 2700 something monthly emi varum no processing charge and no interest ngan ഇന്നലെ മേടിച്ചു 14,Not_relevant
<b>ചുമരിൽ ഉള്ള ഫോട്ടോ</b>.<b>അനിയന്റെ ആണോ</b>,Not_relevant
oman etra ind price.Ind money?,Not_relevant
അത് നല്ലകുകുറവാണല്ലോ 𝕓𝕣𝕠. ഇവിടെ ഒമാനിൽ നല്ല rate ഉണ്ട് 😕,Not_relevant
ചേട്ടാ.ഈ ചർച്ച് ഏതാ. എവിടെയാ സ്ഥലം. മിക്ക വീഡിയോ കണ്ടിട്ടുണ്ട്,Not_relevant
പ്രതാപേട്ടാ....ഒരു iphone വാങ്ങിച്ചു തരുമോ 🥺.ഒരു ചെറിയ പൈസന്റെ മതി..കയ്യിൽ ആണെങ്കിൽ പൈസ ഇല്ല 😑 വീട്ടുക്കാർ ആണെങ്കിൽ ആരും വാങ്ങി തരുകയും ഇല്ല 😑,Not_relevant
ഇങ്ങള്ഒ രു ജിന്നാണ്☺︎︎ꨄ︎☺︎︎,Not_relevant
പറഞ്ഞതിൽ. Zooming മാത്രം മോശം. ബാക്കി ഒക്കെ. Honer aanu super aay തോന്നിയത്,Mixed Feelings
Huawei ടെ ഫോണിൽ ഒന്നും ഗൂഗിൾ സെർവീസ് കിട്ടില്ല പക്ഷേ Honor ഇപ്പോൾ Huawei കീഴിൽ നിന്ന് വേർപെട്ട് പ്രത്യേക ബ്രാന്റായി രജിസ്റ്റർ ചെയ്തിട്ടുണ്ട്. അതുകൊണ്ട് ഗൂഗിൾ സർവീസ് കിട്ടുമെന്നാണ് അറിവ് .,Mixed Feelings
ഊമ്പിയ i phone ഫാൻസ്‌.... ❤️❤️❤️❤️❤️❤️❤️15 പ്രൊ maX❤️❤️❤️,Mixed Feelings
എന്റേം poco x3pro ആണ് ഒന്നര yr ആയി..  ബഗ് പ്രശ്നം ഉണ്ട് എന്നാലും still good ആണ്.. ഒപ്പം എടുത്ത iqoo 7 ഇപ്പോഴും perfect ആണ് ഒരു ബഗ് പോലും ഇല്ല,Mixed Feelings
Frame drop വരുന്നത് software bug miui12 aanu. njan custom ROM install cheyythapol 60fps pakka aarunnu🔥,Mixed Feelings
"2018 നവംബർ മുതൽ Poco f1 ഉപയോഗിക്കുന്നു. ഇപ്പോ അതിൽ നിന്നാണ് ഈ കമന്റ്‌ ഇടുന്നത്.. ഇത് വരെ ഉപയോഗിച്ച ഫോണുകളിൽ ഏറ്റവും best purchase ഈ ഫോണായിരുന്നു. സാധാരണ രണ്ട് കൊല്ലത്തിൽ കൂടുതൽ ഒരു ഫോൺ ഉപയോഗിക്കാത്ത എനിക്ക് ഇപ്പോഴും വേറെ ഫോൺ നോക്കാൻ തോന്നിയിട്ടില്ല....ബാറ്ററി bulge ആയ ഒരു പ്രശ്നമാണ് ആകെ ഉണ്ടായത്.. ഏകദേശം 6 മാസം മുൻപ്.. ഒറിജിനൽ ബാറ്ററി വാങ്ങി replace ചെയ്തു.. Now its working fine..പിന്നെ പ്ലാസ്റ്റിക്‌ ബോഡി ആയത് കൊണ്ട് നല്ല ഒരു mobile case ഇടേണ്ടി വന്നു.. അപ്പൊ ഫോൺ ഹെവി ആയി.. കയ്യിൽ നിന്ന് പലതവണ താഴെ വീണു.. നല്ല കവർ ആയത് കൊണ്ട് ഒന്നും പറ്റിയില്ല...Camera is good for taking pictures during day light.. Night athra pora.. But 6GB 128GB at 19.5K with Snapdragon 845, this phone is certainly a legendary one....5G network വരുന്നത് വരെ ഈ ഫോൺ ഉപയോഗിക്കാനാണ് പ്ലാൻ..3.5years ആയ ഫോൺ ആണെന്ന ഫീൽ ഇപ്പോഴും ഇല്ല.. Superfast phone.. And happy to see a review on Poco f1 after its launch back in 2018.😊😊🌹🌹🌹",Mixed Feelings
poco എടുത്തു പണി കിട്ടി റെഡ്മി ചാടി അവിടെ വൈബ് ഇല്ല ഇപ്പൊ സാംസങ് എടുത്തു 😍 സൂപ്പർ സാംസങ് 😍😘,Mixed Feelings
Ryzen is better for battery life at similar performance . Intel പൊതുവെ ഇപ്പൊ power consumption കൂടുതലാണ്. They completely botched their manufacturing process adventage. Now Ryzen leads,Mixed Feelings
ഈ hardware ന്റെ കൂടെ കുറച്ചൂടെ പവർ ഫുൾ പ്രോസസ്സർ ആണേൽ പൊളിച്ചേനെ ബട്ട്‌ overall its a good phone for the price 🔥,Mixed Feelings
Enikk lag allathe poco phonil യാതൊരു problemsum undayitilla 😍🔥,Mixed Feelings
നിങ്ങളുടെ സജഷൻ കണ്ടിട്ടാണ് ഞാൻ s22 ultra എടുത്തത്. കൂടെ buds pro ആൻഡ് galaxy watch 4 ഉം വാങ്ങി. ഞാൻ oneplus 9 pro ആയിരുന്നു ഇതിന് മുമ്പ് യൂസ് ചെയ്തിരുന്നത്. Oxigen os ൽ മാറ്റം വന്നത് കൊണ്ടാണ് ഫോൺ മാറ്റണം എന്ന് തീരുമാനിച്ചത്. എന്റെ s22 ultra യുടെ ഇത്രനാളത്തെ യൂസജിൽ ഞൻ 100% തൃപ്തൻ ആണ്.. S22 ultra ഒരു mind blowing ഫോൺ ആണ്.. ടച്ച്‌ സ്മൂത്ത്‌ ആയാലും സ്പീഡ് ആയാലും ഡിസ്പ്ലേ ആയാലും.. ബാറ്ററി ആൻഡ് ക്യാമറ കൊണ്ടും.. Overall എല്ലാം കൊണ്ടും.. ഞൻ fully satisfied aan❤️😍😍😍😘.. താങ്ക്സ് ഫോർ ur suggesion 🌹🥰👍,Positive
Back Case കൊള്ളാം 🙂✨✨,Positive
3 വർഷം മുമ്പ് വാങ്ങിയ സാംസങ് ഫോണിന്.May മാസത്തെ സെക്യൂരിറ്റി അപ്ഡേറ്റ് കിട്ടി എനിക്ക്...എല്ലാ മാസവും കിട്ടും അപ്ഡേറ്റ്,Positive
ഫ്ലാഗ്ഷിപ്പ് എടുക്കുകയാണെങ്കിൽ ഐഫോൺ തന്നെയാണ് ഏറ്റവും നല്ലത്.1. ബാറ്ററി ബാക്കപ്പ്.2. ഇൻറർനാഷണൽ വാറണ്ടി.3. ഫ്ലാഗ് ഷിപ്പ് ഫോണുകളിൽ ഏറ്റവും ചെലവു കുറവിൽ റിപ്പയർ ചെയ്യാം.4.....,Positive
ഗുഡ് one😍,Positive
"🤙ROG❤️(REPUBLIC OF GAMERS).ROG 5.•6.78 inch screen.•144Hz sAMOLED(samsung display)display,300Hz touch response rate.•(HDR 10)1billion colour ulla screen.• RAM -8GB -128GB,12GB-256GB.•snapdragon 888 processor🔥.•Back camera 64+13+4.•Front camera 24.•Sterio speakers.•Front glass:gorilla glass victus.•Back gorilla glass 3.•3.5mm headphone jack🔥.•30watt/65watt fast charging.•6000mah lithium polymer battery.•Bypas charging.•Backil RGB logo.•aeroactive cooler.•ചാകുന്ന വരെ ഒരു പൊടി display drop ചെയ്യാത്ത ഒരേ ഒരു phone..💥Chinese phone alla Taiwan company sadanam💥.💥Rs 49,999💥.Ithrem featureum headphone jackum chrgerum boxinte kude tharunnund..•Antutu benchmark testum,screen throttling test,geekbench testil highest performance ulla phone..ROG ne Patti 4 വാക്കു പറയുന്നതിന് മുൻപ് എല്ലാ റിവ്യൂയും performance testum ഒക്കെ ഒന്ന് നോക്കിട്ടു വാ മച്ചാനെ 🤙.💥🔥ROG ഉയിർ 🔥💥",Positive
"Daily user ന് decent ആയ phone ആണ് rog 5 , 6000mah battery, decent ക്യാം , headphone jack അതും he2 powerd dac , industrial leading speakers . Practically i will go with rog over one plus any day",Positive
Switch off cheyth kaikettiyalum mothalavum pebble പൊളിച്ചു ✌️🤣,Positive
Firebolt ഇപ്പോ ഉടനെ ഇറക്കുന്നുണ്ട് same ഐറ്റം അതും amoled disply.... അതു മിക്കവാറും തീ ആയിരിക്കും,Positive
Pebble നല്ലത് ആണ്,Positive
.ശീലിക്കാൻ അത് user friendly ആകണ്ടേ ....,Negative
മഞ്ഞ color ആകുന്ന case..😂😂,Negative
Readme 10pro ദയവായി ആരും വാങ്ങരുത് എനിക്ക് പണി കിട്ടി,Negative
ക്യാമറ ഒന്നിനും.. കൊള്ളത്തില്ല റിയൽ me,Negative
"Realme ടെ ക്യാമറ കളർ സയൻസ് ശോകം ആണ് , Raw shoot ചെയ്യ്ത് എഡിറ്റ് ചെയ്യുന്നതാണ് നല്ലത്. അങ്ങനെ ചെയ്യുമ്പോൾ uncompressed files ഉം കിട്ടും 🙂 ( Cameraൽ expert mode എടുത്തിട്ട് raw mode on ആക്കിയ മതി)",Negative
ഈ ഫോൺ ഇൽ.Charge പെട്ടന് തീരും..Camera medium anu.Look poli ആണ്.പക്ഷെ.മുടിഞ്ഞ Software bug anu.Speaker edak Full അടിച്ചു പോകും..Pinne screen recorder on akitt ഓഫ്‌ ആക്കുമ്പോൾ.മറ്റേ screen gestures കാണിച്ചോണ്ടേ ഇരിക്കും ഇതൊക്കെ ആണ് പ്രശ്നം 😵‍💫,Negative
ഞാനും മേടിച്ചു 5 ദിവസം ആയീ battery ചെറിയ പ്രശ്നം ഉണ്ട്.. software update മാറ്റിയാൽ കൊള്ളാം,Negative
service centre il 8 series GT series complaints പ്രവാഹം ആണ്. ഞാൻ പോയപ്പോൾ കണ്ടതാ. ഒരു customer service centre staff എടുത്ത് ഉടുത്ത് 😂,Negative
Ultra wide മാക്രി..🐸..🤓,Negative
Disable ചെയ്താലും glance അവിടത്തന്നെ കാണും. Lockscreen right swipe cheythaal,Negative
Google dial pad മാറ്റാൻ എന്തെങ്കിലും വഴിയുണ്ടോ nothing phone 1 എൻറെ കൈയിലും ആ ഫോൺ ആണ് ഇരിക്കുന്നത്,Neutral
അണ്ണാ aa light എന്താണ് സ്പീക്കർ ആണോ?,Neutral
Oneplus display പച്ച വരയെ കുറിച്ച് ഒന്ന് പറയാമോ..,Neutral
അണ്ണാ realme 9i എങ്ങനാ എടുക്കാൻ പറ്റോ?.കുഴപ്പം വല്ലതും ഉണ്ടോ,Neutral
സഹോ OnePlus 2t review please,Neutral
അണ്ണാ nothing 1 ആണോ Realme gt neo 3 ano നല്ലത്,Neutral
Bro iqoo 9 pro ടെ ഒരു വീഡിയോ ചെയ്യുമോ,Neutral
Vro.. Nothing Phone 3 ഈ വർഷം ഇറങ്ങുമോ...??,Neutral
Bro എനിക് ഒരു ഫോൺ വാങ്ങാണം എന്നുണ്ട്.50000 ഉള്ളിൽ better ഫോൺ ഒന്ന് പറഞ്ഞു തരുമോ ബ്രോ,Neutral
പുറകിൽ കാണുന്ന Marshall ബ്ലൂടൂത്ത് സ്പീക്കറിൻറെ ഒരു വീഡിയോ ചെയ്യാമോ?,Neutral
Shazzam bro thanks 🙏🎉.Katta waiting ആയിരുന്നു ഇതിൻ്റെ review kanan. Super review and explaining..So vibrant and excellent 👌 YouTube Channel I never seen in Malayalam tech feild. So I hope and wish ti grow higher and higher in tech feild..I.Then I have small request that if you wish that after the review about nothing 2 to sell it pls consider me. I can&#39,Not_relevant
Free fire കളിക്കുന്നവർ ഒണ്ടോ ഇവിടെ 👇🔥,Not_relevant
എവിടെയോക്കെയോ   actor നന്ദുവിന്റെ voice 🤔,Not_relevant
90k ക്കുവാങ്ങാൻ 25k ticket കൂലിയും കൊടുത്ത് വാങ്ങാൻ പോകുന്ന അൽമലയാളി😄😄😄,Not_relevant
ഈ നാറി തന്നേ അല്ലേ i phone കുറ്റം പറയുന്നത്,Not_relevant
"കിടിലൻ straight forward, honest review",Not_relevant
ചേട്ടാ ഞാൻ ഫോണിനെ kurich ഒന്നും അറിയില്ല എനിക്ക് മാത്രം മൊബ് നമ്പർ ഒന്ന് തരുമോ,Not_relevant
ചേട്ടൻ പലപ്പോഴും മനോജ്‌ k ജയൻ ആവുന്നുണ്ടല്ലോ,Not_relevant
Review പുറമേ ആളുകളെ പിടിച്ചിരുത്താനുള്ള കഴിവാണ് ക്ഷസ്സതിനെ വ്യത്യസ്‌തനക്കുന്നത്,Not_relevant
ആരൊക്കെ ഗിരീഷ് ഗംഗാധരനെ search  ചെയ്തു 🙄👍❤️,Not_relevant
Redmi SAR value കൂടുതലാ.... Poco is better.... 👌🥰,Mixed Feelings
120 hz ഡിസ്‌പ്ലേ പൊളിയാണ്. Looks and feels premium. Good battery life. ചെറിയ bugs ഉണ്ട്. ക്യാമറയു കൊള്ളാം.,Mixed Feelings
ഫോൺ ഡിസൈൻ എനിക്ക് ഇഷ്ടപ്പെട്ടു 🔥 ഇനി ഉള്ളിൽ ഒള്ളത് കൂടി പൊളിയാണെങ്കിൽ ... ഏതെങ്കിലും ഒരു കമ്പനി വരുക ആയിരുന്നെങ്കിൽ appleന് ഒരു അടി കൊടക്കാൻ.. അവർക്ക് അഹങ്കാരം കൂടുതൽ ആണ് 😤,Mixed Feelings
ശരിയാണ് ബ്രോ പക്ഷെ റെഡ്മി കൊടുക്കുന്ന സ്പെക് പ്രൈസ് റേഞ്ച് ഒരിക്കലും realme ക്കു kodukkankayinailla bro.Ex: poco m3 full hd display snapdragon soc. Realme narzo 20 hd+ display helio proce. Mid range athu redmi kazhinittoollu bro.Software athra moshannualla ettavum kuduthalu contamization features mi kkanu bro,Mixed Feelings
Gaming review കണ്ടിടത്തോളം അത്രപോര എന്നു തോന്നുന്നു. But price consider ചെയ്യുമ്പോൾ ok ok എന്നു പറയാം. ☺️,Mixed Feelings
bro pandatha allallo nammal nokkandathe present enganaya enne alle. Njan paranjallo fun touch os pande oru പോക്ക് os ayirunnu. But avar updates okka konde vanne nalla os akkittununde. Bro vara ethalum iqoo usersinode choicha mathi.,Mixed Feelings
എന്റെ അഭിപ്രായത്തിൽ realme 8 ആണ് better option. കാരണം Redmi Note 10s ലെ IR Blaster ഉം Stereo Speakers ഉം മാറ്റി നിർത്തിയാൽ realme 8 തന്നെയാണ് better. (realme UI Vs MIUI... (etc)).Note 10S ന്റെ base varient 6GB+64GB ₹15000/- യ്ക്ക് കിട്ടുമ്പോൾ realme 8 ന്റെ 4GB+128GB ₹14500/-കിട്ടുന്നുണ്ട്..Redmi Note 10s=. 6GB 64GB:₹14999/-. 6GB 128GB:₹15999/-.realme 8=. 4GB 128GB : ₹14499/-. 6GB 128GB : ₹15499/-. 8GB 128GB : ₹16499/-,Mixed Feelings
"എന്റേത് Poco x3 ആണ് x3 pro അല്ലാട്ടോ...Poco X3 നല്ലതാണ്...camera, processor, battery performance എല്ലാം പക്കാ 🔥...3 മാസത്തിലേറെ ആയി ഉപയോഗിക്കുന്നു...Weight ഉള്ളതാണ് എനിക്ക് തോന്നിയ  negative..",Mixed Feelings
"Realme ആഴ്ചയിൽ ആഴ്ചയിൽ ഫോൺ ഇറക്കിയപ്പോഴേ തോന്നി 8 series down ആവുമെന്ന്. അതെ സമയം redmi time എടുത്ത് കസ്റ്റമേഴ്‌സ് ന്റെ ആവശ്യം അറിഞ്ഞു ഫോൺ ഇറക്കി.. Eg:samoled, refresh rate,dual stereo spkrs,weight, note 10 ന്റെ size weight and size ഇതെല്ലാം നല്ല രീതിയിൽ മാർക്കറ്റ് അനാലിസിസ് നടത്തിയിട്ടുണ്ട് redmi. ഒരേ ഒരു disadvantage miui മാത്രം.",Mixed Feelings
"ബാറ്ററി ഞാൻ ശ്രെദ്ധിക്കാറില്ല, പെർഫോമൻസ് സൂപ്പർ ആണ്... ഐഫോൺ 14 to nothing... Secondary ഫോൺ ആണ് പക്ഷെ സാംസങ് നേക്കാളും ഇഷ്ടപ്പെട്ടു",Mixed Feelings
Led display ഉള്ളത് ഇവിടെ qataril കിട്ടും super connectivity no problem strap lock വരെ ഉള്ള കിടു item .Shazinu വേണോ ഞാന്‍ നാട്ടില്‍ വരുമ്പോള്‍ കൊണ്ടുവരാം always on display വരെ ഉണ്ട് smooth touch respons 👌 കിടു item,Positive
"അതൊക്കെ തോന്നുന്നത. Samsung buds libe, buds 2,buds pro, eppo buds 2 pro upayogichu oru touch issues um aniku feel cheythitilla",Positive
Boat 141 6 മാസമായി ഉപയോഗിക്കുന്നു.. കൊള്ളാം.. നല്ല സാധനം ആണ്,Positive
Jabra ഇഷ്ടം ❤,Positive
Govo ൻ്റെ ഗെയിമിംഗ് മോഡ് പൊളി ആണ്....Govo 621 neckband user പൊളി സാനം,Positive
"Boat 141 കിടന്നും ഇരുന്നും ഒക്കെ വിളിക്കാം,.Touch control അടിപൊളി ആണ്...",Positive
Boat 141 അടിപൊളി ആണ് ✅,Positive
ഈ വീഡിയോ ബോട്ടിന്റെ ഹെഡ്സെറ്റ് ഉപയോഗിച്ചുകൊണ്ട് കേൾക്കുന്ന la ഞാൻ I am really feel comfortable👌👌,Positive
എനിക്ക് ഒരു കുഴ്പവുമില്ല 8 month ആയി use cheyunath,Positive
ഒരു കൊല്ലം കഴിയുമ്പോൾ മനസിലാകും OnePlus തന്നെ ഭേദം എന്ന്...,Positive
"സഹോദരാ ഞാൻ SAMSUNG Z FOLD ൻറ്റ 4 PHONE വാങ്ങി 4ഉം SOFTWARE UPDATE ചെയ്തപ്പോൾ COMPLAINT ആയി,ഒന്ന് പൂർണ്ണമായും പ്രവർത്തനരഹിതമായി,",Negative
"സഹോദരാ ഞാൻ SAMSUNG Z FOLD ൻറ്റ 4 PHONE വാങ്ങി 4 ഉം SOFTWARE UPDATE ചെയ്തപ്പോൾ COMPLAINTS ആയി Z FOLD 3 യിലെ ഒരു PHONE പൃർണ്ണമായും പ്രവർത്തനരഹിതമായി,",Negative
"ഒരു കാരണ വശാലും ഇമ്മാതിരി ഫോണും ഒന്നും വാങ്ങല്ലെ...A കാശിനു s21 ultrayo ഐഫോൺ12 പ്രോ max okke എടുകുന്നത നല്ലത്....ഇല്ലെങ്കിൽ ഒരു mi 11 ultra ,illenkil Vivo x60 pro plus...with samsung tablet or ipad....Ithokke shazzam parannathu pole verum patti show",Negative
Weight balance ശോകം ആണ് top side weight കൂടുതൽ ആണ്,Negative
2 വർഷത്തിനു ഉള്ളിൽ MIUI ഈ ഫോണിൽ support ആവാതെ hang വരുന്നതാണ്....Bug fix എന്ന വാക്ക് Xiaomi ൻ്റെ dictionary യിൽ ഇല്ലാത്തത് ആണ്...,Negative
പണ്ടാരം അടങ്ങാൻ ഇതിലെ ഈ blotwares എങ്ങനെ കളയും.....pure android upayogichirunna le njan,Negative
"എന്തുണ്ടായിട്ട് എന്താ bro കാര്യം 🤣🤣മൊത്തം complaints അല്ലേ.one + ന്....😡😡😡😡😡😡... നിങ്ങളെപ്പോലെ ഉള്ള കുറച്ചു youtubers ന്റെ വാക്കും കെട്ടിട്ടാണ് ഞാൻ one plus 9R എടുക്കുന്നത്... My first impression okey ആയിരുന്നു... Bt one week മുതൽ പല പ്രശ്നങ്ങളും ഫോൺ കാണിച്ചു തുടങ്ങി... പുതിയ phone ആയിട്ടുപോലും ഹാങ്ങ്‌ ആവുന്നു.... എന്റെ വാക്കും വിശ്വസിച്ചു എന്റെ 3 ഫ്രണ്ട്‌സ് കൂടി one + ന്റെ മറ്റു പല model കളും വാങ്ങിച്ചിരുന്നു.... എനിക്ക് മാത്രമേ പ്രശ്നങ്ങൾ ഉള്ളോ എന്നറിയാൻ ഫ്രണ്ട്സിനെ വിളിച്ചപ്പോൾ അവർക്കും ഉണ്ട് ഈ same issue..... എറണാകുളം മെനകയിൽ ഉള്ള ഷോറൂമിൽ 2 വട്ടം കയറി ഇറങ്ങി.. എന്നിട്ടും കാര്യമായ മാറ്റങ്ങൾ ഒന്നും ഇല്ല...... വൈറ്റിലയിൽ ഉള്ള സർവീസ് സെന്ററിൽ ചെന്നപ്പോൾ എന്റെ same issue ആയി വേറെ കുറെപ്പേർ നിൽക്കുന്നു... കാശ് കൊടുത്തു കടിക്കുന്ന പട്ടിയെ മേടിച്ച അവസ്ഥ ആയിപ്പോയി എന്റെ..... ഇത്രയും വിലയുള്ള phone മേടിച്ചിട്ട് 15000/- രൂപയുടെ ഫോണിന്റെ ക്വാളിറ്റി പോലും one + ന് തരാൻ പറ്റുന്നില്ലെങ്കിൽ പിന്നെ എന്തിനാടോ വെച്ചോണ്ടിരിക്കുന്നത്... പൂട്ടി പൊക്കുടേ.... 😡😡😡 എന്റെ പൈസ പോയതിൽ എനിക്ക് വിഷമം ഇല്ല, ഞാൻ പറഞ്ഞിട്ടാണ് എന്റെ ഫ്രണ്ട്‌സ് ഈ brand ന്റെ ഫോൺ എടുത്തത്... അതിൽ ഞാൻ ദുഖിക്കുന്നു..... ഇനി ഞാൻ ആയിട്ട് ആർക്കും ഈ one + ന്റെ phone reffer ചെയ്യില്ല എന്ന് ഉറപ്പിച്ചു.....",Negative
Mi mix 2... Update വന്നിട്ട് വർഷം 3 ആകുന്നു.. 😁,Negative
Oneplus ഇമോഷണലീ സൈഡാക്കികളഞ്ഞു man,Negative
"Kopppaa Exynos loka tholvi ,design samsung loka tholvi,samsung kilavanmar edukkum phone ,hang ennu കേട്ടാൽ സാംസങ് കിംഗ്,samsung note 7 blast,ithokke porey oru mandanmarum edukkilla samsung ,Chinese worst over priced brand ,loka tholvi",Negative
Bro nothing 1 ഇപ്പൊൾ എടുത്താൽ vfm ആണോ...,Neutral
Bro ഇപ്പോൾ nothing phone 1 എടുക്കുന്നത് നല്ലതാണോ,Neutral
Screen പറ്റിയതാണോ 🤷🏻‍♂️,Neutral
Iqoo neo 7 pro vs nothing 2 etha നല്ലത്?,Neutral
Nothing service center കേരളത്തിൽ undo?,Neutral
Realmi 9 pro plus ൽ Screen ൽ line ൽ issue വരാറുണ്ടോ ?,Neutral
ഇതിൻ്റെ 5g version ഇപ്പൊൾ വാങ്ങിയാൽ affordable aano,Neutral
Bro 15000 range വരുന്ന ഒരു നല്ല fon parayamo.. pls...,Neutral
ഞാൻ പുതിയ ഒരു ഫോൺ വാങ്ങാൻ ഇരിക്കുവാൻ ഇനി ഇത് എടുക്കണോ അതോ 30k ഇതിലും മികച്ചത് വേറെ ഇണ്ടോ????pls replay,Neutral
"Bro , ഈ S20 FE 5G - യുടെ camera എന്ന് പറയുന്നത് 12 MP അല്ലേ. അത്ര മികച്ച ക്യാമറ ആണോ S20 FE 5G - യുടേത്...??..",Neutral
എന്താണെന്നു അറിയില്ല എത്ര negative പറഞ്ഞാലും still I LOVE U😍,Not_relevant
Broയുടെ എല്ലാ vedios കാണാരുണ്ട് പൊളിയാണ് 😍💥🔥💥,Not_relevant
Shazzam... ഈ ചതി നമ്മളോട് വേണ്ടായിരുന്നു ട്ടാ. നീയേ ഉണ്ടായിരുന്നുള്ളൂ നീ മാത്രേ ണ്ടായിരുന്നു ള്ളൂ ട്ടാ... ഐഫോൺ പ്പാൻസിന്റെ മുന്നിൽ പിടിച്ചു നിന്നോണ്ടിരുന്നതാ,Not_relevant
ഇവിടെ ഒരു ചായ കുടിക്കാൻ പോലും പൈസയില്ല തെണ്ടുകയാണ് കൂട്ടുകാരോടൊപ്പം അച്ഛന്റെ അമ്മയുടെ അടുത്ത്   അന്നേരം  i phone കാണുബോ  😭😭😭😭😭,Not_relevant
<b>Iphone</b> ഫാമിലിയിലേക്ക് സ്വാഗതം <b>mr shazam</b> 😁❤,Not_relevant
Apple inte Expression യാ മോനെ,Not_relevant
ആപ്പിൾ കമ്പനിക്കാർ വീഡിയോ കണ്ടാൽ സന്തോഷിക്കും🤣 finally shazzam  i phone vaghi ✌🏻👍,Not_relevant
എന്നെ ട്രോള്ളാൻ എനിക്ക് ഒരു തെണ്ടിയുടെയും ആവശ്യമില്ലാന്ന് 😂😂😂 well-done bro 😝😝😝,Not_relevant
26k എവിടെ കിട്ടും please please reply,Not_relevant
Chettan oru maasam mumbu alle iPhone 13 mini upayogichathu...Pinna enthina kore naal... Varsham ennokke parayane aa video kandu irikkumbalaanu ഈ  video nta notification vannathu🤣🤣🤣🤣😜😜,Not_relevant
എനിക്ക് സാംസങ് ഇഷ്ട്ടമല്ല... mi ആണിഷ്ടം 🥰❤️ my personal opinion 🖤,Mixed Feelings
വില വെച്ചു നോക്കുമ്പോൾ ഈ ഫീചർസ് ഓക്കേ ആണ്. പ്രോബ്ലം അവിടെ അല്ല... ഉള്ളിൽ ഉപയോഗിച്ചിരിക്കുന്ന components ന്റെ ക്വാളിറ്റി തീരെ കുറവാണ്.. വാറന്റി പീരീഡിൽ ok. അത് കഴിഞ്ഞാൽ...,Mixed Feelings
Motorola യൂടെ ഒരു ഫോൺ എടുത്ത് പെട്ടുപോയി ക്യാമറ ഓൺ ആക്കിയിട്ടു 2 മിനിറ്റ് വീഡിയോ എടുത്താൽ ഫോൺ നിന്ന് കത്തും .. കിട്ടിയ പൈസക്ക് കൊടുത്തു poco m2 pro eduthu 3yrs aayi no issues,Mixed Feelings
"നിങ്ങൾ എന്തെല്ലാം പറഞ്ഞാലും ഓഡിയോ vedio sony അതു കഴിഞ്ഞേ മറ്റെന്തും. High പ്രീമിയം quality വേണെമെങ്കിൽ boss തന്നെ. ബാക്കി എല്ലാം തട്ടിപ്പാണ്. ചൈനക്കാർ പണ്ട് പത്താഴം പോലുള്ള ഓഡിയോ set ഇറക്കിയിരുന്നു. അതിൽ എമർജൻസി light മുതൽ radio, ടേപ്പ് റെക്കോർഡർ, night lamp, music light എല്ലാം ഉണ്ട്‌ സൗണ്ട് ലോകം കിടുകുന്ന sound. പക്ഷെ sound ക്വാളിറ്റി very bad.അതുപോലെയാണ് ഈ item എല്ലാം.",Mixed Feelings
ഷോകം exynos processor മാറ്റിയതിന് സാംസങ്ങിന് നന്ദി,Mixed Feelings
samsung galaxy M11 വാങ്ങിക്കേണ്ടിവന്നു. (പ്രശ്നം മീഡിയ സൗണ്ട് )സൗണ്ട് വളരെ കുറവാണ് വാങ്ങിച്ച കടയിൽ ചെന്ന് കംപ്ലയിന്റ് പറഞ്ഞപ്പോൾ അവിടെ നിന്ന് പറഞ്ഞത് ആവശ്യത്തിനുള്ള സൗണ്ട് ഉണ്ടല്ലോ.. ഇതിൽ കൂടുതൽ . എന്നാ സൗണ്ട് വേണം. ഞാൻ ചോദിച്ചോട്ടെ യഥാർത്ഥത്തിൽ മറ്റ് ബ്രാൻഡുമായി കംപേർ ചെയ്യുമ്പോൾ സാംസങ് ഫോൺ സൗണ്ട് കുറവാണോ..? ഞാൻ oppo ഫോണാണ് ഉപയോഗിച്ച് വരുന്നത് സൂപ്പർ എന്നാ സൗണ്ടാ..... !,Mixed Feelings
വാങ്ങാൻ തോന്നുന്നുണ്ട് 5 G ഇല്ല എന്നുള്ള കുറവ് ണ്ട്,Mixed Feelings
towerinte 300 മീറ്റർ പരിധിക്കപ്പുറത് നിന്നും ഉപയോഗിക്കുമ്പോൾ തീരെ സിഗ്നൽ കിട്ടാത്ത ലോകത്തിലെ ഏറ്റവും മോശം മൊബൈൽ സാംസങ് ആയിരിക്കും.. റേഞ്ചിന്റെ കാര്യത്തിൽ കിങ് realme തന്നെയാണ്,Mixed Feelings
"Samsung ippo erakuna phone kozappala but korchu kazinjal thanni swabavm edukkum but  redmi,realme...etc hang avarilaa ",Mixed Feelings
ഒരുപാട് expect ചെയ്യണ്ട.. Better എന്ന് പറയാം.. Front Camera Portrait mode ഇല്ല. അതാണ് ഏറ്റവും വലിയ drawback.,Mixed Feelings
ഞാൻ വാങ്ങി കിടിലൻ ഫോൺ. ഈ പറയുന്ന പോലെ ഉള്ള probelm ഒന്നും ഇതിനെ കാണാൻ ഇല്ല. ആദ്യം ആയി OnePlus ഫോൺ വാങ്ങുന്നവർ തീർച്ചയായും ഇഷ്ടപ്പെടും,Positive
ബ്രോ എന്റെ അഭിപ്രായം കുറെ specifications മാത്രം ഫോണിൽ കുത്തിനിറച്ചിട്ട് കാര്യമില്ല ഒരു user എന്ന നിലയിൽ നല്ല ui വേണം അതിൽ oneplus അടിപൊളിയാണ്.....,Positive
അയിനൊക്കെ സാംസങ്.ചവർ പോലെ ഫോണും ഇറക്കും.അപ്ഡേറ്റും തരും ❤,Positive
"ബ്രോ... 5 വർഷമായി one plus 5 use ചെയ്യുന്നു. ഇപ്പോഴും 99% perfect അയി പോകുന്നു. Android 10 വരെ കിട്ടി. പക്ഷെ ഇപ്പോൾ പുതിയ verson എടുക്കാൻ അത്ര confident അല്ല.,,, 😂",Positive
"ചുമ്മാ തീ.... ക്യാമറ, സ്പീഡ്, bezel curved display❤❤❤❤❤",Positive
നല്ല solid ഫോൺ ഒന്നും പറയാൻ ഇല്ല നമുക്ക് മാറ്റി വെയ്ക്കാം 😂😂,Positive
എപ്പൊ വനാലും good morning 😊😅.കിടിലൻ ഫോൺ 🔥ഇതൊക്കെ .ഇവിടെ വരണം.....1.6M ❤️✨🙌,Positive
"1.6 M antutu.... 🥵💥, ഈ phone ന്റെ reviews ഞാൻ phone ഇറങ്ങിയത് തൊട്ട് കാണുന്നുണ്ട്, phone എടുത്താൽ കൊള്ളാം എന്നുണ്ട്... 😌😍",Positive
8-11-2020ൽ ₹2300 വാങ്ങിയ MI BAND 5 ഇപ്പോഴും ഉപയോഗിക്കുന്നു. More than 10dasys battery backup,Positive
Iam using realme watch 2 pro.... Simply 15 days battery backup കിട്ടുന്നുണ്ട് 💥,Positive
മക്കളെ one plus മെഡിക്കല്ലേ ട്ടാ... ക്യാമറ ഒക്കെ പരാജയം ആണ്... അപ്ഡേറ്റ് ചെയ്‌ത ക്വാളിറ്റി കൊറയും,Negative
S 21 FE ക്കിട്ട് വച്ച് 🤣 55000 ന് കൂതറ പ്ലാസ്റ്റിക്,Negative
Iqoo Service അബദ്ധമാണ്,Negative
One plus 9RT ഇപ്പൊ തന്നെ ആരും ചാടി കേറി മേടിക്കണ്ട കുറച്ചു കഴിയട്ടെ എന്നാൽ അറിയാം ശിവകാശി unit ആണോ അല്ലയോ എന്ന് 😅😂,Negative
അണ്ണാ അത് കണ്ടിക്കേണ്ട blastan chance ഉണ്ട്💣😂,Negative
Oppo phone വാങ്ങിച്ചതിനുശേഷം പെണ്ണുകാണാൻ പോകുന്നതിനു മുന്നേ ഒരു ഫോട്ടോ അയച്ചു കൊടുക്കാൻ പറഞ്ഞപ്പോൾ ഒരു ഫോട്ടോ പോലും ഒറിജിനൽ ഫെയ്സ് വരുന്നില്ല എല്ലാം വെളുത്തിട്ട്🙂🙂🙂,Negative
ഈ മൂളൽ പ്രശ്നം boat 190 ond athu karnm nj return adichu ippo nj i21 immortal order cheythitund,Negative
Boat മാത്രം വാങ്ങരുത്.1 year Warrantiyil 3 പ്രാവിശ്യം Return കൊടുക്കേണ്ടി വന്നു 🙏,Negative
Boat 411 ANC ആരും എടുക്കരുത്. ഞാൻ ഇത് കഴിഞ്ഞ 4 മാസം ആയി ഉപയോഗിക്കുന്നു. ഇതിനിടയിൽ 3 തവണ REPLACE ചെയ്തു. ഇപ്പോഴും ENX TECHNOLOGY WORK ആവുന്നില്ല. ( VOICE CALL CLARITY ILLA). ഒരു ബഡ് മാത്രം ഉപയോഗിക്കുമ്പോൾ വല്ല്യ കുഴപ്പമില്ല.,Negative
ഈവക ഊള സാധനം വാങ്ങല്ലേ 😅.mobile ടെക്നിഷൻ ആണ് ഞാൻ,Negative
ഞാനും ഇന്നലെ വാങ്ങിയെ ഉള്ളു... S20 FE 5G.....അതിൽ തന്നെ ഈ വീഡിയോ കാണുന്നു 😄😄,Neutral
ഇതിന് support ആവുന്ന headphone connector ഏതാണ്. ഞാൻ നോക്കിയിട്ട് ഒന്നും support ആവുന്നില്ല.,Neutral
15000 രൂപയ്ക്ക് ഒരു ഗെയിമിംഗ് ഫോൺ പറഞ്ഞുതരാമോ യിൻ 5g,Neutral
നോർമൽ യൂസ് wifi യിൽ എത്ര മണിക്കൂർ?,Neutral
Bro ഞാൻ s20fe ഉപയോഗിക്കുന്നുണ്ട്. ഇതിൽ Android 14 software update ലഭിക്കുമോ,Neutral
S21 plus ഫോണിന്റെ review ചെയ്യാമോ brother???,Neutral
"genshin impact കളിക്കാൻ പറ്റും, medium settings ഇട്ടാൽ മതി",Neutral
10k to 15k ഈ pricel ഇടയിൽ better phone ഏതാ ഉള്ളെ tel,Neutral
"Bro, ഈ tab Outdoor use ഇല്‍ നല്ല brightness കിട്ടുമോ",Neutral
Bro എനിക്ക് ഒരു tablet എടുക്കണം ഏതാണ് better option എനിക്ക് bigscreen വേണം +gaming പറ്റണം please reply,Neutral
Zasham ബ്രോ... പറ്റുമെങ്കിൽ ഒന്ന് വിളിക്കിക്ക്...,Not_relevant
@Jenu Mathew ഞാൻ ഇയാളെ അമ്മായി അപ്പൂപ്പൻ ചാനലിൽ കണ്ടായിരുന്നു 😂🙏,Not_relevant
Eppo angane ഇരിക്കണ്,Not_relevant
ഒരു വർഷം കഴിഞ്ഞ് video കാണുന്ന ഞാൻ,Not_relevant
ഇപ്പോഴും redmi note 5pro use ചെയുന്ന എന്നോട് ചാർജിങ്ങിന്റെ കാര്യം പറഞ്ഞു പേടിപ്പിക്കല്ലേ 😌😌,Not_relevant
"ഇങ്ങിനെയും ഫോൺ റീവ്യൂ ചെയ്യാം അല്ലെ, പൊളി ബ്രോ. Excellent, kudos ❤️",Not_relevant
Prithviraj ന്റെ ഒരു ചായകാച്ചൽ എനിക്ക് മാത്രമാണോ തോന്നിയത്?,Not_relevant
Chatta oru iphone tharumo  ഏതകില്ലും ഒന്നു please,Not_relevant
13 mini എടുത്താൽ പണി കിട്ടുമോ....അതോ next ബിഗ്‌ ബില്യൺ days വരെ വെയിറ്റ് ചെയ്യണോ..,Not_relevant
മൊബിലിറ്റി ഹബ് എങ്ങോട്ട് ആകാശത്തേക്കോ😂😂😂,Not_relevant
ആരൊക്ക എന്തൊക്കെ പറഞ്ഞാലും Exynos processor വളരെ മോശം അഭിപ്രായം ആണ് . ഒരു 750G Snapdragon processor ആണെങ്കിൽ ഈ Phone ചൂടപ്പം പൊലെ വിറ്റ് പോകും.,Mixed Feelings
എല്ലാം ഓക്കേ പക്ഷെ 5g ഇല്ല,Mixed Feelings
ഏറ്റവും best എന്നൊന്നും പറയാൻ പറ്റില്ല. Sd 888 ഇൽ ഇറങ്ങിയ ചുരുക്കം ചില ഫോണുകളിൽ രണ്ടെണ്ണം മാത്രം with oxigen os. വലിയ സംഭവം എന്ന് പറയാൻ ഒന്നും ഇല്ല..Nb : എനിക്ക് ഇപ്പൊ ഇറങ്ങിയതിൽ impressive ആയി തോന്നിയത് redmi 10 series ആണ്.64k ക്ക് oneplus നെപ്പോലെ ഒരു company ഇത്രയും Specs തരുന്നത് വലിയ കാര്യം ഒന്നും ആയി തോന്നിയില്ല.,Mixed Feelings
Chinease smartphones best phone. Realme എടുത്ത് കുടുങ്ങി 🤮. ഇനി അവരെ ഒരു പ്രോഡക്റ്റും വാങ്ങില്ല. Next oneplus sure 💯.,Mixed Feelings
എല്ലാം തികഞ്ഞതല്ല. ഇത്രയും കാശുകൊടുത്ത് മേടിച്ചിട്ട് അതിൻറെ ഡിസ്പ്ലേയിൽ നോച്ച്... I like Sony Xperia,Mixed Feelings
പ്രൈസ് ഒരു പ്രശ്നം തന്നെ ആണ് 🥴 .Poco x3 pro നോക്കണം 😇,Mixed Feelings
2 വർഷമായി Vivo Z1 Pro ഉപയോഗിക്കുന്നു. ഇപ്പോ Mi not 10 Pro എട്ടുത്തു.. വളരെ മോശം ഒരു മേഘലയിലും Vivo യോടൊപ്പം 10 Pro എത്തുന്നില്ല.,Mixed Feelings
ഇത് കണ്ടു വാങ്ങി കുടുങ്ങിയ ഞാൻ: ഇതെല്ലാം പെയ്ഡ് റിവ്യൂ തന്നെ: നോക്കിയ 6.1 plus ഉപയോഗിച്ചിരുന്ന ഞാൻ രണ്ടിൻ്റെയും ക്വാളിറ്റി നോക്കീ ഞെട്ടി:നോക്കിയ ബെറ്റർ പിക്ച്ചർ ക്യാളിറ്റിയിലും സ്പീഡിലും,Mixed Feelings
പക്കാ ചൈന വാങ്ങി കുടുങ്ങല്ലേ.. അതിലും നല്ലത്.. LETV.. Le2... അടിപൊളിയാ... ഞാൻ വാങ്ങിയിട്ടുണ്ട്..,Mixed Feelings
"Oppo a52 വാങ്ങി സൗണ്ട് ക്ലാരിറ്റി സൂപ്പർ. പക്ഷെ ക്യാമറ മോശം, heating ഹാങ്ങ്‌ ഉണ്ട്",Mixed Feelings
എന്റെ firbolt വാച് 25 day ബാറ്ററി നിക്കും,Positive
5000 രൂപക്ക് ഏറ്റവും ബെസ്റ്റ് വാച്ച് realme വാച്ച് 3 pro ആണ്,Positive
"Under 20k iq z7 5g കിടിലൻ amold display, procceser 👌👌 camare 👌👌",Positive
കഴിഞ്ഞ BB sale ഇൽ വാങ്ങിച്ചതാ ഞാൻ... കൊറേ കാലം റെഡ്മി ഉപയോഗിച്ച ഞാൻ ഇപ്പൊ realme യൂസ് ചെയ്യുന്നു... സാധനം കൊള്ളാം... നല്ല പെർഫോമൻസ് ഇപ്പോഴും ഉണ്ട്... ✌️✌️,Positive
ഞാൻ ഫോൺ കിട്ടിയപ്പോൾ തന്നെ ഓൺ ആക്കി നോക്കിയപ്പോൾ 5G കാണിക്കുന്നുണ്ടായിരുന്നു... അപ്ഡേറ്റ് ചെയ്തു നോക്കിയപ്പോൾ 5G നന്നായി തന്നെ വർക്ക്‌ ചെയ്യുന്നുണ്ട്!!! ബ്രോയുടെ സ്ഥലത്തു 5G കവറേജ് ഉണ്ടോന്ന് ചെക്ക് ചെയ്തു നോക്ക്,Positive
ഇത് എടുക്കാതെ ഇരുന്നവർക്കു ഇപ്പൊ ഒരു ഓഫർ വന്നിട്ടുണ്ട് 🤗 realme 9 pro+ 5g 8gb 256 gb ഇപ്പൊ 21 രൂപയ്ക്കു കിട്ടും 😱 OIS ഒക്കെ ഉള്ള അടിപൊളി ഫോൺ 😊,Positive
"Gt neo 3t നല്ല ഫോൺ ആണ്. നല്ല ബാറ്ററി ബാക്ക് അപ്, പെട്ടെന്ന് ചാർജ് ആവും, അപ്ഡേറ്റ് ഒന്നും ഇതുവരെ പണി തന്നില്ല. ",Positive
Samsung S series S22 ultra അടിപൊളി ആണ്..,Positive
Samsung S series phones വേറെ level ആണ്,Positive
"എന്റെ ചിന്ത മുഴുവനും mi 11ultraയെ കുറിച്ചായിരുന്നു ,അതും കിടു ഫോണാണ് ,എന്നാലും ഇത്രയ്ക്കു പോയ്‌ക്കാണും",Positive
ഒരു 7 Rs കൂടുതൽ കൊടുത്താൽ S20FE 5G കിട്ടും...അതാണ് മെച്ചം...,Negative
ഒരു 1000 രൂപയും കൂടി കൂട്ടിയിട്ട് stereo speakers കൊടുക്കായിരുന്നു..,Negative
1: Crack proof തേങ്ങാക്കൊല ആണ് ജസ്റ്റ് ഒന്ന് ജീൻസ്ന്റെ അകത്തു വെച്ച് ഇറുകിയ അപ്പോൾ പൊട്ടി കയ്യിൽ വന്ന സാധനമാണ് ..2: വെളുത്ത കളറാണ് കട്ടക്ക് അഴുക്കോകും ..3: മൂന്നു മണിക്കൂർ തികച്ച് കിട്ടിയാൽ കിട്ടി (in ANC on)..4: പെട്ടിക്കകത്ത് വച്ച് രണ്ട് തവണ ചാർജ് ചെയ്യാം..5: Free fire പോലും കളിക്കാൻ പറ്റൂല ( വെടികൊണ്ട് ചത്തിട്ട് ശബ്ദം എത്തും )..6: ഫോൺ വിളിക്കുമ്പോൾ ഇടത്തോട്ടോ വലത്തോട്ടോ കട്ടിലിൽ കിടന്നു ഉരുളുന്നത് കാള കട്ട് ആകും (highly sensitive)..7: ഞാൻ ഇവിടെ നിർത്തുന്നു by 👋,Negative
Latency ആണ് main.... 500rs കിട്ടുന്ന same aanu ഇതിലും എങ്കിൽ 7k kku enth kopp ആണ് ഉള്ളത്....bass... treble... Okke എല്ലാത്തിലും ഏകദേശം ഒരുപോലെ ആണ്,Negative
"ആരും വാങ്ങിക്കരുത് ഇതും ചേര്‍ത്തു എന്റെ 2 മത്തെ lenovo lap ആണ്..ഞാൻ ആദ്യം ഒരു lenovo lap എടുത്തു., അത് ഇപ്പൊ തമിഴന്‍ മാരാരുടെ ശവം പോലെയാണ്., എവിടെയെങ്കിലും കുത്തി ചാരി ഇരുതിയാല്‍ അങ്ങനെ ഇരുന്നോളും hinch problem..ഇപ്പൊ ദേ ഈ വീഡിയോയില്‍ പറഞ്ഞ കോണം വാങ്ങിയിട്ട് 3 month hinch അഴിച്ചിട്ട് ഇപ്പം 6 മിനുട്ട് ആയി...നടു വേദന വന്നാല്‍ എത്ര വലിയ പോലീസ് ആയാലും ഒന്ന് ഇരിക്കും.",Negative
ഉള്ളിൽ ഉപയോഗിച്ചിരിക്കുന്ന components ന്റെ ക്വാളിറ്റി തീരെ കുറവാണ്.. വാറന്റി പീരീഡ കഴിഞ്ഞാൽ...,Negative
ഊ ***യാ company 🤢🤮,Negative
Bro കഴിഞ്ഞ 5-6 വർഷമായി ഞാൻ xiaomi products മാത്രം ആണ് use ചെയ്യുന്നത് ലാസ്റ്റ് വാങ്ങിയത് MI11X ആയിരുന്നു അതിനു മുൻപ് K20Pro 2 ഫോണും അതിന്റെ വാറന്റി കഴിഞ്ഞ് correct 1 month ആയപ്പോൾ സോഫ്റ്റ്‌വെയർ issue തുടങ്ങി MI 11X സോഫ്റ്റ്‌വെയർ കംപ്ലീറ്റ് അടിച്ചു പോയി ആദ്യം കോൺടാക്ട് മിസ്സിംഗ്‌ ആയി തുടങ്ങി അവസാനം മൊത്തം പോയി K20 PRO ഇടയ്ക്ക് കംപ്ലൈറ് വരുന്നുണ്ട് സ്വിച്ച് ഓഫ്‌ ചെയ്ത് ON ആകുമ്പോ READY ആകുന്നുണ്ട്,Negative
1 കൊല്ലം കഴിഞ്ഞ് miui update തന്ന് പൊട്ടിത്തെറിച്ചോളും,Negative
ആഹ് ഇത് വന്നപ്പോ i pad ശെരിക്കും Air ൽ ആയി ... 😆😆😆,Negative
അല്ലപ്പാ camon20പ്രൊ........ കൂടുതലൊന്നും കണ്ടില്ല...😢,Neutral
ഒരു നല്ല tws പറഞ്ഞു തരുമോ under 2000,Neutral
Wireless mouse connect ചെയ്യാമോ??,Neutral
"Bro. Below 15000 ഉപയോഗിക്കാൻ നല്ല phone ഏതാ? എനിക്കും നല്ല camera quality ഉള്ള, hang ആവാത്ത phone ഉപയോഗിക്കാൻ ഉള്ള ആഗ്രഹം കൊണ്ടാണ്. Pls. @callmeshazzam vines, @ lifeof shazzam",Neutral
"Boat Niravana 525 ANC (bluetooth headset).എടുക്കണം എന്നുണ്ട്, അഭിപ്രായം parayaavo,.എടുത്താൽ മുതലാവോ 😊😊😊😊",Neutral
PUBG TEST VIDEO PLZ സേട്ടാ,Neutral
Primebook Laptop ഒന്ന് റിവ്യൂ ഇടാമോ? മലയാളത്തിൽ ആരും ചെയ്തത് കണ്ടില്ല.,Neutral
BRO... ഈ PEN GEN2 പഴയ Mi Pad 5 നോട് Supporting ആണോ ?... PEN 1 Stock ഇന്ത്യയിൽ ഇല്ല.. !,Neutral
സോഫ്റ്റ് വെയർ അപ്ഡേറ്റുകൾ തരുന്നുണ്ടല്ലോ.. കുറവാണ് എങ്കിലും എനിക്കങ്ങനെ വലിയ ഒരു ഇഷു തോന്നിയിട്ടില്ല. അല്ലേലും എപ്പോഴും update അവശ്യം ഉണ്ടോ..,Neutral
Bro ഞാൻ ഒരു ലാപ് എടുക്കാൻ ആലോചിക്കുന്നുണ്ട്. Under 50k for gaming editing and mainly programming. Please help me by,Neutral
Video resolution 1080P ആക്കാമോ.Camera samples ഒക്കെ കാണിക്കുമ്പോൾ ഒരു Quality ഇല്ലാത്ത പോലെ.,Not_relevant
ഇപ്പോഴും 1gb ram ഫോൺ use ചെയ്യുന്ന ഞാൻ 🥺😪💓,Not_relevant
ലുട്ടാപ്പി ഫോൺ.....😂😂😂😂😂😂😂. ലുട്ടാപ്പി കളി...... 😂😂😂😂😂😂😂.റിവ്യൂ കാണാൻ ഒന്നും അല്ല വരുന്നത് ഈ മൊതലിന്റെ സംസാരം കേൾക്കാനാ 😂😂😂😂😂😂😂😂😂,Not_relevant
Bro Pushpa trailer Reaction വേണം 😁🙂,Not_relevant
t-shirtഎവിടുന്നാണ് ബ്രോ മേടിച്ചത്,Not_relevant
Bro a ടിഷർട്ട് എവിടെ കിട്ടും 😂,Not_relevant
Tshirt കണ്ട് വാണം വിട്ടവർക്ക് ഒത്തുകൂടാൻ ഉള്ള post 🙂🙂,Not_relevant
T ഷർട്ട്‌ ആണോ ലാപ്ടോപ് ആണോ കാണേണ്ടത്.. 🥴,Not_relevant
Shaz bro ipad നെ പൊക്കിയതൊന്നും ആരും കേട്ടില്ല തോന്നുന്നു. എല്ലാരുടെ കണ്ണും ആ ഷർട്ടിലാ 😅,Not_relevant
ഞാൻ മാത്രം അല്ല അപ്പൊ വേറെ ipad നോക്കിയത് 😂,Not_relevant
SUPER .AMOLED ഡിസ്പ്ലേ കൊടുക്കാമായിരുന്നു. STEREO SPEAKERS കൊടുക്കാമായിരുന്നു.CHARGER ഒരു 33 WATTS ന്റേതെങ്കിലും തരാമായിരുന്നു -,Mixed Feelings
ഞാൻ മേടിച്ചു തിരിച്ചു കൊടുത്തു... ലാസ്‌റ് വീക്ക്...എന്നിട്ട് ആപ്പിൾ 13 pro വാങ്ങി... അത് worth... Google ദൈവത്തെ ഓർത്തു ആരും വാങ്ങരുത്.... ക്യാഷ് വെറുതെ കളയരുത്.... ഞാൻ വ്ലോഗർ അല്ല.... പക്ഷെ ഉള്ളത് പറഞ്ഞന്നേ ഉള്ളു... ഇന്ത്യയിൽ വരാത്തതിൽ സന്തോഷിക്കുക....,Mixed Feelings
സത്യം ഞാൻ മേടിച്ചു പല റിവ്യൂ കണ്ടിട്ട്... തള്ളിമാറിയാണ് എല്ലാം കാമറ ഇൻഡോർ വൻ ഫ്ലോപ്... പെർഫോമൻസ് വളരെ മോശം.... റിട്ടേൻ ചെയ്തു... ആപ്പിൾ 13 പ്രൊ എടുത്തു... സൂപ്പർ,Mixed Feelings
"Pixel 6 pro is not as good as 13 pro max or even s21 ultra....Performance, camera, portrait edge detetion, video recording quality , ultrawide cam quality and fov , battery life, display brightnes and hdr playback capabilitys, built quality, water resistance,charging speed, എല്ലാം ഇപ്പോഴും way behind ane compared to compatators ..... അതുകൊണ്ടാണ് മറ്റു flagships കളും ഇതിന് വിലക്കുറവ്..... പക്ഷേ ഈ വിലക്ക് xavomi of oneplus flagships എടുക്കുന്നതിനേക്കാൾ way better ane pixel 6 pro.Also we will get the best android experience and regular software updates as compared to other android alternatives... Thats itself is a great advantage...",Mixed Feelings
വേറെ ലെവൽ സാധനം....പക്ഷെ ഐഫോണിൽ എന്താണ് ബാറ്ററി പവർ കൂടാത്തത് എന്ന് എനിക്ക് ഇപ്പോഴും മനസ്സിലാകുന്നില്ല....,Mixed Feelings
എല്ലാം അടിപൊളി no doubt പക്ഷേ normal use ഇൽ തന്നെ heating.. ഞാൻ 30k.എടുത്ത് return വിട്ട്(30k value for money ആണ് even with heating) എൻ്റെ കയ്യിൽ വേറെ ഫോൺ ഉള്ള.കൊണ്ട് returned,Mixed Feelings
എൻ്റെ പൊന്നോ... Ormippikkallle.... ബാറ്ററി ഒക്കെ വൻ ശോകം ആണ്... പിന്നെ ചുട്ടു പഴുകുന്ന ഹീറ്റ് ഉം.... പെർഫോർമൻസ് sokamaanu......ക്യാമറ and display മാത്രം കൊള്ളാം....,Mixed Feelings
Samsunginte Flip phone ellam Flop phonukalan. Folp searisinte phonukal irakki veendum flop akan samsungin mathre pattu 🤣🤣. ..ഞാൻ ഒരു സാംസങ് യൂസറാണ്. ഇപ്പോൾ note 20 ultra യൂസ് ചെയ്യുന്നു pwoli യാണ് ❤️,Mixed Feelings
"ഡിസ്പ്ലേ, ക്യാമറ ക്ലാരിറ്റി എല്ലാം സാംസങ്ങ് സൂപ്പർബ് ആണ് ഒരു മണിക്കൂർ തുടർച്ചയായി ഗേയിമിങ്ങോ, ബ്രൗസിങ്ങോ ചെയ്താൽ പ ത്ത് മുട്ടയോളം നിങ്ങൾക്ക് പുഴുങ്ങിയെടുക്കാൻ പറ്റും, വെള്ളമോ ഗ്യാ സോ ആവശ്യമില്ല ഫോൺ മുട്ടകൾക്കിടയിൽ വെച്ചാൽ മാത്രം മതി...",Mixed Feelings
എടൊ.. one pluainte video shootage kanan nalla ഭംഗി ഉണ്ട്.. i phonil chumma oru rasam and ഫിനിഷിങ് and colour quality onnum illa video recordingil.. one plus video stabilozation eallam 100il 100 marck aanu.. pinne kanan nalla colourfull aayitt ulla videos aanu,Mixed Feelings
എന്റെ എടുത്ത് Samsung m10 ആണ് എനിക്ക് ഇപ്പോഴും security patch കിട്ടുന്നണ്ട് one ui is perfect,Positive
ഞാൻ വാങ്ങിച്ചു അടിപൊളി 🎉.I Love realme,Positive
Realme 9 pro plus. Camera super perfect. ഒരു ആഴ്‌ച ആയി ഉപയോഗിക്കുന്നു.,Positive
3 കൊല്ലമായി oneplus 6t ഉപയോഗിക്കുന്ന ഞാൻ 🥰,Positive
ആടാർ സാദനം bro ❤🤗🔥👍,Positive
എന്റെ റിയൽ മി x2 pro 9മണിക്കൂർ തോട്ടിൽ കിടന്നു Ring ചെയ്തു ഒരു കുഴപ്പമില്ല ക്ലീൻ ചെയ്തു ഉപയോഗിക്കുന്നു sooper phone,Positive
S23 ultra ഒരാഴ്ച ആയി യൂസ് ചെയുന്നു സൂപ്പർ ഫോൺ ക്യാമറ കിടു,Positive
ജെറി അണ്ണൻ്റെ അഭിപ്രായം കൂടി കേട്ടിട്ട് എൻ്റെ 7പ്രോ മറ്റിയാലോ എന്ന് ആലോചിക്കുന്നു.. ചിലപ്പോൾ ആലോചിക്കും ഈ 7പ്രോ ഇൽ ഒരു 8th gen 2 ഫിറ്റ് ചെയ്യാൻ പറ്റിയിരുന്നു എങ്കിൽ എന്ന്😀.. ഇത് റിയൽ വിൻ്റേജ് ലാലേട്ടൻ ആണ്🔥,Positive
Case കൊള്ളാം,Positive
Battery കാര്യം പറഞ്ഞത് 100% ശരിയാണ്.. ഓഫീസിൽ ഒരു 100% കൊണ്ട് പോയാൽ evg വരുമ്പോൾ 50% ഉണ്ടാകാറുണ്ട്.. അത്യാവശ്യം കാളിങ്ങും zoom മീറ്റിങ്ങും ഒക്കെ use ചെയ്യാറുണ്ട് but still നല്ല ബാറ്ററി life കിട്ടുണ്ട് എന്റെ 9RT യിൽ,Positive
67W charger plug ചെയ്തപ്പോൾ rapid charging അല്ലായിരുന്നു..almost 2 and half hour എടുത്തു charge ചെയ്യാൻ..33W charger ൽ 1hr മതി..correct watts ഉള്ള charger use ചെയ്താൽ മാത്രമേ fast charging കിട്ടൂ എന്ന് തോനുന്നു..അറിയില്ല,Negative
Bro ee fraud company oke enthina recommend cheyuunne......cheap quality products...ഞാൻ order cheythu vanna sadhanam vannapoole dead arunnu....power socket avar boardil kuthoyottillarunnu lol..kure perku angane kitti ennu..ivar oke enthu quality il ano manufacture cheyyynne...but sound is really good though..dont expect customer care...avare vilichu nokiyal ariyam..no response from them..,Negative
ആ ടൈം ഇൽ ഞാൻ വേറെ ഫോൺ ഉപയോഗിച്ചു വീഡിയോ കാണാൻ നോക്കിയപ്പോയും വിറയൽ ഉണ്ട്.,Negative
GYM use ചെയ്താൽ ഒരു പ്രെശ്നം ഉണ്ട് വിയർത്താൽ അതിന്റെ പുറത്തു കാണുന്ന coating പോകും.. Motorola pulse escape-nte വരെ പോകുന്നുണ്ട്.,Negative
എൻറെ S22 ultra display അടിച്ചു പോയിട്ട് ഇന്നലെ ശരിയാക്കി കിട്ടി..Note: താഴെ വീഴുകയോ വെള്ളം കയറുകയോ ചെയ്തിട്ടില്ല.😒,Negative
സോമൻ എന്ന് പേര് മാറ്റി ശശി എന്നാകിയ പോലെ ആവതിരിക്കട്ടെ 😃.Samsung S സീരീസ് software update ചെയ്യുമ്പോൾ over heat ആയി ഡിസ്പ്ലേ അല്ലേൽ MB അടിച്ചു പോകുന്ന പ്രോബ്ലം ഉണ്ട്..heat ആകുമ്പോൾ IC കളിലെ ലെഡ് melt ആകുന്നതാണ് പ്രശ്നം..ഞാൻ S 20Fe വാങ്ങി 22th ഡേ ഡിസ്പ്ലേ പോയി...വാറൻ്റി ഉള്ളതിനാൽ display മാറി കിട്ടി.. അന്നേ ദിവസം വേറെ രണ്ടു പേര് അവിടെ ഇതേ ഫോണുമായി ഇതേ പ്രോബ്ലം ആയി വന്നതായി കണ്ട്😌,Negative
Network problem and WiFi networks issue... എന്നാ പിന്നെ എന്തിനാ85k യൂടെ phone...2000k യുടെ ഫീച്ചർ ഫോൺ എടുത്താൽ പോരെ,Negative
Pixel phones 2 varshamayi നമ്മൾ ഭയങ്കര expectation ഓടുകൂടി luanch ആകുന്നത് വരെ കാത്തുനിൽക്കും. ഫോൺ വന്നു ഒരു മാസത്തിനുള്ളിൽ അതിന്റെ കംപ്ലയിന്റ് ഓരോന്നോരോന്നായി വന്നുതുടങ്ങും,Negative
Screen protecter വെച്ചാൽ finger print work ചെയ്യുന്നില്ല....എന്തു കൊണ്ടാ?,Negative
"ഞാൻ mom നു വേണ്ടി 2021 june ൽ വാങ്ങിയിരുന്നു same phone, അപ്പോൾ 6999/- ആയിരുന്നു. Call attend ചെയുമ്പോൾ problem ഉണ്ട്. ഒന്നൂടി call ചെയ്താലേ ശരിയാകു.",Negative
Experia എങ്ങനെ ഉണ്ട്,Neutral
Battery full day നിക്കുമോ?,Neutral
ഒരു ഫോൺ എടുക്കുകയാണെങ്കിൽ 20000 താഴെ നല്ല ഫോൺ ഏതാണ്. (Gaming and camara നല്ലത് ),Neutral
വീണ്ടും വീണ്ടും .. ചോദിക്കുന്നു...എന്തിനാണ് ഭായ്.. ഈ Curved display...അതുകൊണ്ട് എന്താണ് പ്രയോജനം....Please Explain,Neutral
Bro oppo find n2 flip റിവ്യൂ ഇടാവോ,Neutral
Samsung galaxy m54 എപ്പോഴാണ് വരുന്നത് news വല്ലതും ഉണ്ടോ??,Neutral
ബ്രോ ഒരേ ഒരു ചോദ്യം ? BGMI ൽ 90 FPS കിട്ടുമോ ?,Neutral
Samsung fo4 review ചെയോ,Neutral
Bro iqoo neo 7 pro vs poco f5 വിഡിയോ 😁,Neutral
Poco f5 vs iqoo neo 7 comparison ചെയ്യാൻ പറ്റുവോ,Neutral
T shirt പുറത്തുള്ളവർ കാണണ്ടാ അവർ വേറെ എന്തെകിലും വിചാരിക്കും 😂😂,Not_relevant
എന്തൊരെടെ ആ t-shirt എനിച്ചു തെരോ 😂😂,Not_relevant
ഹോയ് ഹോയ് ഹോയ് ഹോയ്... പറന്നു nadakam,Not_relevant
Edverd മൂഞ്ചിയെങ്കിൽ ഞങ്ങളെന്തുവേണം....😂😂,Not_relevant
Ipad ഉള്ളോണ്ട് Tshirt ആരും ശ്രദ്ധിച്ചില്ലല്ലോ ല്ലേ ല്ലോ ല്ലേ 😂😂😂😂,Not_relevant
Tab ആരും നോക്കുന്നില്ല. എല്ലാർക്കും T shirt മതി😅,Not_relevant
ആദ്യത്തെ  3 min  ഞാൻ വൈവക്ക്  ഇരുന്ന  പോലുണ്ട്  😂😂,Not_relevant
എന്റെ പൊന്നോ ഫസ്റ്റ് shazaam വില്ലൻ look 🔥💥,Not_relevant
കാണണം......ചിരിക്കണം .....പോണo.....  That&#39;s my Policy..😂🤣🙏,Not_relevant
"ഞാൻ കാണുമ്പോൾ എല്ലാം ആലോചിക്കും എന്നെങ്കിലും tim cook ഈ video കണ്ട ഇങ്ങേർക്കു എതിരെ billion ഡോളർ compensation ചോദിക്കും, മാനനഷ്ട്ടത്തിന്...",Not_relevant
25 over priced ആണ്..... പിന്നെ funtuch os.... അത്ര പോര........ ഇതിലും നല്ലത് Nord 5G ആണ്,Mixed Feelings
"iqoo 3 silver എടുത്തിട്ട് 8 മാസം കഴിഞ്ഞു... ഇതുവരെ യാതൊരു വിധ പ്രശ്നങ്ങളും ഉണ്ടായിട്ട് ഇല്ലാ.. പക്ഷേ ഈ കഴിഞ്ഞ രണ്ടഴ്ച ആയി ഫോണിലേക്ക് വിളിക്കുന്നവർക്ക് ഞാന് പറയുന്നത് കേൾക്കാൻ പറ്റുന്നില്ല.... ഫോൺ സ്വിച്ച് ഓഫ്‌ ചെയ്ത് on ആക്കുമ്പോൾ ok ആക്കും... ഇടയ്ക്, ഇടയ്ക് ഉണ്ടാവുന്നു ഇങ്ങനെ???",Mixed Feelings
വില കുറവാണ് അതോണ്ട് മെഡിക്കുന്നില്ല ok beii😑,Mixed Feelings
a12 ഡിസ്പ്ലേ ക്വാളിറ്റി കുറവാണു selfi ക്യാമറയും മോശമാണ് prosseser verum lowanu .നല്ലതു m32 ആണ്. പക്ഷെ ഷോപ്പിൽ ചെന്നാൽ അവര് a12 എടുക്കാൻ പറയുകയുള്ളൂ,Mixed Feelings
അവർ വില കുറക്കാൻ ചാർജർ ഒഴിവാക്കി.ബോഡി പ്ലാസ്റ്റിക് ആക്കി.പ്രൊസസർ Decent Not High performance.,Mixed Feelings
പ്രകൃതി സ്നേഹം കുറച്ചു കൂടുന്നുണ്ട്....ആപ്പിൾ ചാർജർ എടുത് കളഞ്ഞപ്പോ ട്രോളിയ കമ്പനി ആണ് സാംസങ്.......ഫ്ലാഗ്ഷിപ് ഫോൺ ആണെങ്കില് പോട്ടെന്നു വെക്കാർന്നു....ഇതിപ്പോ മിഡ്രേജ് ഫോണിന് പോലും ചാർജർ എടുത്തു കളയുന്നു.....എന്നാലും എൻറെ സാംസങേ ....!!!!!!!!.ലേശം ഉളുപ്പ്...!!!!!!!!!!!!!.Anyway A53 is a Good SmartPhone...,Mixed Feelings
"എനിക്ക് ഇതിൽ ഒരു പോരായ്മ ആയി തോന്നിയദ് 64MP Quad camera, and amoled display ee പോരായ്മ കൂടി ഒന്ന് പരിഹരിച്ചിരുന്നുവെങ്കിൽ realme Narzo 20pro എന്ന phone ഒരു മികച്ച smartphone ആയി മാറിയേനെ🤷‍♂️BUT WHY",Mixed Feelings
ഒരു better ഉം അല്ല. വെറും കൂറ ഫോൺ. Display മാത്രം കൊള്ളാം.,Mixed Feelings
"ക്ഷമയുള്ളവർക്കു ഉപയോഗിക്കാൻ പറ്റിയ ലാപ്ടോപ്പ് ആണ്, Pentium+4GB+HDD!! Windows എല്ലാം ബൂട്ട് ആയി വരുമ്പോഴേക്കും ക്ഷമയുടെ നെല്ലിപ്പലക കാണും 😂 കുറച്ചു ക്യാഷ് അധികം കൊടുത്താലും please go for minimum i5 Processor / 8GB RAM and 128GB SSD (recommended 256GB SSD), if you are ready to invest little more please go for M.2 NVMe hard drives...HDD ആയിട്ടു compare ചെയ്യുമ്പോൾ പറഞ്ഞു അറിയിക്കാൻ പറ്റാത്ത performance ഉണ്ട്, like HDD - PT Usha &amp; NVMe - Usain Bolt 😊😅",Mixed Feelings
വേസ്റ്റ് ഫോൺ. അടുത്ത മോഡൽ പോക്കോ എം,Mixed Feelings
Oneplus 9rt 5g second ഒരു ഷോപ്പിൽ നിന്ന് വാങ്ങി 3 month കഴിഞ്ഞപ്പോൾ banglore police വിളിച്ചു തിരികെ കൊടുക്കേണ്ടി വന്നു 🥲. അടിപൊളി phone ആയിരുന്നു 👌.,Positive
6t aquarium thil ഇട്ടിട്ടുണ്ട്... ഞാൻ ഇപ്പോഴും use ചെയ്യുന്നത് 1+ 6t thanne....,Positive
"Waiting for XIAOMI 13 PRO....Feb:23..Display 💥💥💥💥💥1900 nits.Camera 💥💥💥💥.Battery💥💥💥💥.Design 💥💥💥💥💥.Weight 💥💥💥.Weight, സോഫ്റ്റ്‌വെയർ എക്സ്പീരിയൻസ് ആയിരിക്കും ഒരു പ്രശനം ആയി വരുന്നത്.....എന്ത് ആയാലും വെയ്റ്റിംഗ് ഫോർ യുവർ റിവ്യൂ 🥰🥰🥰",Positive
Nokiya യോടുള്ള ഇഷ്ടം അങ്ങനെ പോയ്‌ പോവൂല്ല മോനെ smart phone ഉണ്ടെങ്കിലും ഒരു nokia ഫോൺ എല്ലാ വീട്ടിലും കാണും,Positive
"ഏത് തെണ്ടികൾ ആണെന്നോ?? Sony xperia ഒരു ലക്ഷം രൂപ ടെ ഫോണിന് ഹെഡ്‍ഫോൺ ജാക്കും പിന്നെ sd കാർഡ് ഉം ഇടാം, xperia 1 mark 2 ന് ശേഷം ഉള്ള എല്ലാത്തിലും",Positive
Nokia അമ്മാവൻ ഉയിർ ❤️.,Positive
"എന്റെ കയ്യിൽ ഒരു nokia c5 എന്ന phone ഉണ്ടായിരുന്നു.അതിനേക്കാൾ കിടിലം ആയിട്ടുള്ള feature phone ഞാൻ വേറെ കണ്ടിട്ടില്ല.അതിൽ ഒട്ടുമിക്ക കാര്യങ്ങളും ചെയ്യാൻ പറ്റും.Youtube, Browser, facebook, whatsapp, etc.... Install ചെയ്യാമായിരുന്നു!.Storage 256mb ആയിരുന്നെങ്കിലും ആ കാലത്ത് അതൊക്കെ ആവിശ്യത്തിന് ഉണ്ടായിരുന്നു.പിന്നെ screen ആവിശ്യത്തിന് size ഉണ്ടായിരുന്നു..അതുപോലത്തെ features ഒക്കെ ഈ ഇപ്പോൾ ഇറങ്ങുന്ന feature ഫോണുകൾക്കും ഉണ്ടായിരുന്നേൽ എത്ര നന്നായേനെ🙂",Positive
"ബാറ്ററി, ചാർജർ, ഹെഡ്‍ഫോൺ ജാക്ക്, വോൾ പിഞ്ച് ഡിസ്‌പ്ലൈ(കുഞ്ഞേ സ്ക്രീൻ) ക്രാഷ് detection (പക്ഷേ sos സ്വിച്ചുള്ള ഭാഗം തന്നെ കുത്തിവീഴണം) പിന്നെ flip എല്ലാം കൂടി വെറും അയ്യായിരം ഉർപ്യക്ക്.... വേറെ ആര് തരും... 😎😎😎",Positive
Nokia Xpress Music 2010 ഉയിർ ആയിരുന്നു ❤️...കേടായി പോയി 😒,Positive
"ഒരു ലക്ഷത്തി തൊണ്ണൂറ്റി അഞ്ച് രൂപ കൊടുത്തു I mac ഞാൻ വാങ്ങിയപ്പോ എനിക് സങ്കടം ഉണ്ടാരുന്നു , പക്ഷെ ജോലി ചെയ്തു തുടങ്ങിയപ്പോ മനസിലായി , ആപ്പിൾ അത് ഒരു സംഭഗവമാണ് , 2 ലക്ഷം കൊടുത്താലും അതിനുള്ളത് ഉണ്ട് , കൊണ്ട് വന്നു വെച്ച് first പാട്ടു കേട്ടപ്പോഴേ എന്റെ കിളി പോയി , ആ ചെറിയ സ്പീക്കർ grill തരുന്ന quality പറയാതെ വയ്യ , ദിവസം ചെല്ലും തോറും ആപ്പിൾ നെ ഞാൻ സ്നേഹിച്ചു പോയി ❤",Positive
ചാത്തൻ11💯 ഉപയോഗിച്ച് പ്രാകിയ ദിനങ്ങൾ ഓർക്കുന്നു bei😶,Negative
Realme c11 ൽ കാണുന്ന ഞാൻ എന്റെ പൊന്നോ 1 year കഴിഞ്ഞാൽ 1 min എടുക്കും ഒരു app on ആവാൻ 😂.പിന്നെ 7500 ന്റെ ഫോൺ അല്ലെ എന്നൊരു സമാധാനം 🙂,Negative
Realme c12 എന്റെ mobile FF full lag 😭,Negative
ഇത് ഞാൻ മേടിച്ചതാണ്.....3പ്രാവിശ്യം പണി കിട്ടി...ഫുൾ lag . Mother ബോർഡ് എന്തോ മാറ്റി വെച്ച്.... എന്നാണ് അവർ പറഞ്ഞത്.....ഇപ്പൊ കുഴപ്പമില്ല എന്ന് തോന്നുന്നു. (പപ്പയ്ക് മേടിച്ചതാണ് ).ഫോൺ വാങ്ങിക്കൊടുത്ത മനസിന്‌ 👍🏻,Negative
വീഡിയോ call ചെയ്യാനാണ് എങ്കിൽ വാങ്ങരുത്. കാർട്ടൂൺ സ്റ്റൈൽ picture quality ആണ്. വാങ്ങി കുടുങ്ങി,Negative
എന്റെ ഫോൺ ഫുൾ ആയി കേടുവന്നു. 2 വർഷം മുൻപ് ബാറ്ററി കേടുവന്നു അത് നേരെയാക്കാൻ നോക്കിയപ്പോൾ ബോർഡ് കോംപ്ളിന്റെ ആണ് എന്ന് പറഞ്ഞു. പക്ഷെ എനിക്ക് നേരെയാക്കാൻ കഴിഞ്ഞില്ല . ഞാൻ ഇപ്പോഴും ആ ഫോൺ ആണ് യൂസ് ചെയുന്നത്. എനിക്ക് ഈ ഫോൺ കണ്ടപ്പോൾ കിട്ടണം എന്നുണ്ട് . പക്ഷേ ഞാൻ ഒരിക്കലും ഈ ഫോൺ വേണ്ടി കാതിരിക്കില്ല . ഞാൻ സ്വന്തം ആയിട് വാങ്ങാൻ ശ്രമിക്കും . 😀 . Njan try cheyum,Negative
"ഞാൻ oppo A7 aanu ഉപയോഗിക്കുന്നത്, ഇത് salesman ഞാൻ നല്ല ഫോൺ ചോദിച്ചപ്പോൾ എന്നെ പറ്റിച്ചതാണ്, എൻ്റെ ഫോൺ full lag ആണ്,ഒരു കാര്യവും മര്യാദക്ക് ചെയ്യാൻ കഴിയില്ല, ചാർജും നിൽക്കുന്നില്ല , ഒരുപാട് തവണ reset ചെയ്തു ഒരു മാറ്റവും ഇല്ല , പുതിയ ഫോൺ വാങ്ങാൻ പൈസയും ഇല്ല , ഒരുപാട് giveaway ഇല് പങ്കെടുത്തു , ഒന്നും ഇത് വരെ കിട്ടിയിട്ടില്ല, ഇതിലും പങ്കെടുത്തു നോക്കട്ടെ🤗",Negative
"എൻ്റെ പൊന്ന് ചേട്ടാ എൻ്റെ കൈൽ ഇരിക്കുന്നെ Vivo y91i (2gb ram) എന്ന ഒരു ഊള സാതനവ , ഞാൻ ഇപ്പൊ +2 കഴിഞു.എനിക്ക് ഒരു നല്ല ഫോൺ വേണം എന്നുണ്ട് ..അതുകൊണ്ട് ഇത് എനിക്ക് കിട്ടും എന്ന് ഞാന് പ്രതീക്ഷിക്കുന്നു❤️",Negative
കൂറ update ആണ് mi.... Update ചെയ്ത dead... Camera അടിച്ചു പോവൽ... Proximity sensor അടിച്ചു പോവൽ.. Miui ല് hang ആവുന്നത്.... മൊത്തം കൂറ update....😵😵😵😵😵,Negative
Samsung il ഉണ്ട്.Xiaomi il ഇല്ല.🤔.🤔.🤔.🤔.🤔.🤔.🤔.🤔.🤔.🤔......ഉത്തരം😂.SOFTWARE UPDATE,Negative
heating issues ഉണ്ടോ? ബാറ്ററി എത്ര നേരം നിൽക്കും?,Neutral
Poco എടുത്തു പണി കിട്ടുമോ,Neutral
Redmi 12 pro and poco f5 ഏതാണ് നല്ലത്,Neutral
Bro play station review വന്നില്ലല്ലോ,Neutral
ഇതിൽ വീഡിയോ എഡിറ്റിംഗ് ചെയ്യാമോ? Export time എടുക്കുമോ??,Neutral
Ps 5 ഇന്റെ review വേണം,Neutral
Bluetooth anoh eth ertha ദൂരം ubayokikkan,Neutral
Bro oru 13 k ക്ക് poco F1 ഇപ്പോ vangunnathineppatti എന്താണു അഭിപ്രായം flipil 13 K അണ് ഉപ്പോ rate,Neutral
മച്ചാനെ ആ green watch review ചെയ്യാമോ 👌🏽❤️,Neutral
ഈ ഫോണിന് heating ഇഷ്യൂ ഉണ്ടോ?,Neutral
@Sreerajomatic live ഞാനും ഒരു 10 12 എണ്ണം മേടിച്ചു,Not_relevant
IPad Air 4 ൽ ഈ വീഡിയോ കാണുന്ന ലെ ഞാൻ .ശരിക്കും എന്തിനാ ഈ വീഡിയോ കാണുന്നെ എന്ന് ചിന്ദിക്കുന്ന,Not_relevant
Progress Card കൊണ്ട് അച്ഛനെ കാണിക്കാൻ പോയത് ഓർമ വന്നു. Well done bro..😄😄😄,Not_relevant
"Everyone’s target is to make money, including Shaaz. ഇവിടെ ഒരു ആർത്തിപ്പണ്ടാരം വേറൊരു ആർത്തിപണ്ടാറത്തെ കുറ്റം പറയുന്നു എന്ന് മാത്രം. .One person is selling products and other person is doing service ( using his influencing power to advertise any thing )😂",Not_relevant
എല്ലാത്തിലും ചേഞ്ച് അപ്ഡേഷനും ഇല്ലേ കളിയാക്കുന്ന shaazz അണ്ണാ . എന്തര് നിങ്ങളുടെ ക്രിയേറ്റിവിറ്റി എന്നും ഒരു പോലെ ഇരിക്കുന്നെ . സെയിം ഡയലോഗ് . കോമഡി ആറ്റിട്യൂട് . ഒരു മാറ്റം ഇല്ല ..ഞാൻ കുറ്റം പറഞ്ഞോണ്ട് ഇനി shazz വിരോധി ആകേണ്ട . ഒരു ചേഞ്ച് ആഗ്രഹിക്കുന്നോട് പറഞ്ഞന്നേ ഉള്ളു,Not_relevant
Skit പൊളിച്ചു.. 😄,Not_relevant
"അയ്യോ.. Tim cook നെ ചെറ്റ എന്നൊന്നും വിളിക്കല്ലേ... പുള്ളിയെ സ്നേഹിക്കുന്ന, ആപ്പിൾ സ്വന്തം കുടുംബമായി കാണുന്ന ഒരുത്തൻ ഉണ്ട്.. പിടിക്കില്ല.",Not_relevant
S22 ultra S23 ultra ഉപയോഗിക്കുന്നവര്‍ നല്ല ക്വാളിറ്റി photos കിട്ടണം എങ്കില്‍...ഫോട്ടോ എടുത്ത് filter ല്‍  പോയി ivory എന്ന filter ഇടുക...നിങ്ങള്‍ക്ക് എത്ര വൈറ്റ് ആണോ വേണ്ടത് അത് അഡ്ജസ്റ്റ് ചെയ്യുക...എന്നിട്ട് സേവ് ചെയ്ത് താഴെ കാണുന്ന 3 dots ല്‍ പോയി remaster ചെയ്യുക,Not_relevant
കയ്യിൽ പത്തിന്റെ പൈസ ഇല്ലെങ്കിലും S23ന്റെ സകല വീഡിയോയും ഇരുന്ന് കാണും 😂😂,Not_relevant
S22 തരുവോ,Not_relevant
എല്ലാം ok ആയിരുന്നു. പക്ഷെ brightness nits 400 അത് കുറച്ചു കുറഞ്ഞുപോയി.,Mixed Feelings
Front ക്യാമറ നിരാശപ്പെടുത്തി. ഓൾ റൗണ്ടർ,Mixed Feelings
ഈ വർഷത്തെ ഏറ്റവും മോശം ഫോൺ ഇതായിരിക്കും......5g ആണ് ആകെയുള്ള നേട്ടം,Mixed Feelings
Selfie camera 4k not supported ... Ithrayum capability ഉള്ള processor ആയിട്ടും നിരാശപ്പെടുത്തി..ബാക്കി എല്ലാം കൊള്ളാം,Mixed Feelings
realme pora. gaming anel poco edtho,Mixed Feelings
"Camera Bump ഒഴിച്ചാൽ, ബാക്കിയൊക്കെ ഒരു കോട്ടങ്ങളായി പറയാൻ പറ്റുവോ bro........",Mixed Feelings
തരക്കേടില്ല bro.. ഇപ്പൊ യൂസിങ് കൂടിയത് കൊണ്ടാണെന്ന് തോന്നുന്നു നല്ല സ്ലോ ആണ്..😂,Mixed Feelings
"Redmi , poco, mi ഒട്ടും biuld quality ഇല്ല ..മറ്റുള്ള ഫോണുകളെക്കാൾ വില കുറവാണ് ",Mixed Feelings
കിടു ആണ് .നെഗറ്റീവ് പറയാൻ എന്താണ് എന്ന് വെച്ചാൽ ഭാരം അല്പം കൂടുതലായി ഫീൽ ചെയ്യുന്നുണ്ട്,Mixed Feelings
64 k ക്ക് ഹുവയിയുടെ ഫോണ്‍ എടുക്കുന്നത് നഷ്ടം തന്നെ ആണ് ..... samsung s9 പ്ലസ്‌ ആണ് ലാഭം.... അതിന്റെ ക്യാമറ വെട്ടിക്കാന്‍ ഇനി samsung ന്റെ s10 ഇറങ്ങണം,Mixed Feelings
ഒരു പ്രൊഫഷണൽ എഡിറ്റിംഗ് സിസ്റ്റം എന്ന നിലയിൽ ഇതൊരു ഉചിതമായ ഉപകരണമാണ്. എന്നാൽ ഭാവിയിൽ ബഡ്ജറ്റ് വിൻഡോസ് ലാപ്‌ടോപ്പുകൾ അല്ലെങ്കിൽ നിർമ്മിക്കാൻ കഴിയുന്ന പിസി ബിൽഡുകൾ mention ചെയ്താൽ നന്നായിരിക്കുന്നു.,Positive
Im ഹാപ്പി with macbook pro m1,Positive
അതെ ബ്രോ mac ഒരു ജിൻ ആണ് ☺️ ഞാൻ macbook pro m1 ഇപ്പൊ വാങ്ങിട്ട് ഏകതേശം ഒരു 5months അയി efficiency 🔥🔥🔥🔥 ഞാൻ ഒരു വെഡ്ഡിംഗ് ഫോട്ടോഗ്രാഫി ഇൽ ഇമേജ് എഡിറ്റർ ആണ് എനിക്ക് പക്കാ ആണ് macbook pro with a external dell 24inch monitor,Positive
എൻ്റെ hp probook 4330s 10 varshamassyi oru problems illa ram upgrade ചെയ്തു,Positive
"ഞാൻ 10+ years ആയിട്ട് windows user ആണ്. Recently ആണ് macbook airലോട്ട് upgrade ചെയ്തത്. എനിക്ക് ഉപയോഗിക്കാൻ ഒരു ബുദ്ധിമുട്ടും തോന്നിയില്ല.ആകെ windows il right side il ഉള്ളത് mac il left ലോട്ട് മാറി, അത് 2 ദിവസം കൊണ്ട് തന്നെ ശെരിയായി. 🤝👍",Positive
നല്ല processor &amp,Positive
"Realme 9 pro Plus flipkart ൽ മുമ്പ് 20k offter ഉണ്ടായിരുന്നു ..aa price ൽ phone worth ആണ്..👍👍💯...<a href=""http://www.youtube.com/results?search_query=%23r4amhser"">#r4amhser</a>",Positive
എന്റെത് 9pro ആണ് 2day ചാർജുനിൽക്കും സ്മൂത്ത്‌ എക്സ്പീരിയൻസ് ആണ് ഫോൺ.നോ ബഗ്സ് snapdragon ആയതുകൊണ്ടാരിക്കാം.,Positive
നല്ല ഫോൺ ആണ്. എത്ര നെഗറ്റീവ് പറഞ്ഞാലും അതു അഗ്ഗട് പറഞ്ഞു എത്തിക്കാൻ പറ്റില്ല 🤗 നല്ലതാണ് But കൊള്ളില്ല But Good 😂🤗 ..Samsung innovation ✌️,Positive
Oneplus 7t യുടെ തട്ട് താണ് തന്നെയിരിക്കും ❤️❤️,Positive
ഞാൻ Left hand user ആണ്.. സോ അധികം left-hand users ന്നും side mounted fingerprint ഒരു പോസിറ്റീവ് അല്ല....,Negative
"ഞാൻ ഈ ഫോൺ വാങ്ങിച്ചു ചാർജ് ആവാൻ ഒത്തിരി ടൈം എടുക്കുന്നുണ്ടായിരുന്നു, around 2 hour. So അത് റീപ്ലേസ് ചെയ്തു. സെയിം ഫോൺ വേറെ വന്നു. അതിനും ചാർജ് കേറുന്നില്ല എന്ന ഇഷ്യൂ. ഫസ്റ്റ് ചാർജ് ഫുൾ ആകും മുൻപ് ചാർജർ അടിച്ചു പോയി. വിശ്വസിക്കാൻ ബുദ്ധിമുട്ടായിരിക്കും പക്ഷെ സത്യം ആണ്. അതിനൊപ്പം മെയിൻ ക്യാമറ ഇഷ്യൂ ലെൻസ്‌ പൂപൽ പിടിക്കുമ്പോൾ വരുന്നപോലെ ഒരു സർക്കിൾ കണ്ടു so replaced ഫോൺ വീണ്ടും ക്യാൻസൽ ചെയ്യേണ്ടിവന്നു...ശുഭം",Negative
4 hours ആണ് എനിക്ക് x7 MAX ൽ Battery Screen on time കിട്ടുന്നത്,Negative
കാണാൻ ആഗ്രഹം ഉള്ളവർ കണ്ടാൽ മതി. പിന്നെ review and reaction തമ്മിൽ ഉള്ള difference അറിയാത്ത ആളോട് പറഞ്ഞിട്ട് കാര്യമില്ല,Negative
One plus കൊള്ളില്ല. എൻ്റ്റെ one plus ആണ്. വേഗം charge പോകും,Negative
ലെ one+ ഇതിൽ അപ്ഡേറ്റ് ഗ്രീൻ ലൈൻ വരും,Negative
"Samsungnu പോലും വേണ്ടാത്ത samsung nta Exynos processor ആണ് modefy ചെയ്തു ഇപ്പോൾ pixel phonesൽ ഉപയോഗിക്കുന്നത്, പട്ടച്ചാരായം ഒഴിച്ച് കൊട്ടാരം നാറ്റിച്ചു എന്നുവേണം പറയാൻ.vdo call ചെയ്യുമ്പോൾ എൻറെ pixel 6a over heating warning സ്ഥിരം വരുനുണ്ട് 😢",Negative
Battery life shokam ആണ്. Max 6 hr,Negative
green line എപ്പോളും one+ന് ഒരു പീടിസ്വപ്നം ആണ് 😂,Negative
Heating ഉണ്ട്,Negative
Best gaming phone under 20000 ആരെങ്കിലും ഒന്നു പറയാമോ,Neutral
Bro ഇതിൻ്റെ poled display super ആണോ,Neutral
Service നല്ലതാണോ : Service കിട്ടുമോ?,Neutral
"Redmi Note 8 pro (6gb, 128gb) ക്ക് ഈക്വൽ ആയ ന്യൂ ഫോൺ ഏതാണുള്ളത്....Please Suggest..🤔",Neutral
ഇത്‌ വാങ്ങണോ iqoo Z7pro വാങ്ങണോ പ്ലീസ് റിപ്ലൈ,Neutral
30k താഴെ നോക്കുന്ന ഒരുbest phone parayavo broo,Neutral
30k നല്ല ലാപ്ടോപ് ഏതാ,Neutral
V X70 proplus കിട്ടാൻ വഴി ഉണ്ടോ പ്ലീസ്,Neutral
Samsung a54 നല്ലതാണോ ❓️❓️,Neutral
Xiaomi 13 pro യും ഈ vivo x90pro യുടെ camera compare ചെയ്‌താൽ ഏതാണ് better... 🤔,Neutral
"ഞാൻ എടുത്തു black കളർ    512 gb   ഓഫർ  സൗദിയിൽ നിന്ന്    90,000 INR",Not_relevant
Last section..... പൊളി.... 😍😍,Not_relevant
അണ്ണന് iphone വിരോധി ആയോണ്ടാണ് ഞാൻ iphn എടുക്കത്തെ അല്ലാതെ പൈസ ഇല്ലാത്തോണ്ടല്ല ട്ടാ..,Not_relevant
"<a href=""https://www.youtube.com/watch?v=inYHvgD0OK8&amp;t=8m10s"">8:10</a> Sec : നിOver അവലെ നിങ്ങളും basic ആയി bug വരുന്നതും iphone ഈക്കുന്നതും , ചെറിയ കാര്യം വലുതാക്കി ഊതാറും ഉണ്ട് bro നിങ്ങളുടെ video തന്നെ ഗണ്ട് നോക്ക് പിന്നെ അവൻമാരുടെ അടുത്ത് എന്ത് ഇത്ര കടി i cant understand. dog Show ഇറക്കതെ report അങ്ങ് അഡിച്ച് തരും . പിറന്ന നി ഈ പറഞ്ഞവൻമാർക്ക് നി പറഞ്ഞത് മനസിലാകൻ മലയാളം അറിയത്തും ഇല്ല വെറുതെ  ഇത് ഇതാണ് മെ വെറുത്ത് പോവുന്നത്ത്",Not_relevant
ആ {NCS }pleeg home  with പോട്ടം 😍 എനിക്ക് അങ്ങ് പിടിച്ചു 🔥🔥.ഇങ്ങള് പൊളി ആണ് കേട്ടോ 👌🔥😊,Not_relevant
@call me shazam നിങ്ങളുടെ lockscrren wallpaper എവിടുന്ന് കിട്ടും,Not_relevant
"<a href=""https://www.youtube.com/watch?v=inYHvgD0OK8&amp;t=7m30s"">7:30</a>  മുതൽ അളിയൻ്റെ ഡയലോഗ് പോളി man",Not_relevant
ഇവിടെ 1 lakh വരുന്ന ഫോൺ ദുബായ് നിന്നു 60000 എടുത്ത ഞാൻ 😁,Not_relevant
"<a href=""https://youtu.be/skeXnep-Jjk"">https://youtu.be/skeXnep-Jjk</a>.പറ്റോ ശ്വാസം..😂😂😂 ഇത് പോലെ ഒരു വീഡിയോ ചെയ്യാൻ... നിനക്ക് പറ്റില്ല..😂😂",Not_relevant
Bro പോയി പല്ല് തേക്കൂ,Not_relevant
സാംസങു തന്നെയാണ് Super. but പിക്ച്ചർ ക്ലാരിറ്റി ഈ മോഡലിൽ കുറവാണ്.,Mixed Feelings
പഴയ nokia ചവിട്ടിപ്പൊട്ടിച്ചാലും ഫോൺ working ആവുമായിരുന്നു..പക്ഷെ നോക്കിയ സ്മാർട്ട്ഫോണുകൾ അങ്ങനെയല്ല,Mixed Feelings
"ആദ്യമായി ഒരു മോട്ടോറോള ഫോണിന് ലൈക് അടിക്കുന്നു, മാത്രമല്ല വാങ്ങണമെന്നുണ്ട് പക്ഷേ 256 GB സ്റ്റോറേജ് ഇല്ലാത്തത് ഒരു പ്രശ്നം പോലെ തോന്നുന്നു, 👍",Mixed Feelings
"Nomal use ചെയ്യുന്നവർക്ക് പൊളിയായിരിക്കും but Mobil editing, gameing ഒക്കെ ചെയ്യുമ്പോ ഭയങ്കര heating ഇണ്ട് ..",Mixed Feelings
4 വർഷം ആയി 2 gb Ram mathramulla honor 8s use cheyunnu...Still cherya lag allland there was no other problem👍🏻❤️.Ee video kandapo enthayalm edukkan thonni...But rate kandond theerukanam ozhivaakunnu😂😂.Around 75K+ varunnd rate..😢,Mixed Feelings
Honor ന്റെ photos ഉം videos ഉം എനിക്ക് ഇഷ്ടപെട്ടത്..Samsung phone ഉകൾക്ക് heating issue കാണുന്നുണ്ട്.,Mixed Feelings
"pazhaya s21 feyoke nalla phone aayirunnu 😑A,M ehh seriesyoke pakka soka",Mixed Feelings
വിലയിൽ ആണോ best ever ♥️😂,Mixed Feelings
എനിക്ക് ഇതിന്റെ ഡിസൈൻ ആണ് കൂടുതൽ ഇഷ്ടപ്പെട്ടത്.... 👌👌..20k മുകളിൽ ഉള്ള ഫോണിൽ 4k ഇല്ലാ എന്ത് തരം ഊ.. ക്കലാണോ..,Mixed Feelings
Oppo A33f ...കിടിലൻ ക്യാമറ ആയിരുന്നു.... ആ ഒരു സ്‌പിരിയൻസ് വെച്ചു.. റിയൽമീ 8 മേടിച്ചു. നിരാശ ആയിരുന്നു ‼️‼️,Mixed Feelings
കുറച്ചു നാളുകൾക്ക് ശേഷം Oneplus ന്റെ ഒരു നല്ല smartphone കാണാൻ കഴിഞ്ഞതിൽ സന്തോഷം.,Positive
ഞാൻ use ചെയ്യുന്നത് oppo f23 ആണ് യെവൻ പറയുന്നതുപോലെ ഒരു seenum ഓപ്പോയ്ക്ക് ഇല്ല,Positive
അവസാനം oppo അണ്ണൻ is back ഇനി ആണ് സംഭവം 👌,Positive
Hello Oppo തരകൻ 😂🔥,Positive
ith gaming nu vendi irakkiya സാധനം അല്ലേ.....nice ആണ്....beast mode il ittaal crct aayitt aanu sound കേൾക്കുക.....letency long aayitt വരുന്നില്ല ....മെച്ചം ഉണ്ട്....,Positive
yeah....nice aayitt കേൾക്കാം....,Positive
"sry...bro...for late reply....njan ith തുടർന്ന് use ആക്കുന്നു....എനിക് അത് വല്യ issue aayitt thonnunnilla.......bhudhimutt onnum തോന്നുന്നില്ല....സാധാരണ ആൾക്കാർക്ക്....ഒകെ ആണ്....ചുരുങ്ങിയ price പക്ക quality. ..മൂളൽ പ്രശ്നം....പാട്ട് കേൾക്കുമ്പോൾ, സിനിമ കാണുമ്പോൾ game കളിക്കുമ്പോൾ...ഒന്നും issue illa",Positive
boat airdopes 131 1 year ആയി ഇപ്പോഴും use ചെയ്യുന്നു smooth ആയി,Positive
Bose വേറെ level ആണ് ബ്രോ ചെക്ക് ചെയ്തു നോക്ക്,Positive
വീഡിയോ നോട്ടിഫിക്കേഷൻ വന്നപ്പോ 3G എന്നാ വിചാരിച്ചത്.ഫുള്ള് കണ്ടപ്പോ ആണ് സമാധാനം ആയത്.എനിക്ക് ബ്ലാക്ക് കിട്ടി. ഇത് വരെ പ്രശ്നം ഇല്ല,Positive
എന്റേത് ആദ്യം IC അടിച്ചുപോയി പിന്നെ MOTHERBOARD😊,Negative
ഉണ്ടായിരുന്നു mother board അടിച്ചുപോയി 😢,Negative
"അപ്ടഷൻ ശേഷം മദർ ബോർഡ്‌ പോവും ഉറപ്പ്,,,, 👍 ഡിസ്‌പ്ലെ പോവാതിരിക്കാൻ അവർ lcd ആക്കി 👍👍👍",Negative
ഞാൻ sumsung a71 ൽ ആണ് ഗെയിം കളിക്കുന്നത് വെറും പട്ടി ഫോൺ ആണ്,Negative
Gorilla glass victus കോപ്പാണ് വാങ്ങി രണ്ടാം ദിവസം സ്ക്രാച് വീണ് ബാറ്ററി one day കിട്ടുന്നില്ല,Negative
RMX3312_11_C.09 | Official version.Realme GT 2 ൽ വന്ന ഈ New Update ആരും ചെയ്യരുത്. BUG 🪲 ആണ്. Display അടിച്ച് പോകും. Service Centre ൽ നിന്നും അറിയിച്ചതാണ്...എൻ്റെ ഫോൺ അടിച്ച് പോയി.,Negative
Camera il Iqoo ഓട് മുട്ടാൻ realme പോര,Negative
എന്തിനോ വേണ്ടി ഇറക്കിയ ഫോൺ .. charger എടുത്ത് കളഞ്ഞത് കഷ്ട്ടം തന്നെ..,Negative
Narzo 50A prime ഇറങ്ങി 11500 price പക്ഷേ charger ഇല്ല 😃,Negative
"ഒരു update കഴിഞ്ഞാൽ റിയൽമി പണി തുടങ്ങും, ഒരു android version update റ്റും കഴിഞ്ഞാൽ പിന്നെ പറയേവേട 🥴🥴🤕🤕🤕🤕 (my device realme narzo 30 5G)",Negative
X90 pro ആണോ x70pro plus ആണോനല്ലത്,Neutral
Moto g13 camera 📷 qualityവീഡിയോ ഇടാമോ😊😊🙏🙏,Neutral
പിസ്ൽ 4a 5g nala mobil anoo,Neutral
Bro 25000 രൂപക്ക് നല്ല ഫോൺ ഏതാണ് ഒന്ന് പറഞ്ഞു തരാമോ?,Neutral
ചില ഫോണുക്കളിൽ 120hz ഡിസ്പ്ലേ ഉണ്ടെങ്കിലും youtube 60hz ഇൽ ആണ് വർക് ആകുന്നത് 🙄🙄 അതെന്താരിക്കും???,Neutral
Vivo T2x unboxing എന്ന് വരും bro waiting,Neutral
എന്നിട്ടും കടകളിൽ second hand phones കൂടുതലും വിവോ ആണ്. എന്തുകൊണ്ടായിരിക്കും???,Neutral
വേറെ ഒരു പ്രോബ്ലം കൂടെ ഇല്ലേ അങ്ങനെ ചെയുമ്പോൾ.. DSLR ആണേൽ വീഡിയോ എഡിറ്റ്‌ ചെയ്യാൻ 4k edit support ചെയ്യണ laptop venam നല്ല brand edukkan 1 lakh near ആകും,Neutral
"Samsung പല സീരീസിൽ ഫോൺ ഉണ്ട്, A, S, M, എന്ന് തുടങ്ങി …. ഇവ തമ്മിലുള്ള വ്യത്യാസം പറഞ്ഞാൽ നന്നായിരുന്നു.",Neutral
Different price rangil ഉള്ള gaming phone നേ കുറിച്ച് ഒരു new video ചെയ്യ് bro,Neutral
same phonil video കാണുന്ന ഞാൻ😊,Not_relevant
legengary അതെന്താ സാധനം.. ഇംഗ്ലീഷ് അറിയില്ലേലും മുറി ഇംഗ്ലീഷേ പറയൂ,Not_relevant
"241 grams in each pocket, പാന്റ് ഉരിഞ്ഞു പോകുമല്ലോ അണ്ണാ...😂",Not_relevant
ചേട്ടൻ poli,Not_relevant
s23 ultra അല്ല mr.prfect tech ആണ് more perfect..😂,Not_relevant
എന്നെ  പോലുള്ള ചെറിയ  youtubersine സപ്പോർട്ട് ചെയ്യാൻ  ആരുമില്ല.. 😌😔💔💔💔😍😭,Not_relevant
@ഷാജി പാപ്പൻ paditham okke kazhinju bhai.. Oru suggestion chodichathaa.,Not_relevant
ഞാൻ ഇപ്പോൾ ഐഫോൺ 14 പ്ലസ് ഉപയോഗിക്കുന്നു.  അടുത്ത ഫോൺ ഞാൻ s23 അൾട്രാ വാങ്ങണം,Not_relevant
എന്റെ യൂട്യൂബ് ചാനൽ സബ്സ്ക്രൈബ്ർസ് ഒന്നുമില്ല 0 .ഞാൻ വീഡിയോസ് ഇട്ടാലും ആരും കാണാറില്ല 🥹😢,Not_relevant
@Sayooj Garrix അവസാനം ന്യായീകരിക്കാൻ ഒരു points ഇല്ലാതെ ആയി അല്ലെ ? 🤣🤣🤣,Not_relevant
❤😊😊😊14 പ്രോമാക്സ് എടുക്കാൻ വെയിറ്റ് ചെയ്തതാണ് but 13 പ്രോമാക്സ് എടുത്തു ... വില അൺസഹിക്കബിൾ ആണ് ബ്രോ 😂അതുകൊണ്ടാണ് 14 promax എടുക്കാതിരുന്നത് 😢,Mixed Feelings
11 pro + 5g. ചതിയിൽ പെടേണ്ട. അപ്ഡേറ്റ് ചെയ്ത് കഴിഞ്ഞപ്പോൾ ടച്ച്‌ സ്ക്രീൻ വർക്ക്‌ ആവാതെ ആയി. സർവീസ് സെന്റർ കൈമലർത്തി കൊഞ്ഞനം കുത്തി.. പൈസ പോയി..ഇപ്പൊ വിവോ യൂസ് ചെയ്യുന്നു.. Happy,Mixed Feelings
എന്റെ ഫോൺ redmi note 10 pro ആണ് എനിക്ക് ഇത് വരെ ഒരു പ്രശ്നവും വന്നിട്ടില്ല . നിലവിൽ ഫോൺ പെർഫെക്ട് കണ്ടീഷനാണ് . ഇപ്പോൾ ആൻഡ്രോയ്ഡ് 12 അപ്ഡേറ്റ് വന്നിട്ടുണ്ട് ആൻഡ്രോയ്ഡ് 12 അപ്ഡേറ്റ് ചെയ്തവർക്ക് ഒരുപാട് പ്രശ്നങ്ങൾ ഫോണിൽ വന്നിട്ടുണ്ട്,Mixed Feelings
"എന്റെ പേർസണൽ അഭിപ്രായം പറയുകയാണെങ്കിൽ 35000-45000 കൊടുത്തു Nothing phone വാങ്ങുന്നതിലേറെ നല്ലതലേ IQOO neo 6 വാങ്ങുന്നത്.But, still waiting.. 🙌🏻",Mixed Feelings
നോക്കിയിട്ടാണ് അടിപൊളി എന്ന് പറയുന്നത് 🤭.Poco users അധികം പേരും complaint പറയുന്നുണ്ട്,Mixed Feelings
iqoo 3 silver എടുത്തിട്ട് 8 മാസം കഴിഞ്ഞു... ഇതുവരെ യാതൊരു വിധ പ്രശ്നങ്ങളും ഉണ്ടായിട്ട് ഇല്ലാ.. പക്ഷേ ഈ കഴിഞ്ഞ രണ്ടഴ്ച ആയി ഫോണിലേക്ക് വിളിക്കുന്നവർക്ക് ഞാന് പറയുന്നത് കേൾക്കാൻ പറ്റുന്നില്ല.... ഫോൺ സ്വിച്ച് ഓഫ്‌ ചെയ്ത് on ആക്കുമ്പോൾ ok ആക്കും...,Mixed Feelings
Note 10s ഫ്രണ്ട് ക്യാമറ ദാരിദ്ര്യം ആണ്. ക്യമാറ കൊണ്ട് ബെറ്റർ Note 10 ആണ്,Mixed Feelings
Poco x3 pro 20 ദിവസം ആയി ഉപയോഗിക്കാൻ തുടങ്ങിയിട്ട്. Gaming ഒക്കെ മികച്ചതാണെങ്കിലും അപ്രതീക്ഷിതമായി പല bug കളും വരാൻ തുടങ്ങിയിട്ടുണ്ട്..,Mixed Feelings
Poco X3 pro for gamers only.,Mixed Feelings
ക്യാമറ ഒഴിച്ചുനിർത്തിയാൽ ഒരു ദുരന്തമാണ്.Vivo x90😘,Mixed Feelings
Boat immortal 121 launch aaya timil 1499₹ ഒള്ളു....അപ്പോ കണ്ണുംപൂട്ടി black തന്നെ എടുത്ത്....sceene....നല്ല ചാർജ് നിൽക്കുന്നുണ്ട്....അതാണ്...athintte ഗുണം....എന്തായാലും...nk ishttapettu....💯😍,Positive
"Lava ദേ പുതിയ Lava Blaze 2 ഇരക്കി ർക്കുന്നു അതും വരും9,999 ₹ ചെറിയ വിലയ്ക്ക് മികച്ച Phone അതും 6GB Ram 128 GB Rom 18w Fast charging IPS Display mediatek dimensity 6020 നല്ല coustmer service കൂടാതേ no Ads no blotwear. അതും 9, 999 ₹ ഇതുരു കലക്ക് കലക്കും China Phones ന് വെല്ലുവിള്ളി. Boycott china",Positive
Micromax പൊളി ആയിരുന്നു 🥰,Positive
എനിക്ക് ഫ്രണ്ട്‌ and ബാക്ക് വീഡിയോസ് കണ്ടിട്ട് അത്യവശ്യം ക്വാളിറ്റി തോന്നുന്നുണ്ട്. 40 k പട്ടി ഷോ ഫോണുകളെക്കാൾ ഭേദം ആണ്.,Positive
Bro parayunnadh karyam aanu തള്ള് alla ee back glass okke varumbo ulla oru premium feel und 💥,Positive
അപ്പൊ നിങ്ങൾ വാങ്ങിച്ചിരിക്കുന്നത് വല്ല Duplicate ആയിരിക്കും😂എനിക്ക് ആഴ്ചയിൽ ആഴ്ചയിൽ Update കിട്ടുന്നുണ്ട്... Latest കിട്ടിയത് ഇന്നലെ ആണ്.....എനിക്ക് നല്ല Backup ഉണ്ട് Battery❤️,Positive
Nalla രസം 👍👍👍👏👏👏,Positive
Mi pad 5 മൂന്നുമാസമായി ഉപയോഗിക്കുന്നു അടിപൊളിയാണ് ഞാൻ ഖത്തറിൽ നിന്നും വാങ്ങിയതാണ്,Positive
Govo കിടു ആണ്. 1 month ആയി use ചെയ്യുന്നു.,Positive
Sound bar കൊള്ളാം... സൂപ്പർ,Positive
Njn oru OnePlus 8T user ayrnu...green line issue um software okke maduthit anu mariyth...also OnePlus camera is still behind Samsung (based on my experience with 8T and just used 11 for some time),Negative
Back അല്ല. പോക്ക് ആണ്... Green line 🙏🏻,Negative
2mega pixel ന്റെ മാക്രി camera😂😂😂,Negative
ചൂടാവും pixel 6 user😭,Negative
EXYNOUS അല്ലേലും കൂതറ CHIPSET ആണ് 💩,Negative
തന്റെ കൊണ കേട്ടിട്ടാണ് iqoo 9pro എടുത്തത് ... കോപ്പിലെ ഫോൺ,Negative
ഇവൻമാർ ഇത്രയും വില കൂടിയത് ഇറക്കിയാലും 2MP macro cam 🤦‍♂️🤨😏,Negative
Ente അമ്മോ വെറുതെ കിട്ടിയാലും വേണ്ട സോണിഫോൺ ...... Update കിട്ടൂല... ഹാങ്ങ്‌ um,Negative
"നിങ്ങൾ പറഞ്ഞത് പോലെ സോണി നോക്കുന്നത് പ്രൊഫഷണൽ നെ മാത്രം ആണ്, വളരെ കുറച്ചു മാത്രം ഫോണൊകൾ ആണ് സോണി നിർമിക്കുന്നത്, ഏന്നിരുന്നാലും ഹീറ്റിങ് ഇഷ്യൂ സോണിയുടെ എല്ലാ മിറർ ലെസ്സ് ക്യാമെറകൾക്കു പോലും ഉണ്ട് നല്ല ചൂട് ഉള്ള സമയത്തു ക്യാമെറകള് ഓട്ടോമാറ്റിക് ഓഫ് ആയി പോകും ഫോട്ടോ പിന്നെയും എടുക്കാം വീഡിയോ ചിന്തിക്കുകയെ വേണ്ട, .ഈ ഫോണിന്റെ വില വെച്ച് നോക്കുമ്പോൾ ഒരു ക്യാമറക്കു മാത്രം ആയി ഇത് വാങ്ങേണ്ട കാര്യം ഇല്ല",Negative
നാക്കു പിഴച്ചു...4g ഇല്ലാ,Negative
pixel 7 ആണോ അതോ IQ 9t ആണോ നല്ലത് എന്ന് വീഡിയോ ഇടാമോ,Neutral
അണ്ണാ IQ Neo7 റിവ്യൂ ചെയ്യ്,Neutral
"25 k റേഞ്ച് ലു ഉള്ള ഫോൺ ഏതാണ് ബ്രൊ..... ബെസ്റ്റ് ക്യാമറ, പെർഫോമൻസ്, gaming performances എല്ലാം കൊണ്ടും നല്ല ഫോൺ... Please reply😢",Neutral
call recording ഉണ്ടോ?,Neutral
"Bro..25000 ഉള്ളിൽ cam, നല്ല phone perfomance ഒക്കെ ഉള്ള ഒരു നല്ല phone suggest ചെയ്യാമോ...എനിക്ക് phone ne patty valiya അറിവ് ഇല്ലാത്തതുകൊണ്ട് ....realme അല്ലാതെ mattethelum",Neutral
Ipo Fone എടുത്തോ?,Neutral
Realme 9pro+ ആണോ ഇത് ആണോ നല്ലതു?,Neutral
Iqoo Z6 pro and iqoo Z7 ഇതിൽ ഏതാ better choice.reply plz,Neutral
Bro ഇ ഫോൺ ദുബായ് work ചെയ്യുമോ,Neutral
One plus nord ce 2 lite 5g detailed video ഇടുമോ please,Neutral
Aa bonsai tree എവിടുന്നാ മേടിച്ചേ 🙄🙄🙄 നൈസ് ആണല്ലോ,Not_relevant
നാട്ടിൽ എവിടെ ആണ് bro,Not_relevant
അഞ്ചു പൈസ ഇല്ലാ 🤣.എന്നാലും വിഡിയോ കാണും 😁 ആ ഫോൺ സ്വന്തമാക്കിയ ഒരു feel ആണ്,Not_relevant
അഞ്ചു പൈസ ഇല്ലാ 🤣.എന്നാലും വിഡിയോ കാണും 😁 ആ ഫോൺ സ്വന്തമാക്കിയ ഒരു feel ആണ്,Not_relevant
iqoo നിർത്തി,Not_relevant
I phone 15 pro Max waiting ചെയ്യുന്നവർ like adichoo ❤,Not_relevant
Nalla quality താടി 😂✨️,Not_relevant
പക്കാ detailed review👌🥰,Not_relevant
Examinu പോയിരുന്നു പഠിക്കെടാ ചെക്കാ 😂,Not_relevant
"കഴിച്ചുകൊണ്ടിരിക്കുമ്പോൾ പോലും എണ്ണമയമുള്ള കൈകൊണ്ട് display finger unlock test ചെയ്യാൻ കാണിച്ച മനസ്സ് ആരും കാണാതെ പോകരുത്😂😂 <a href=""https://www.youtube.com/watch?v=skrxeU9IkvQ&amp;t=5m22s"">5:22</a>",Not_relevant
ഇപ്പോ ഉപയോഗിക്കുന്നത് ഹുവായ് P30 പ്രൊ ആണ്...അന്ന് ലോഞ്ച് ചെയ്തപ്പോ വാങ്ങിതാ..പൊളപ്പൻ ഫോൺ ആരുന്നു.. ഇപ്പഴും കൊഴപ്പം ഒന്നുല.. പക്ഷെ ഗൂഗിൾ ചതിച്ചല്ലോ.. 😭😭,Mixed Feelings
ഞാൻ കഴിഞ്ഞാഴ്ച ഐഫോൺ 11 എടുത്തു.ആദ്യമായിട്ടാണ് ആപ്പിളിന്റെ ഫോൺ വാങ്ങുന്നത്.Anker power port lll nano 20W ന്റെ fast charger ആണ് വാങ്ങിയത്. 0-80% ചാർജ് അതിവേഗം കയറും.80%-100% വരെ slow ആയിട്ടാണ് ചാർജ് കയറുന്നത്.total 0-100% ചാർജാവാൻ ഒന്നര മണിക്കൂർ എടുക്കും.battery health problem വരുമോ?,Mixed Feelings
"S23..Anyaaya battery pinne ugran camera. One UI 5.1 is actually good and no lag. Annan paranja polae heating illa. Heating undu, charge ittu game kalichal aakum. Athippo aarayalum chuudakum. Even with moderate gaming nalla battery backup aanu.",Mixed Feelings
"S22 has heating while taking videos continuously and also below below average battery life, but I would say at 56k 256gb variant was value for money coz apart from those 2 issues rest all was brilliant...superb video and photos.. smooth performance",Mixed Feelings
I bought s23 256 for 56k on flipkart after exchange with oneplus phone.s23 is fantastic and the only one drawback is charging is slow bcoz of 25 watt charging,Mixed Feelings
Iphone 13 superb battery backup aayirunu when it comes with ios 15. End of the day battery 40% kitum.But after updating to ios 16 battery van shogam.,Mixed Feelings
"For me, iOS is more than enough to stick with iPhone for the rest of my life. Of course, there have been some issues with the recent releases but still the only OS that I am satisfied with after years of struggle with Android and Windows (Lumia) devices.",Mixed Feelings
Kazhinja July il S23 256gb eduthu. Completely satisfied with this device Performance aayalum camera aayalum ellam kondum set aan. Only kurach shogam battery aan 5g il kurach heating and draining und. Ath pakshe overheating alla. 4g or wifi aanel oru preshnavum illa. Gaming inu ulla phone aanen parayilla but Games ellam well optimised aan. Worth every money.,Mixed Feelings
നിങ്ങളുടെ റിവ്യൂ നോക്കി ഞാൻ മേടിച്ചതാണ് S23. പൊളിയാണ്. ബാറ്ററി ആണ് ഒരേയൊരു പ്രശ്നമായി തോന്നിയത് loved it,Mixed Feelings
"S22 user.. very happy with this phone.. using around 11 months. Thudakathil heating issue undarunnu.. kurach updates oke vannu kazhinjapo ipo illa... but battery average aanu... athariyavunnath kondu aa reethikanu use chyunne so mrng oru 6 -evng 6 aavumpozhek 20-15% rangeil kitum pinne side frameil ninnu paint pokunnundu.. otherwise, it's a superb phone..",Mixed Feelings
Head phone പൊള്ളിച്ചു 💥💥💥💥💥💥,Positive
ഒരുപാട് കാശു കൊടുത്തു നമ്മൾ ഫോൺ വാങ്ങുമ്പോൾ അത് നമ്മൾക്കു തൃപ്തി തരണം so ആപ്പിൾ ഒരു ബ്രാൻഡ് legacy ആണെങ്കിലും അതിലും കുറഞ്ഞ വിലയ്ക് ഇതുപോലെ ഒരു പ്രീമിയം കിട്ടുമെങ്കിൽ നിസംശയം പറയാം സാംസങ് is ബെസ്റ്റ്,Positive
Pixel 6 ഉപയോഗിച്ച് കൊണ്ടിരിക്കുന്നു.ഇത് വരെ നല്ല ഒരു എക്സ്പീരിയൻസ് ആണ് കിട്ടിയതു .2300 റിയാലിന്ന് ആണ് വാങ്ങിയത്.ആ പൈസക്ക് ഇത് പോളി ആണ്,Positive
ലെ S22 Ultra: മാരാരിരിക്കുന്ന തട്ട് താന്ന് തന്നെ ഇരിക്കും😎,Positive
"എതൊക്കെ pixel, iphone വന്നാലും s22 ultra യുടെ തട്ട് താണ് തന്നെ ഇരിക്കും 🔥🔥🔥",Positive
S22 ഇഷ്ട്ടം 😍,Positive
Heating issue ഒന്നും ഇല്ലാത്ത എന്റെ oneplus 7pro. പൊളി ഫോൺ ആണ് ❤️❤️,Positive
Iam a pixel 6 user .എനിക് വൈഫൈ ആൻഡ് നെറ്റ്‌വർക്ക് ഇഷ്യൂസ് ഒന്നും ഇതുവരെ ഇണ്ടായിട്ടില്ല വൈഫൈ ഒക്കെ അടുതുടെ പോയാൽ മതി നോട്ടിഫിക്കേഷൻ വരും 😂,Positive
അണ്ണൻ അവസാനം SAMSUNG ലേക്ക് തന്നെ വന്നു.....SAMSUNG ഉയിർ🔥🔥🔥🔥🔥,Positive
ബ്രോ ഈ ഫോൺ ന്റെ ഒരു relavtive എടുത്തു പക്ഷെ 2 വർഷം കിട്ടിയുള്ളൂ low യുസാണ് ഉപയോഗിക്കുന്നത് but 2 years is gud for this prise range 🙏🏻,Positive
ശ്ശേ ഈ വീഡിയോ മുഴുവൻ കണ്ടപ്പോ xperia z മുതൽ ഉപയോഗിക്കുന്ന ഒരു sony fan ആയ എനിക്ക് വല്ലാത്ത വിഷമം 🥲heating ന്റെ കാര്യം 🥲🥲,Negative
S23ഉ😂,Negative
Sony അണ്ണൻ 3G 😁😁,Negative
ഒടിയൻ phone 😂😂😂,Negative
താങ്കളുടെ വീഡിയോ ഞാൻ സ്ഥിരം കാണാറുണ്ട് .👍 ഈ ഫോൺ ഞാൻ ഉപയോഗിക്കുന്നുണ്ട് . ഫോൺ കിട്ടി രണ്ടു ദിവസം ഉപയോഗിച്ചപ്പോൾ നിങ്ങൾ പറഞ്ഞ ഈ പ്രശ്നമൊന്നുമുണ്ടായിരുന്നില്ല. പിന്നെ ഒരു രസത്തിന് ഫോൺ ഒന്ന് Update ചെയ്തു . അതിനു ശേഷം ബാറ്ററി Drain ഫോൺ Heating എല്ലാ പ്രശ്നവും തുടങ്ങി . ഒരു രക്ഷയുമില്ലായിരുന്നു . ഒഴിവാക്കാൻ വിചാരിച്ചപ്പോഴാണ് . എന്റെ ഒരു സുഹൃത്ത് അത് പഴയ വേർഷനിലേക്ക് ഫ്ലാഷ് ചെയ്തു തന്നു . ഇപ്പോ ഒരു പ്രശ്നവുമില്ല . 5 G ഒരു പ്രശ്നം തന്നെ . ഒന്നു ട്രൈ ചെയ്തു നോക്കാം . എന്റെ അനുഭവം പറഞ്ഞു എന്നു മാത്രം 👍,Negative
Asur rog😡😡😡😡 വാങ്ങരുത്.... ഞാൻ വാങ്ങി ആദ്യ മൂന്ന് മാസത്തിനുള്ളിൽ നാലാമത്തെ പ്രാവശ്യം ആണ് service centril കൊണ്ട് പോകുന്നത്... Problm is pc ഓണകില്ല...3 times motherbord replace ചെയ്തു..... Waranty period കഴിയുമ്പോ കയ്യിൽ നിന്ന് cash കീറും. So games നു വേണ്ടി asus ലാപ് vangallee🙏🙏🙏🙏🙏🙏,Negative
ബ്രോ എന്റേത് ഇടക്ക് Keyboard ചില കീബോർഡ് വർക്ക് ആവുന്നില്ല,Negative
8GB RAM with GTX 1650 Adjust ചെയ്യുന്ന 3D ആർട്ടിസ്റ്റ് ആയ ഞാൻ.Win 10 നേക്കാളും Win 11 ബഗ്ഗ്‌ ഉണ്ട്.എനിക്ക് മെയിൻ ആയും File Manager Slow ലോഡിങ് ഉണ്ട്.പിന്നെ Files ഓപ്പൺ ചെയ്യാൻ പറ്റില്ല.അങ്ങനത്തെ issues ഉണ്ട്,Negative
4k യിലും 1080p 60 stablization വർക്ക് ചെയ്യാത്തത് സാംസങ് ആ 52 യിൽ,Negative
Machaane ഇപ്പോ adipoli aayi തോന്നും നിങ്ങൾ ഒരു one week use ചെയ്തോക്ക് ഹാങ്ങ്‌ ആയിട്ട് use ചെയ്യാൻ പറ്റാത്ത അവസ്ഥ ആണ് aarum വഞ്ചിക്കപ്പെടാതെ ഇരിക്കുക,Negative
Eee phone edukunnathinee patti entha അഭിപ്രായം.....,Neutral
Bro flikart ഇനി phonine nalla offer varunathe appaza.,Neutral
Bro കൊള്ളാമോ...ഇതിൽ theme okke customise cheyamo,Neutral
Iqoo z7pro യും moto edge40neo.ഏതാണ് നല്ലത്,Neutral
Redmi note 12 pro ആണോ അതോ ഈ phone ആണോ നല്ലത് camera eatha nallath?,Neutral
"ക്യാമറ നോക്കുകയാണെങ്കിൽ vivo v27,v29e and poco reno10 ഏതാണ് നല്ലത് camera ആണ് main ആയിട്ട് നോക്കുന്നത്",Neutral
Ee ഫോണിൽ ir blaster onda,Neutral
"ബ്രോ ഈ ഫോൺ ആണോ നല്ലത് ,Infinix zero 30 ആണോ നല്ലത്",Neutral
Hai chetta 8000 rs നി best phone parayamo game കളികൻ,Neutral
"ബ്രോ ഈ ഫോൺ ആണോ നല്ലത് ,Infinix zero 30 ആണോ നല്ലത്",Neutral
S22ultrayil കാണുന്ന ഞാൻ,Not_relevant
ദുബായ് ഇപ്പൊ s23അൾട്രാക്ക് 3100😂,Not_relevant
Ultr 25 ഇറങ്ങിയോ മലയാളത്തിൽ അല്ലാത്ത എഇലാചാനലിലും കാണുന്നുണ്ടല്ലോ,Not_relevant
"ഫോൺ വാങ്ങി ഡിസ്പ്ലേ മാറ്റിയവർ ഇവിടെ like ഇടൂ 😮 <a href=""https://www.youtube.com/watch?v=iSxD7LndWtI&amp;t=17m31s"">17:31</a>",Not_relevant
Next month ആവട്ടെ 👍,Not_relevant
നിങ്ങൾ ഇത് വാങ്ങിയത് അണോ അതോ cmbny kaaru റിവ്യൂ ചെയ്യാൻ തരുന്നതോ?,Not_relevant
Review nu വേണ്ടി അയച്ച് കൊടുക്കുന്നത് ആണ്.. review unit എന്നാണ് ഇതിനെ പറയുന്നത്...retail unit ആണ് ഇവർ swntham പൈസക്ക് വാങ്ങുന്നത്,Not_relevant
ജയരാജേട്ടാ ഉഗ്രൻ വീഡിയോ. Super video,Not_relevant
ഈ phone ഒക്കെ നിങ്ങൾ പൈസ കൊടുത്ത് വാങ്ങുന്നത് ആണോ,Not_relevant
മൊത്തത്തിൽ advertisiment ആണ്... ഒന്നും നോക്കി കാണാൻ പറ്റുന്നില്ല... ഇത് ഇത്തിരി കൂടി പോയി... ഇന്ന് തൊട്ട് e ചാനൽ unsubscribe 👎,Not_relevant
This phone is soo under rated. It's not so huge but an apt size. Performance is soo smooth. Camera performance in low light is little weird.,Mixed Feelings
"Njan s22+ ahn use Cheyane, yes heavy use il slight heating ond,but other than that everything is nice,specially both rear and front camera",Mixed Feelings
Pixel 6 ന് ഈ പറഞ്ഞ പ്രശ്നം ഒന്നും ഇല്ലാലോ.. 🙄.Pubg കളിക്കുമ്പോൾ ലേശം ഹീറ്റ് ആകുന്നുണ്ട്. അല്ലാതെ വേറെ എനിക്കൊന്നും തോന്നിയിട്ടില്ല..വാങ്ങുമ്പോൾ കുറച്ചു bug ഉണ്ടായിരുന്നു. അത് ഇപ്പോഴില്ല,Mixed Feelings
Performance എല്ലാം അടിപൊളി യാണ് But battery backup one day കിട്ടണമെങ്കിൽ Screen Time അത്രയും കുറവായിരിക്കണം,Mixed Feelings
Ntea kayyil s23 aanu 2 month aayi meadichitt poli phone but ഹീറ്റ് aavanund,Mixed Feelings
I'm using Realme 9pro plus. . and Battery is the only issue I'm facing . . Camera is superb,Mixed Feelings
Photographyക്ക് നോക്കുന്നവർ നോക്കി എടുക്കുക.Hyperlapes 30 fps ആണ്.. 30 മിനുറ്റ് full brightness കുറഞ്ഞു hyperlapes എടുത്തു set ചെറുതായി ചൂടാവുന്നുണ്ട്.. photo 3x പൊളി..,Mixed Feelings
camera front camera sharpenes Koodthal thoni back cam poli,Mixed Feelings
Using s22ultra bro polinsaanam but enikk camera over use cheyyimbol maathram aanu battery low avunnathum cheriya heat varunnathum,Mixed Feelings
"s23  il, i Think wifi Aaayirikkum Nalla battery backup kittukka But network Onakkiyal backup kuravaaan",Mixed Feelings
എന്റെ അമ്മമ്മക്കും ഞാൻ ഈ ഫോൺ ആണ് എടുത്ത് കൊടുത്തത്.For this price its nce❤,Positive
Poco c31 👍🏻8000 rupees.നല്ലതാണ്.. ഞാൻ അമ്മക്ക് മേടിച്ചു,Positive
"Redmi ഉള്ളത് കൊണ്ടാണ് ഈ കൊള്ളയും കൊലയും കുറച്ചെങ്കിലും കുറയുന്നത്..... Redmi മേടിച്ചിട്ട് ഒന്നും കരയുന്നവരെ ഞാൻ കണ്ടിട്ടില്ല..7 വർഷം ആയിട്ട് ഞാൻ redmi, poco യൂസർ ആണ്",Positive
ഇതൊക്കെ തന്നെ മതി ബ്രോ... ഒരു normal user ന് ഇത് തന്നെ കിട്ടിയാൽ iphone കിട്ടിയ പോലെ ആണ്‌.. 😍,Positive
"ഈ ഫോൺ എനിക്ക് വാളരെ അധിഗം ഇഷ്ടമായി ഞാൻ വാങ്ങണമെന്ന് ആഗ്രഹിച്ച ഒരു ഫോൺ ആണ് redmi note 11 ഈ ഫോണിൻ്റെ unboxing ഒക്കെ ഞാൻ കണ്ടിരുന്നു ഈ ഫോൺ എനിക്ക് normal use ന് ആണ് movies കാണാൻ, social media use ചെയ്യാൻ അങ്ങനെ ചെറിയ ആശ്യങ്ങൾക് വേണ്ടി പിന്നെ ഞാൻ ഇത് വരെ Xiaomi യുടെ phones use ചെയ്തിട്ടില്ല use ചെയ്യണമെന്ന് ആഗ്രഹമുണ്ട്",Positive
എനിക്കു oru smartphone ella.Redmi series yanilku orupadeshttavumanu. Avrudae budjet friendly phones adipoliyanu.❤️.,Positive
ഇപ്പൊ 10500/- കൊടുത്താൽ infinix note 11 എടുത്താൽ മതി ഏകദേശം same features കിട്ടും അത്യാവശ്യം game ഉം കളിക്കാം bgmi smooth ultra കിട്ടുo ..60hz ആണേലും കിടു speed ഉണ്ട്..( infinix note 11 2 month ആയി use ചെയ്യുന്നു ),Positive
എനിക് ഒരുപാട് കാലത്തെ ആഗ്രഹമാണ് ഒരു റെഡ്മി ഫോൺ ഉപയോഗിക്കാൻ ..അത് പോലെ തന്നെ LED display ആയത് കൊണ്ട് എനിക്ക് എനിക് ഒരുപാട് സിനിമയും കാണാം.,Positive
ബ്രോ xiomi is good brand and I like it this phone. എന്റെ ഫോൺ techno spark 6 ahn എനിക്ക് ഫോൺ മറണം എന്നുണ്ട് .redmi note 11 is super phone,Positive
"ഈയൊരു priceil nalle oru AMOLED display, 90hz refresh rate,33W fast charger, snapdragon processor, nalle oru camera, 5000 mAh battery,2gb ram booster,4gb 64gb + external memory cardum ഇടാം. എൻറെ ₹6000 രൂപയുടെ redmi go phone ആണ് ഉപയോഗിക്കുന്നത്. ",Positive
S21 Fe eduthappo camera okke thee aayirunnu. But after several updations aa thee ellaam kettu.,Negative
Njan oru mobile technitian aan.Ente oru personelly അഭിപ്രായം ഈ ഫോൺ ആരും എടുക്കരുത് എന്നാണ്.കാരണം എന്തെന്ന് വെച്ചാൽ നിങ്ങൾ ഫോണിന്റെ specification ഒക്കെ നോക്കി ഫോൺ അങ് എടുക്കും..But ഒരു കൊല്ലം കഴിഞ്ഞാൽ ഇത് ഇതിന്റെ ശരിയായ സ്വഭാവം പുറത്തു എടുക്കും.ഉദാഹരണമായി നോക്കിയാൽ റെഡ്മി not 9.ഇറങ്ങുമ്പോ കിടിലം specification low budjet.But ഈ ഒരു മുതൽ ഡെയിലി ഷോപ്പിൽ 2 ഫോൺ എങ്കിലും repairin വരും.ഫുള്ളി complainted,Negative
പുതിയ bug കിട്ടാനുള്ള അപ്ഡേറ്റ് ആയിരിക്കും🤣,Negative
എന്റെ കയ്യിൽ MI 11x Pro ആണ് update issue ഉണ്ട് 🙂,Negative
ഞാനൊരു Mi Phone user ആണ് - Note 9 s.വെറും പന്ന ഫോൺ.വളരേ മോശം screen.sensor എന്നത് എന്താണെന്നറിയാത്ത ഫോൺ.MIUI - കാട്ടിലെറിയേണ്ട സമയം കഴിഞ്ഞു..ഇടക്ക് സ്വമേധയാ switch off ആയി on ആവും😄.ഇനി ജീവിതത്തിൽ ഇല്ല മറ്റൊരു Mi Phone..നല്ലതായി തോന്നിയത് റിയർ ക്യാമറ മാത്രം...മൊത്തത്തിൽ ഒരു ചാത്തൻ,Negative
നൈസ് ആണ് ബട്ട് ലാസ്റ്റ് അപ്ഡേറ്റ് കഴിഞ്ഞു ഡിസ്‌പ്ലൈ ഗ്രീൻ ലൈൻ 😥😥😥. വറന്റി കഴിഞു 13k പറയണേ..,Negative
അത് റിവ്യൂ ചെയ്യാൻ ഒന്നുമില്ല ബ്രോ 🥵🥵 12 pro max റിവ്യൂ കണ്ട മതി 13 വേറെ സ്പെഷ്യൽ ഒന്നുമില്ല 🙄😃😃,Negative
80000 കൊടുത് vivo എടുക്കുക 😀😀😀😀😀,Negative
അമ്പതിനായിരം രൂപയുടെ വിവോ ഫോൺ 😔👎 samsung,Negative
SD 870+ ആയിരുന്നേൽ കൊള്ളാമായിരുന്നു😥😥😥.Pro plus SD 888+,Negative
ഇപ്പോൾ (2023ൽ) honor 50 model മൊബൈൽ വാങ്ങിക്കുന്നതിനോട് എന്താണ് ചേട്ടന്റെ അഭിപ്രായം?,Neutral
Iqooo z7 pro or samsung f54 ഒന്ന് പറയ്യോ pleaseeee,Neutral
Oppo 10 pro ഞാൻ വാങ്ങി ആ phone എങ്ങനെ നല്ലതാണോ plz reply,Neutral
<b>ആരെങ്കിലും പറയോ 25000 തിന് ഒക്കുന്ന all റൗണ്ട് ഫോൺ ഏതാ നല്ലത് enik വേണ്ടത് ക്യാമറ ചാർജ് നിക്കണം.. പിന്നെ സ്പീക്കർ സൗണ്ട് ക്വാളിറ്റി. Display ക്വാളിറ്റി. Call ക്വാളിറ്റി avg gameing ഇത്ര ആണ് വേണ്ടത് iqooo യൂസ് ചെയ്ത ആരൊക്കെ ണ്ട് റിവ്യൂ കണ്ടിട്ട് ഇത് പോരാ ennan അപിപ്രായം 👍🏻അത്ര പവർ തോന്നുന്നില്ല ക്യാമറ ഒക്കെ 64 ആണുള്ളത് റിയൽmi 11 വരെ 100 വരുന്നുണ്ട്..</b>,Neutral
Oppo nte flip phone എനിക്ക് തരുമോ?,Neutral
realme-ക്ക് Flip phone വരുവോ???,Neutral
How much price🤔🤔🤔 എത്ര ആകും,Neutral
Moto flip phone ഇറങ്ങുന്നുണ്ടോ,Neutral
Moto ഫോൺ ചെയ്യൂ ഫ്ലിപ്പ്,Neutral
i phone 14 Pro Max vs Samsung S23 Ultra camera Camparison വേണം,Neutral
JUSTICE ഒരേ ഒരു രാജാവ് ലാലേട്ടൻ മാത്രം,Not_relevant
"എന്റെ ♥️ചങ്ക് Noufu ന് Note 20 Ultra ഉണ്ട്, കട്ട Samsung Fan ആണ്, മിക്കവാറും അവൻ എടുക്കുമ്പോൾ S22 Experience ചെയ്യാൻ പറ്റും",Not_relevant
Something with room lighting.... ഒരു dark മൂഡ്...,Not_relevant
ഇപ്പോഴും 2000 രൂപക്ക്  വാങ്ങിയ Samsung j2 ഉബയോഗിക്കുന്ന ഞാൻ 🥲,Not_relevant
Mobile വാങ്ങാൻ പ്ലാൻ ചെയ്യുമ്പോൾ തന്നെ ഇവിടെ കയറിയാൽ പിന്നെ ആരോടും ഒന്നും ചോദിക്കണ്ട 🥰😍,Not_relevant
അതിമനോഹരമായ thumbnail 😍,Not_relevant
@Respect #1 തെറ്റ് തിരുത്തി കൊടുത്തത്  അല്ലെ broo☺️nalla karym alle,Not_relevant
Ad കുറച്ച് കൂടുതലാ,Not_relevant
ഞാൻ എന്തെങ്കിലും ഫോൺ വാങ്ങണം എങ്കിൽ ജയരാജേട്ടന്റെ വീഡിയോ ആണ് നോക്കുന്നത്. Realme 8  വാങ്ങിയത് പോലും വീഡിയോ പല തവണ കണ്ടിട്ടാണ്. ഫ്ളിപ് കാർട്ടിൽ നിന്നും ലഭിക്കുന്നതിനേക്കാൾ അറിവ് വീഡിയോയിലൂടെ കിട്ടി,Not_relevant
അതല്ല ഞാൻ ആലോചിക്കുന്നത് ഈ ഫോണൊക്കെ unboxx ചെയ്ത് കഴിഞ്ഞാൽ ഇത് പിന്നെയും റിട്ടേൺ അയക്കുമോ അതോ ജയരാജേട്ടൻ തന്നെ എടുക്കുമോ 🤔🤔,Not_relevant
battery kidilam pakshe 5g itta moothram ozhikkum enn :),Mixed Feelings
"Software experience is amazing everthing runs butter smooth, camera is top notch but some functions bit tough",Mixed Feelings
Njn ithranal use cheythath s23 ultra ayirunnu.satisifed ayirunnu. but updating shesham camera clarity poyi..,Mixed Feelings
Nnjaan oru aashakk puratt galaxy note 9eduttirunnu...ottiri istapettu...kodukkilla orikkalum nn teerumaanich eduttata...fresh...at 42k... But 6month aayappol display tane complaint aayi....20%nu mukalil brightness pokumbol full red aakunnu... display...,Mixed Feelings
"S24 atta. Pwoli saanam.. 3rd day of use, 7:30pm here in UK, still at 49% charge, phone has always a warm feel while using, small fingeril hold cheythu use cheyyan nalla paada, heavy item. Camera pwoli. Screen guard nallathu nokki vaangiyillel anti reflective screen will turn into a full reflective screen",Mixed Feelings
"I bought the s24 ultra 3 days back, only issue i found is that, battery pettennu thanne drain akum.  Other than that, its a really good phone",Mixed Feelings
Kidilan chipset um Umbiya 60hz display ee price inn,Mixed Feelings
Oneplus 7 ippazhum use cheyyunnu.... but aa oru lasting quality feel cheyyunnilla puthiyathin.....,Mixed Feelings
Honour 90 good phone aanu . Njan athanu use cheyyunnath. Saudile 21k ullu with charger ellam. Use cheyyunnu ippolum. Nice aanu cam and specs.. update kurach sokam aanu bas,Mixed Feelings
"honor 6 2 വർഷം ഞാൻ ഉപയോഗിച്ച്, 2016 last അതിൻ്റെ softwear ഇല്ലാ എന്ന് പറഞ്ഞു ഞാൻ ഒഴിവാക്കി. സ്റ്റിൽ honor 6 is very good phone",Mixed Feelings
Redmi എന്റെ fav brand ആണ്. Note 10 എടുക്കാൻ കുറെ ആഗ്രഹിച്ചിട്ടുണ്ടങ്കിലും അത് നടന്നില്ല🥲. ഇപ്പോൾ ഇതാ note11 എത്തി എനിക്ക് ഒത്തിരി ഇഷ്ടപ്പെട്ടു. പ്രേത്യേകിച്ച് camera😍,Positive
Redmi note 7 pro... Ente മോൻ അറഞ്ചം പുറഞ്ചം എറിഞ്ഞിട്ടു പൊട്ടിയില്ല... ❤️,Positive
"ഇപ്പോളും under 20k ഞാൻ suggest ചെയ്യുന്ന phone 5G വേണ്ട എങ്കിൽ redmi note 10 pro max ആണ്..best camera,descent 732G chipset,bes build,best display,stereo speakers എന്ന് വേണ്ട എല്ലാം ഉണ്ട്..ചെറിയ chin ആയത്കൊണ്ട് look ന്റെ കാര്യത്തിലും കിടിലം..note 11 വന്നപ്പോ beebom പറഞ്ഞപോലെ camera യുടെ കാര്യത്തിൽ downgrade ആണ് വന്നത് price hike മാത്രം..😌note 10 pro is the best from redmi",Positive
Budget king എന്ന് പറഞ്ഞാൽ ഇതാണ്.സാധനം കിടുക്കി.Im using redmi note7s i want to upgrade this phone.So ഈ ഫോൺ കിട്ടിയാ പൊളിക്കും,Positive
മൂന്നര വർഷമായി റെഡ്മി യൂസർ ആണ് 😍 (redmi S2)...യൂട്യൂബ് വീഡിയോ കാണലും പിന്നെ മൂവി കാണലും ആണ് മെയിൻ പരിപാടി.ഗെയിം കളിക്കാറേ ഇല്ല 😎... AMOLED ഡിസ്പ്ലേ 👌👌. പിന്നെ ബാറ്ററി ലൈഫും കിട്ടിയാൽ ഞാൻ ഹാപ്പി ☺️☺️☺️,Positive
"എന്റെ ഉമ്മാടെ കയ്യിൽ redmi note 10 ആണ് അത് എനിക്ക് ഭയങ്കര ഇഷ്ടം ആണ് നല്ല slim ആണ് case ഇടാതെ പിടിച്ചാൽ നല്ല ഫീൽ ആണ് display, സ്പീക്കർ ഒക്കെ കൊള്ളാം ആ ഫോൺ പോലെ തന്നെ ആണ് ഇതും ഏകദേശം so ഇത് casual gaming പിന്നെ youtube insta movie അങ്ങനെ എന്റെ യൂസിന് നല്ലത് ആണെന്ന് തോന്നി 😌🌚",Positive
"Iam a redmi 4 user. I personally like redmi note series. Also my phone become too much older so, കിട്ടിയാൽ കൊയപ്പല്ല 👍😁",Positive
കടുത്ത Xiaomi and Redmi വിരോധി ആയ ഞാൻ ഈ റിവ്യൂ കണ്ടശേഷം Redmi phone എടുക്കാൻ ഉദ്ധിഷിക്കുന്നു.,Positive
"Phone നമ്മക്ക് പെരുത്ത് ഇഷ്ട്ടായി💗💥 l like the display.ഇത് ഇനി കിട്ടിയില്ലെങ്കിലും വെഷമം ഒന്നും ഇല്ല, ഇന്നാലും ഒരു സങ്കടം 😓😂",Positive
Budjet gangstar റെഡ്മി 11👌,Positive
ബൈജുസ് ആപ്പ് വരെ pre installed ആയിട്ട് ആണോ വരുന്നേ..,Negative
അതായതു ഒരു ദിവസം ഞാൻ macbook തുറന്നു നോക്കിയപ്പോൾ മൗസും കീബോർഡും അനങ്ങുന്നില്ല. Restart ചെയ്യുമ്പോൾ കുറച്ചു നേരം ok ആകും. പിന്നെ sleep മോഡിൽ പോയിട്ട് വരുമ്പോൾ വീണ്ടും work ആകത്തില്ല. ആദ്യം വിചാരിച്ചു 13.3 update ചെയ്തത് കൊണ്ടാണെന്ന്. ഒരാഴ്ച്ചെക്കുള്ളിൽ13.3.1 വന്നു. അതിനു ശേഷം one week പ്രശ്നമൊന്നും കണ്ടില്ല. പിന്നെ എല്ലാ ദിവസവും same issue. പിന്നെ apple സപ്പോർട്ട് പറഞ്ഞു icareൽ കൊണ്ട് കാണിക്കാൻ because they suspected hardware issue. അവിടെ കൊണ്ട് പോയിട്ട് അവർ diagnose ചെയ്തു കുഴപ്പം ഒന്നും ഇല്ല എന്ന് പറഞ്ഞു os reinstall ചെയ്തു വീണ്ടും തന്നു വിട്ടു. 4 ദിവസത്തിനുള്ളിൽ വീണ്ടും പ്രശ്നം. പിന്നെ അവർ trackpad and logic board ഇതിൽ പ്രശ്നം ഉണ്ടെന്നു കണ്ടു പിടിച്ചു അത് മാറ്റി തന്നു. M1 മാക്കിനും ‌ ഇതേ പ്രശ്നം ഉണ്ട്. Apple കമ്മ്യൂണിറ്റിയിൽ same issues register ചെയ്തിട്ടുണ്ട്.,Negative
പുതിയ ജനറേഷനിലെ SSD ഇതിനെ വച്ച് താരതമ്യം ചെയ്താൽ സ്പീഡ് കുറവാണ് എന്ന് ഞാൻ എവിടെയോ കേട്ടു 🙂🙂,Negative
Xiaomi 11i വാങ്ങി ഊപ്പാട് പോയി.Mi യുടെ ഒരു സാമാനവും വേണ്ട!!.Bro...,Negative
Ente iphone 13ൽ bro green line vannu sidil,Negative
Sim ഇടാൻ option ഇല്ലാത്തത് വലിയ ഒരു drawback ആയി തന്നെ കാണുന്നു,Negative
Sim ഇടാൻ പറ്റില്ല 😊.അപ്പൊ ശരി ബാ പോകാം 🏃,Negative
Oneplus ചെറിയ ബോംബ് pro,Negative
ആ പറഞ്ഞതു 38hrs കിട്ടിയ കിട്ടി 😂😂😂,Negative
Bro OnePlus ആണ്... പൊട്ടി തെറികാതെ സൂക്ഷിച്ചോ 😝😅🤣,Negative
Bro oru kidilan gaming phone പറഞ്ഞുതരുമോ under 30k? Plz,Neutral
അ X70 എനിക്ക് തരുമോ ?,Neutral
Vivo x70 pro plus ആണോ അതോ iqoo 9 pro ആണോ better,Neutral
Friend camera 4k support ഉണ്ട്,Neutral
"Bro, Bigbillion ഒക്കെ വരുവല്ലേ... S20FE എടുക്കണോ POCO F5 എടുക്കണോ.Plz reply",Neutral
X80 pro ykk നല്ല ഒരു back case suggest ചെയ്യാമോ?,Neutral
എങ്ങാനും ഇതിൽ വെള്ളം കയറിയാൽ ഗ്യാരന്റി / or warrenty കിട്ടുമോ,Neutral
REALMI GT2 review വേണം bro 😀,Neutral
X80 pro plus ഇറങ്ങിയോ? അതെങ്ങനെ?,Neutral
Used review +iqoo 9 pro ആയിട്ട് ഒരു comparison ചെയ്യാമോ Bro,Neutral
ഞാൻ കാത്തിരുന്ന video,Not_relevant
നിങ്ങളെ  tambnil ഇഷ്ടായി 💯❤️❤️,Not_relevant
"ഈ phone എടുക്കുന്നവർ മിക്കവാറും. വട്ട് കേസ് ആയിരിക്കും,,,, അല്ലെങ്കിൽ പണിയെടുക്കാതെ വല്ലവരേയും പറ്റിച്ചു സമ്പാദിച്ചത് ആയിരിക്കും,,, 🤣🤣🤣🤣🤣",Not_relevant
ഈ ഒരു reviewവിനു വേണ്ടി കാത്തുനിന്നവർ ആരൊക്കെ 😍,Not_relevant
😂😂😂😂😂😂😂😂 ninak ചെറിയ ഫോണൊന്നും പോര അല്ലേ s23 തന്നെ വേണോ,Not_relevant
@Manu Payyada അഹ് ഏത് മൊബൈൽ ഫോൺസ് ആയാലും ഇവിടുന്ന് എടുക്കുന്നത് ആണ് ലാഭം,Not_relevant
I phone ഓളികൾ 🙄🙄🙄,Not_relevant
ആശാൻ  പറഞ്ഞാൽ  പിന്നെ വേറെ ഫോൺ  ella😄😄.Shazzam ആശാൻ  ഉയിർ 🥰🥰🥰,Not_relevant
ആദ്യം കേട്ടപ്പോ നെഞ്ജ് ഒന്നു കാളി. പിന്നാ മനസിലായെ shaz brode കിളി പോയതാണെന്ന് 😂,Not_relevant
ഇത് അത് എന്ന് പറയാതെ correct variant എന്ന് പറഞ്ഞു് കൂടെ😡,Not_relevant
"Ah Price nu kollam️ But, Gaming phone ennu parajit 3.5mm audio jack illa pakaram tws & Curved display um",Mixed Feelings
The only issue I faced is low battery backup. Heating spigen nde oru cover vaangi itta theeravunne prasname ullu. Great phone for that price,Mixed Feelings
ഞാൻ ഇപ്പോൾ 3 month അയി ഉപയോഗിക്കുന്നു... നല്ല heating issue ഉണ്ട്.. ഇടക്ക് ഫോൺ തിളക്കും... Stero speaker അടിപൊളിയാണ്... ഐഫോണിനെ ഒഴികെ മറ്റു ബ്രാൻഡ് കളെ വെച്ച് നോക്കിയാൽ stereo speaker better ആണ് ഇതിന്റേത്,Mixed Feelings
I have been using the exynos version for more than six 6 months. I have never faced heating or any other issues. Battery life is weak. Everything else fulfills the needs of an average user.,Mixed Feelings
Watching on s21fe 888.goodlock is ️‍. Bro 4k 60 fps il wide angle zoom illa but 10x zoom undu .,Mixed Feelings
"ക്യാമറ സൂപ്പർ ആണ്, കൂടുതൽ നേരം വിഡിയോ എടുക്കാൻ പറ്റില്ല ഒരു 5 mins ആകുമ്പോളേക്കും ചൂടാകും,overall super ആണ്",Mixed Feelings
"First it had heating. But I guess it will adapt to the usage pattern for each users, and gradually reduce. Give it sometime . Ipol heating illa. I even play call of duty. Amazing phone for the prize. Got it for 26k with an exchange",Mixed Feelings
#GalaxyS21FE - unmatched value for money with killer specs & a camera that's pure magic!,Mixed Feelings
2 kollam exynox use akkittum enikkithil oru kuzhappavum thonnittila heating und fan use cheythal smooth game play anu kittunnath vere oru issu undayittilla njan valare happy aanu,Mixed Feelings
"128 gb varient und bro, pinne water resistant kurachu better aanu, njan oru full night ithu bike standil vechu mazhayathu Zomato odiyirunnu. Camera but oru 1 month kazhiyumbol shokam akunnapole thonni. Charging scene aanu, athu bro paranje correcta, pinne offer timil 28700nu kitti",Mixed Feelings
"Njan 1 month aayi use aakuva. Battery normal use aanel ok aanu. Valiya reethiyil ulla heating ella. Cam vere level  Sound kuzhappqm ellanne ullu. Charging time 1.2 manikoor venam, 0 to 85% 55minut bakki 15% aramanikoor koodutgal time edukkum",Mixed Feelings
15 to 100 % charge avan 45 to 55 min edukunolu enik battery ozhichal bakki elam super..still i love it️,Mixed Feelings
Bro parnje pole phone edthapo enkum adhyam heating issue face chythu but eppo njn 1 month ayt use chyunu eppo scene onula,Mixed Feelings
"I am also using.. Negatives ഉണ്ട് എന്നാലും അത്ര വല്ല്യ problems ഉള്ളതായി തോന്നീട്ടില്ല.. Battery 85% lock ചെയ്താണ്‌ ഞാൻ use ചെയ്യുന്നേ.. So അത്യാവശ്യം 1 day backup ഒക്കെ കിട്ടുന്നുണ്ട്, അത്യാവശ്യം പെട്ടന്ന് ചാർജ് ചെയ്യാം.. Heating നോർമൽ heating ആയെ തോന്നിയുള്ളു.. പിന്നെ ഈ video യിൽ പറയണ പോലെ തന്നെ അത്ര പുതിയ chipset അല്ല.. പക്ഷെ exynos വെച്ച് നോക്കുമ്പോ better എന്ന് പറയാം.. ഈ ഒരു budget ൽ നോർമൽ ആയിട്ട് ഒരു all round use ന് പറ്റിയ അത്യാവശ്യം നല്ലൊരു ഫോൺ തന്നെ ആണ്.. Camera ഒക്കെ പക്കാ.. Camera features ഒക്കെ മാക്സിമം utilize ചെയ്താൽ അത്യാവശ്യം അടിപൊളി camera എക്സ്പീരിയൻസ് കിട്ടും.. പിന്നെ ഈ price range ലും ഇതിലും കുറഞ്ഞതിലും വരെ IP68 ഒക്കെ ഇപ്പൊ samsung കൊടുക്കുന്നത് നല്ലകാര്യം ആയി തോന്നുന്നു.. Samsung product wise.. Its good..",Mixed Feelings
Using xynos version aprox 1 year avan ayi Camera night le karym paranjath perfect anu after 6 main sensor matram use cheyan pattulu Battery life mosham anu,Mixed Feelings
Using 6 months... Only battery back up prblm... Always good,Mixed Feelings
Nan same 888 version last year us vagichathanu ippo oru kollam kooduthalai eniku ithu vare positive side matre parayan ollu heating onnum veluthayittu thonitilla camera pakka charging speed iphones compare chaiyumbol VALARE faste aanu pinne yetavum sogam aaya kariyam back cover thanite kayil pernu varum so water resistant poyi nan athu sevice centaril poi seri aakitilla ee issue ente cousinte phonilum onde to be noted aanu athu ithu ozichal ellam set aanu,Mixed Feelings
Nice phone.Camera is really exlent. പിന്നെ മെര് hang ആവുന്നില്ല. കവറിട്ടില്ലെങ്കിൽ ബാക്കിൽ ബുൾ സെ അടിക്കാം. പിന്നെ dynamic Island ഒക്കെ ഓണാക്കിയാൽ സംഭവം കളറാവും,Mixed Feelings
My phone is realme gt 2 same SD 888 96% throttling testill kittununde but heating ind .,Mixed Feelings
IQ il bloatware ippo kuravaanu...otta prasnam OS bore adikkum kurach kazhinj...ath mind cheyyatha aalanel ee price segmentil athine pottikkunna phone illa... Pinne primary cam adipoli aanu... underrated aayrnn..adhikam perk aryillayrnn ith...but front camera atra pora in case of neo 6...in neo 7 pro kurachude better aayitund..njn check cheythayrnnu,Mixed Feelings
Camera beast.. It has inbuilt editing Only issue battery backup & slight heating,Mixed Feelings
"only facing battery issue, other than that itz a great deal...",Mixed Feelings
നെറ്റ്‌വർക്ക് ഇഷ്യൂ ഉണ്ട്‌ പിന്നെ ബാറ്ററി ബാക്ക് upum ശോകമാണ് ക്യാമറ pwoli ️,Mixed Feelings
"ബാറ്ററി backup is really bad. Draining so fast. Apart from tht, suprb deal.",Mixed Feelings
heating issue ironbox thotupokum.pne display and camera kuzhapamilla.,Mixed Feelings
"S21 FE Exynos 1200 Aanu ente Kayyil, Pinne enthina ivammaru Frist Exynos irakkiye ennu enikkum ariyilla. Odukkathe Heating aanu. Camera is Good.",Mixed Feelings
"Njn ee phoneil oru heavy user aanu but enik ake face cheyuna issue heat aavund ,but over alla ,charges oke enik avarage speedil thanne aanu kerane but satisfy aanu ,",Mixed Feelings
S21 FE eduthit 1month aay. Adhyamokke night shot ill pic eduthaal nalla clear undaayrunnu. Ippo 1st updationu shesham night shot ill pic edukkumbol theere clear illa.,Mixed Feelings
Had an s21 5g... battery backup is blah...and heating...but camera was so good ...video too good ...8k at 24 fps ..so good...but heating and battery made me hate this device,Mixed Feelings
"അടിപൊളി ഡിസ്പ്ലേ ആണ്, സോഫ്റ്റ്‌വെയർ അപ്ഡേറ്റ് കഴിഞ്ഞപ്പോൾ മുഴുവൻ ലൈൻ ആയി",Mixed Feelings
Daily driver ആയിട്ട് use ചെയ്യാനാണ് ആഗ്രഹം..കിട്ടിയെങ്കിൽ കൊള്ളാമായിരുന്നു🙂.Camera and display അടിപൊളി 👍,Positive
5 വർഷമായി xiaomi note 3 ഉപയോഗിക്കുന്ന ഞാൻ ഈ phone specs വെച്ച് നോക്കുമ്പോ ഒരു normal userk എത്രയോ മികച്ച smartphone 😍😍,Positive
പാവങ്ങളുടെ ആപ്പിൾ തന്നെയാണ് xiaomi ഫോണുകൾ. അതിൽ ഒരു തർക്കവുമില്ല. ഒരു ബഡ്ജറ്റ് ഫോൺ ആയിട്ടു പോലും Amoled ഡിസപ്ലൈ യും സ്റ്റീരിയോ സ്‍പീക്കർ സൂം ഉള്പെടുത്തിയ xiaomi മുത്താണ്. എന്റെ father കാലങ്ങളായി xiaomi ആണ് ഉപയോഗിക്കുന്നത്. But ഇതുവരെ Amoled display ഉള്ള ഫോൺ അദ്ദേഹം ഉപയോഗിച്ചിട്ടില്ല. This phone would be great for him,Positive
എന്റെ കാര്യം parayukanakil e phone anik set annu karanam game onnum agane kalikarilla insta fb whats app eganne koruchu app matram annu naan use cheyarullu pinne e budgetil 5000mah tte battery pinne snapdragontte chipset enik ithu worth annu,Positive
"redmi note 11 is budget friendly phone. ക്യാമറ അത്ര ഗംഭീരം അല്ലെങ്കിലും മികച്ച ബാറ്ററി ലഭിക്കുന്നു, good display, സാധാരണരീതിയിൽ ഏതൊരാൾക്കും ഉപയോഗിക്കാൻ കഴിയുന്ന മികച്ച ഒരുphone annu redmi note 11 . I give this phone in my mother. Thanks bro this review &amp; give a video 👍",Positive
15 ദിവസം മുൻപ് ഞാൻ ഈ ഫോൺ വാങ്ങി നല്ല കിടു ഫോൺ ആണ് ഗെയ്മിങ്ങിനു പറ്റിയ മൊതലാണ് പ്രൈസ് ഇൻ ദുബായ് 1070aed,Positive
First day 18500 ഇന് എടുത്തു.2nd day മുതൽ 20750 ആയി മിനിമം പ്രൈസ് .വളരെ ഹാപ്പി😍❤,Positive
ചീറ്റി master edition 😁🔥,Positive
Realme x7 max gamingin ഒരു രക്ഷേം ഇല്ല💞,Positive
"₹19750നു വാഗിച്ചു 😍.Front camera-decent.Back camera-average.Pinne chettan vittu poyo oru karyam ith 65w charging aanu.... Charger poli 35 minutes full charge aakum😍.Normal gamerkk ok aanu.Screen quality poli aanu.Inscreen fingerprint und.Pinne ithinte oru grey color variant poli aanu.Nalla fastumaanu.Ithinte kude kittunna cover kollam pakshe athu idan ichiri padaanu.Battery 4300 aanu but, normal usernu ithoru pakka phone aanu.... Overall very worth under 20k👌",Positive
ഫോൺ ഒരു മികച്ച ഫ്ലാഗ്ഷിപ്പ് തന്നെയാണ്. ക്യാമറ ലേറ്റസ്റ്റ് അപ്ഡേറ്റ് ശേഷം വളരെ മികച്ച ചിത്രങ്ങൾ ലഭിക്കുന്നു.,Positive
ഫിഗ്ഛൽ 4 A ആണ് താരം,Positive
🔥🔥❤️iphonene ഒരു വെല്ലുവിളി,Positive
"ഞാൻ ഈ വീഡിയോ കാണുന്നദ് pixel 5a യിൽ , നല്ല phone, android 12 abdatayi adipoli.",Positive
കൊടുക്കുന്ന പയിസക്കു കിട്ടാവുന്നതിൽ അടിപൊളി ഫോൺ (pixel)..അല്ലാണ്ട് ചില ബ്രണ്ട് വാലിയു എന്ന് പറഞ്ഞു ആസ്സാകുന്ന ടീം അല്ല 😄 (iphone ).....,Positive
PIXEL മൊബൈൽ അല്ലെങ്കിലും അടിപൊളി അല്ലെ ഇപ്പളെത്തെ അതിലും 👌🏻 ഇനിയും...🤲🏻.Android ൽ ആരെങ്കിലും മൊബൈൽ എടുക്കുന്നുവെങ്കിൽ പിസ്എൽ മൊബൈൽ ആണ് ഏറ്റവും നല്ലത്.100% ഗ്യാരണ്ടീ ഞാൻ പറയും.ഞാൻ pixel 3a ആണ് ഉബയോഗിക്കുന്നത് പെട്ടന്ന് തന്നെ അപ്ഡേറ്റും കിട്ടുന്നുണ്ട് ❤‍🔥❤‍🔥,Positive
Picxel 6 pro യുടെ മുന്നിൽ ആപ്പിൾ ചാരം 🤣,Positive
"നല്ലത് 29kകൊടുത്ത് nothing phone 1 വാങ്ങുന്നതല്ലേ- Software, Design premium feel തന്നെ, OLED curved display, wireless charging 15w, reverse wireless ചാറിംഗ് 5w, ഇപ്പോൾ Bug ഒന്നും ഇല്ല, അത്യാവശ്യo നല്ല ക്യാമറ, video back camera 4k 60fps ഇല്ല, front camera 1080p 30fps athanu cheriya scene, ഹാപ്‌റ്റിക് ഫീഡ്‌ബാക്ക് ❤, അത്യാവശ്യo നാനായ് ഗെയിം കളികാം Snapdragon 778G Plus. display onum adichu pokila , proper software update kitunund. display 120hz und ozhukinadakum...A Nothing User",Positive
"Under 35k Realme gt neo 5 വരുന്നു .Snapdragon 8gen 1,💥150wats ചാർജർ 5000mah battery ,144hz .veriant 😹👌🏻45000രൂപക്ക് 240wats 4600mah veriant world fastest ചാർജിങ്. 💥 പിന്നെ rgb setup. 🙂light കത്തും.രണ്ടു veriantilim",Positive
Moto Edge 40.30k. Kidlam curved display 144 hz refresh rate. Wireless charging. IP68 water resistance. 68w charger. Slimmest 5g phone. Stock android.,Positive
ഞാൻ use ചെയുന്നത് redmi note 11s ആണ് കഴിഞ്ഞ വർഷം april ന് ആണ്‌ എടുത്തത് എനിക്ക് ഇത് വരെ 4 upadte വന്നിട്ടുണ്ട് ഇപ്പോ MIUI version 14 ആണ്‌ ഇതുവരെ updatil ഒരു issue പോലും വന്നട്ടില്ല🤗 4G ആണ്‌ അത് മാത്രേ ഒരു issue ഉള്ളൂ😊😊,Positive
"ക്യാമറയിലും, ഡിസ്പ്ലേയിലും, ബാക്കപ്പിലും,ഫീച്ചേസിലും ഏത് ഭാഗത്തേക്ക് പോയാലും 23 ultraye അടിക്കാൻ ഐഫോണിക് പറ്റിലടെ ഉവ്വെ 🤣.. Ahead of the ultra&#39;s 🌠",Positive
സ്മാർട്ട്ഫോൺ രാജാവ് സാംസങ് s23 ultra,Positive
ജില്ലാങ്ക്ട് ജില്ലാ... Wow.... പുതിയത് പൊളി,Positive
S23 സൂപ്പർ,Positive
പണ്ട് ലൂമിയ ഇറങ്ങിയ സമയത്ത്‌ Lumia 520 എന്നൊരു ഐറ്റം ഉണ്ടായിരുന്നു. അതിന്റെ റെഡ് കളർ ഉണ്ട്. കിടു സാധനം ആയിരുന്നു. ഞാൻ കുറേനാൾ യൂസ് ചെയ്തിരുന്നു.,Positive
Samsung 6 ക്ലാസിക് വാച്ച് 💞💞,Positive
Phone 2um പൊളി look🔥🔥🔥,Positive
പുള്ളിക്കാരൻ xiaomi test 12pro നടത്തി ബ്രോ ഫോൺ 🔥🔥🔥,Positive
ശാസ് ബ്രോ ഞാൻ മറ്റേ nothing launcher poco x3 ഇൽ use ചെയ്യുന്നുണ്ട് ഇപ്പൊ ഗംഭീര സ്പീഡ് ബ്രോ. ക്‌ളീൻ experiance ❤️,Positive
Ithh ചെവിൽ ഇരുന്നു പൊട്ടി തെറിക്കുമോ 😂,Negative
പാവം Shazzam bro ചെവിയിൽ വെച്ച് പാട്ടു കേൾക്കുബോൾ ആരിക്കും Airpod Blast ആവുന്നേ....😂😂 oneplus full blast ആയകൊണ്ടു ചുമ്മാ പറഞ്ഞതാണ് കേട്ടോ....😅😅,Negative
Le headphone jack കളയുന്ന തെണ്ടികൾ 😑,Negative
ഞാൻ ഇത് നിർത്തി കൂട്ടുകാരൻ ഓടി വന്നതാ ചാടി കയറിയപ്പോ oodyil പോയി... ഞാൻ ഇനി wired vanganathe ഒള്ളു,Negative
<b>ഇത്‌ ബീഡി പടക്കം ആകത്തിലായിരിക്കും അല്ലേ... ചെവിയിൽ ഇരുന്ന് പൊട്ടണം</b> 🤣🤣,Negative
ചേട്ടാ oneplus ആണു വേണമെങ്കിൽ ചെവിയിൽ നിന്ന് പൊട്ടി തെറിക്കും 😝,Negative
കണ്ടിട്ട് ഒരു ബോംബ് look ഉണ്ട് 🤣,Negative
Active 2 lte version ആരും എടുക്കല്ലേ മക്കളെ.....,Negative
Sound quality കൊള്ളൂല ചേട്ടാ ✌🏻,Negative
"എനിക്ക് pala പ്രശ്നങ്ങളും ഉണ്ട്.For eg- sleep monitoring,orangi എഴുന്നേറ്റ് കുറച്ച് നേരം angaand ഇരുന്നാൽ aa timum sleeping ലേക്ക് add ആകും.Bike അല്ലെങ്കിൽ സൈക്കിൾ ഓടിച്ച് പോകുമ്പോൾ steps calculate ചെയ്യുന്നുണ്ട്(നടക്കുകയല്ല).കൈ വെറുതെ swing ചെയ്താൽ steps aayi calculate ചെയ്യും",Negative
"ബ്രോ എൻറെ ഫോൺ poco x3 pro യാണ് ഫോൺ എടുത്തിട്ട് ഒരു വർഷം കഴിഞ്ഞു സോഫ്റ്റ്‌വെയർ അപ്ഡേറ്റ് (MIUI 13)ചെയ്തു പിന്നെ വൈകുന്നേരമായപ്പോൾ ഫോൺ ഓൺ ആവുന്നില്ല. സർവീസ് സെൻററിൽ കൊണ്ടുപോയി വാറണ്ടി തീർന്നിട്ട് ഒരുമാസമായി, അവർ പറഞ്ഞത് MOTHERBOARD COMPLAINT ആണ്, അതുകൊണ്ട് പതിനായിരം രൂപ ആകും എന്ന് പറഞ്ഞു ഈ ഫോൺ മാറ്റിക്കിട്ടാൻ എന്താണ് ഞങ്ങൾ ചെയ്യേണ്ടത് ഒന്ന് പറഞ്ഞു തന്നാൽ വലിയ ഉപകാരമായിരുന്നു",Negative
MiUi is a shit ചേട്ടാ.....From a redmi user 🥺,Negative
Xiaomi to shazz annan: .നീ ഇനി ഭൂമി തലകുതനെ നിർത്തും എന്ന് പറഞ്ഞാലും നമ്മൾ software update തരില്ല 😌,Negative
"Xioami software bugs annu motham ent cheyaan , പണ്ടൊക്കെ ഒരു bugs ഇല്ലായിരുന്നു.. ippo എൻ്റെ new xioami 11 lite ne 5g bugsinte Kali annu.. sometimes in YouTube video zoom അവില്ല pinne athi back അടിച്ചു , ഒന്ന് കൂടെ കേരണം കിട്ടാൻ.. അതുപോലെ telegram ilum und bugs വരുന്നത്....main main",Negative
Xiaomi miui ഒഴിവാക്കി stock android എങ്കിലും കൊണ്ടു വന്നിരുന്നെങ്കിൽ ഫോൺ വാങ്ങിയേനെ. അല്ലാതെ ഇവരുടെ സോഫ്റ്റ്‌വെയർ ഉപയോഗിച്ചു ഭ്രാന്ത് പിടിക്കാൻ വയ്യ. Xiaomi ഉപേക്ഷിച്ചിട്ടു 1 വർഷം ആയി,Negative
ഞാനും മടുത്ത്....അനുഭവിച്ച് മടുത്ത്....ഓരോ വർഷം കഴിയും തോറും വളരെ മോശമായി പോകുന്ന ഒരു കമ്പനി.......7 വർഷമായ അനുഭവസ്ഥൻ,Negative
xiaomi de കാര്യത്തിൽ update എന്ന് കേള്‍ക്കുമ്പോള്‍ തന്നെ പേടി ആണ് 🤢,Negative
Sound ഇല്ലാ,Negative
Bro ഒരിക്കലും ഫയർ ബോൾട്ട് നേ recommend ചെയ്യരുത്. വളരെ ശോകം ആണ്. അവരുടെ ഐപി rating ഒന്നും നോക്കണ്ട. ഒരു quality yum ഇല്ല. പകരം noice ബോൾട്ട് ഒക്കെ recommend ചെയ്തോളൂ. വിശ്വസിക്കാം. കൊടുക്കുന്ന പണം നഷ്ടപ്പെടില്ല ... Quality വീണ്ടും വീണ്ടും പറയുന്നു.. ഒന്നിനും കൊള്ളില്ല. പണം നഷ്ടപ്പെടുത്തരുത്.,Negative
"ഞാൻ fire-bolt ബ്രാണ്ടിനെ ഇനി വിശ്വസിക്കില്ല, IP 68 certification പറഞ്ഞിട്ട് ചാറ്റൽ മഴയിൽ വെള്ളം കേറി displayum പോയി...",Negative
@Catgpt കേരളത്തിൽ സർവീസ് സെൻ്റർ start ആയിട്ടില്ല . ടെൻഡർ കൊടുത്തിട്ട് ഉണ്ട് എങ്കിലും ആരും എടുത്തിട്ടും ഇല്ല എടുത്തവർക്ക് ആണെങ്കിൽ കമ്പനിയുടെ ഭാഗത്ത് നിന്നും support ഇല്ല.. അതുകൊണ്ട് ആണ് പറഞ്ഞത് ഇവന്മാരുടെ ഒരു സാധനവും നമ്പരുത് എന്ന്..,Negative
Firebolt okke വാങ്ങുന്നവരെ സമ്മതിക്കണം ഇമ്മാതിരി china company. ചവർ പോലെ ആണ് വാച്ച് ഇറക്കുന്നെ 1monthil 10 വാച്ച് എങ്കിലും ഇറക്കും.... എല്ലാം അലിബാബ ൽ ഒക്കെ ഉള്ള same സാധനം...,Negative
ഞാൻ എടുത്ത ഇലക്ട്രോണിക്സിൽ satisfaction തരാത്ത ഒന്നാണ് fire boult watch.,Negative
പല്ല് തേക്കണ പോലത്തെ charger😆,Negative
"Fire bolt നേരിട്ട് അല്ലെങ്കിലും അതിൻ്റെ ഒരു ഭാഗമാകാൻ സാധിച്ചത് കൊണ്ട് തന്നെ ഒരു കാര്യം പറയാം. .. ഒരു കാര്യവും ഇല്ല.... Quality നോട്ടത്തിൽ കിടിലം ആണെങ്കിലും മോശം ആണ്.. അതുപോലെ വല്ലതും പറ്റി പോയാൽ , (പറ്റാതെ ഇരിക്കില്ല) സർവീസ് സെൻ്റർ പോലും റെഡി ആയിട്ടില്ല. .. പക്ഷേ ഒരു കാര്യം damage പീസ് അവര് ഇടക്ക് മാറി പുതിയ പീസ് kodukkunnundaayirunnu... Rate കൂടുതൽ ആണ് ..",Negative
എന്തൊക്കെ ചെയ്തിട്ടും ആ software അങ്ങോട്ട് മെന അകുന്നില്ലല്ലൊ സജിയെ 😶,Negative
രാത്രി 70% ഉണ്ടായിരുന്ന Charge 60 ശതമാനമായി എന്നാണ് പറഞ്ഞത്.My phone ഒരുമണിവരെ 100% രാവിലെ 7 മണിക്ക് എണീറ്റാൽ 🟢18% that is my phone power,Negative
അളിയാ battery ആന്നു പണ്ണി തനതെ... 😭,Negative
പൊട്ടിയ camera ആണേലും...Display Scratch ആണേലും ഞാൻ സഹിക്കും..പക്ഷെ Battery😶,Negative
എന്റെ OnePlus7t യും ഈയിടെ ആയി ഹീറ്റപ്പ് ആവുന്നുണ്ട്.ബാറ്ററി പണ്ടേ ഡ്രൈനിങ് ആയിരുന്നു 😥,Negative
<b>Bro friendnu gift kodukkan 15k ക്കും 20k ilum varunna phone parayumo</b>,Neutral
ചേട്ടാ vivo v15 pro 2022ൽ മേടിക്കാൻ കൊളമോ,Neutral
ബ്രോ.. Iqoo 9 pro വാങ്ങണം എന്നൊക്കെ ഉണ്ട്.. എന്താ അവസ്ഥ?? ഒരു ചെറിയ റിവ്യൂ പറയോ,Neutral
X80 pro plus ഇറങ്ങുമോ?,Neutral
S22 ultra യും x80 pro യുടെയും ക്യാമറ compare ചെയ്യാമോ,Neutral
Vivo x70 pro+ um vivo x80 pro um campare ചെയാമോ,Neutral
X70 pro vs X80 pro ഒരു കമ്പാരിസൻ വീഡിയോ പ്രതീക്ഷിക്കുന്നു,Neutral
Battery back up ഏറ്റവും best ആയിട്ടുള്ള 5GB phones suggest cheyyamo,Neutral
ഇത് bent ടെസ്റ്റിൽ പൊട്ടുമോ 🤔🤔🤔,Neutral
ഞാനും use ചെയ്യുന്നത് S22 പ്ലസ് ആണ്,Neutral
Wifi ഓഫ്‌ ചെയ്യാതെ എങ്ങനെയാണ് pixel ഫോണുകളിൽ whatsapp മാത്രം ഓഫ്‌ ചെയ്യുന്നത്,Neutral
"Bro ippo oru 10000,12000 rs വാങ്ങാൻ പറ്റുന്ന നല്ല ഫോൺ ഒന്നു പറഞ്ഞു തരുമോ കുറിച്ചു നല്ല camera യും ഒരു പിന്നെ game kalikanun ..",Neutral
Pixel 4a 5g 14000 ത്തിന് worth aano?.Any users?,Neutral
"നല്ല ഡിസ്പ്ലേ, നല്ല ക്യാമറ ഈ aspect satisfy ചെയ്യുമോ ഈ phone. You tube videos, മൂവീസ് കാണുക പിന്നെ നല്ല ഫോട്ടോസ് എടുക്കുക ഇതാണ് ആവശ്യം. ഇത് നല്ല phone ആണോ.. വേറെ better options ഉണ്ടോ",Neutral
Peixel 7 pro vs s22 ultra ഏതാ നല്ലത്,Neutral
"ചേട്ടാ , ... Unboxing ചെയ്യുന്ന എല്ലാ ഫോണും സ്വന്തായി വാങ്ങുമോ ? അതോ സ്പോൺസേർസ് ആണോ ?",Neutral
"Shazzam അണ്ണാ... ഇന്നലെ നിങ്ങൾ ശോകം അടിച്ചാണ് ഈ വീഡിയോ ഇട്ടേന്ന് ഇന്നലെ കണ്ടപ്പോ തന്നെ മനസിലായി.. അപ്പോ ഇന്ന് ചോയ്ക്കന്നു ഓർത്തു.... സാംസങ് s22 അൾട്രാ or പിസ്ൽ 7 പ്രൊ..ഏത് വേണോന്നു ഒരു കൺഫ്യൂഷൻ.. ഇപ്പോ ഉപയോഗിക്കുന്നത് ഹുവായ് P30 പ്രൊ ആണ്...അന്ന് ലോഞ്ച് ചെയ്തപ്പോ വാങ്ങിതാ..പൊളപ്പൻ ഫോൺ ആരുന്നു.. ഇപ്പഴും കൊഴപ്പം ഒന്നുല.. പക്ഷെ ഗൂഗിൾ ചതിച്ചല്ലോ.. 😭😭ഞാൻ ഒരു സാധാരണ ഫോൺ യൂസർ ആണ്.. അത്യാവശ്യം ഫോട്ടോസ് എടുക്കാനും, വീഡിയോ റെക്കോർഡിങ്ങും ബാക്കി സോഷ്യൽ മീഡിയസ് ഒകെ യൂസ് ചെയ്യും... അത്ര തന്നെ.. . ദുബായ്ന്ന് എടുക്കാൻ ആണ്.. കണ്ണും പൂട്ടി ഒന്ന് പറഞ്ഞു താ അണ്ണാ... 🙏🏻🙏🏻🙏🏻",Neutral
Bro.. Moto edge 30 pro യെ പറ്റി എന്താണ് അഭിപ്രായം...,Neutral
Moto edge 30ultra എന്താ അഭിപ്രായം,Neutral
"ബ്രോ.. എനിക്കൊരു help വേണം.... എനിക്ക് smartphone വാങ്ങിക്കാൻ താല്പര്യമുണ്ട്... എന്റെയിൽ ഉള്ള ബഡ്ജറ്റ് 20,000 ആണ് അതിൽ വരുന്ന നല്ല phone ഏതാണ് എന്ന് പറയുമോ.. എനിക്ക് smart ഫോൺ നെ കുറിച് വ്യക്തമായൊന്നും അറിയില്ല... നല്ലൊരു phone suggest cheyumo...... Replay തരുമെന്ന് വിശ്വസിക്കുന്നു ❣️❣️",Neutral
Europe or US il നിന്ന് google pixel 7 pro വാങ്ങിയാൽ നാട്ടിൽ ഇതിനു വാറന്റി സപ്പോർട് കിട്ടുമോ @callmeshazzam,Neutral
Bro 30000രൂപ റേഞ്ചിൽ ഇപ്പൊ ഉള്ളതിൽ നല്ല phone ഏതാ.. പറയാമോ .ഒരു നല്ല phone പറഞ്ഞു തരാവോ...,Neutral
apple 14proyekal better ano,Neutral
Broo ഇത് service കിട്ടുമോ,Neutral
pixel 7 pro use ചെയ്യുന്ന ആരേലും ണ്ടേൽ pls റിവ്യൂ 🙏,Neutral
"Google watch and Google earbud , ഒരു video ചെയ്യണേ.",Neutral
Pixel 7 and Pixel 7 Pro higher graphics games കളിക്കാൻ ok ആണോ,Neutral
"Apple 14 pro , pixel 7 pro comparism വീഡിയോ പ്രതീക്ഷിക്കുന്നു ❤",Neutral
"bro pixel 7 pro pubg, pess, call off duty polathe games kalikaan patttuvo daily night 3 or 4 hr games oke smooth ai run cheyyuvo",Neutral
ഈ ഫോൺ എങ്ങനെ എടുക്കും ആമസോണിലും flipcartilonnum ഇല്ലല്ലോ,Neutral
വേറെ വല്ല പണിയും നോക്ക് Mr. Mobile review ആണ് എന്നറിയാത്ത കുറെ പേരിൽ ഒരാൾ 😡,Not_relevant
Le സേട്ടൻ എന്നേ ഇങ്ങനെ പുകഴ്തല്ലേ. പിന്നെ എനിക്ക് പുകഴ്ത്തുന്നത് വലിയ ഇഷ്ടമാ 😂😂😂😂. Nice lock ആണ് bro,Not_relevant
അത് പറയാൻ 3 sec വേസ്റ്റ് ചെയ്തു,Not_relevant
ഒള്ളത് പറയാലോ ചേട്ടനെ കാണാൻ കുഞ്ചാക്കോ ചേട്ടന്റെ ഒരു face cut ond 🥰🔥,Not_relevant
കൂടുതൽ സമയം waste ചെയ്യാതെ lets roll ❤️‍🔥😍✨,Not_relevant
"എത്ര phone ആണ് പഹയാ നിങ്ങൾക്,, ഒരണ്ണം നമുക്ക് തരുമോ ☺️",Not_relevant
Super വീഡിയോ 🔥🔥😍😍🇮🇳🇮🇳,Not_relevant
കണ്ടില്ലല്ലോ എന്ന് കരുതിയുള്ളൂ അപ്പോഴേക്കും എത്തി lets roll😍😇,Not_relevant
പ്രതാപ്ജിയുടെ റിവ്യൂസിനു വേണ്ടി കട്ട വെയിറ്റിംഗ്‌ ആയിരുന്നു Tnxxx ❤,Not_relevant
രാത്രി പടം കണ്ട് buds ഇടാൻ പെട്ടി തിറയുന്നവർ ഉണ്ടോ,Not_relevant
51 രൂപയ്ക്ക് മേടിച്ച headset ൽ ഇത് കേൾക്കുന്ന ഞാൻ 😭😭😭😭 ഉള്ളത് കൊണ്ട് ഓണം പോലെ😂😂😂,Not_relevant
techniqued malayalam YouTube channel nothing phone unbox ചെയ്തിട്ടുണ്ട്,Not_relevant
എന്താ മോനു രണ്ട് nothing phone എടുകട്ടെ 😅😅,Not_relevant
Milan ബ്രോ നല്ല അവതരണം ❤️💯,Not_relevant
ആ തെന്നി പോക്ക് .🥰😃😃😃,Not_relevant
Milan bro. ആ theme &amp,Not_relevant
@കോഴി🐓 kaama vili vilikkand iriyada naye!,Not_relevant
Nokia അമ്മാവൻ ഇനി എപ്പഴാണാവോ വരുക 😂,Not_relevant
ആ specs വെക്കുന്ന style yenikk ഭയങ്കര ഇഷ്ട്ടാണ് 😍,Not_relevant
"Dr chrome nte കുറേ fans തെണ്ടികൾ നെഗറ്റീവ് ഇടാൻ ആയിട്ട് വന്നിട്ട് ഉണ്ട് നിങ്ങളോട് ഒന്നേ പറയാൻ ഉള്ളൂ, നീയൊക്കെ എത്ര നെഗറ്റീവ് അടിച്ചാലും ആരും support inu varilla 😂",Not_relevant
"<a href=""https://www.youtube.com/watch?v=dt5pBFBCx0c&amp;t=2m07s"">2:07</a>-<a href=""https://www.youtube.com/watch?v=dt5pBFBCx0c&amp;t=2m10s"">2:10</a>മ്യാരക എക്സ്പ്രഷൻസ് 😅😂",Not_relevant
9 ദിവസം മുൻപ് ചായ with tech news ന്റെ ഷൂട്ടിംഗിന് ശേഷം ചായ cup വീണു പൊട്ടിയത് കൊണ്ട് ആണോ episode വൈകുന്നത്,Not_relevant
ചായ with tech കാണാനില്ല,Not_relevant
ഇത് nothing. ൻ്റെ review ആണോ അതോ OnePlus. ൻ്റെയോ...😅😅.Anyways as usual presentation ❤❤😂😂,Not_relevant
Please no ജയരാജ് ചേട്ടാ എനിക്ക് നമ്പർ തരുമോ പ്ലീസ് ഒരു സംശയം ചോദിക്കാറുണ്ട്,Not_relevant
"Guys സകായിക്കണം തനിയെ കാട്ടിൽ പോയി കിടിലം camping &amp; കുക്കിംഗ്‌ വീഡിയോസ് ചെയ്തിട്ട് ആരും watch ചെയ്യുന്നില്ല, സകായിക്കണം 😔",Not_relevant
ചേട്ട ചേട്ടന്റെ thumbnail മാത്രം എന്ത കഥകളി ഭാവങ്ങൾ പോലെ?😆,Not_relevant
giveaway ഒന്നും ഇല്ലല്ലോ ഇപ്പൊ.👇like,Not_relevant
Free product ഉണ്ടെങ്കിൽ അറിയിക്ക്😭😌,Not_relevant
നിങ്ങടെ videos കാണുമ്പോൾ ഒരു സമദാനമാണ് സത്യ സന്ദമായിട്ടാണ് കാര്യങ്ങൾ അവതരിപ്പിക്കുന്നത് അതുകൊണ്ട് നമ്മൾ product നെ കുറിച് കൂടുതൽ അന്വേഷിക്കേണ്ടതില്ല 👍😍,Not_relevant
Bro njan use chayyunnathu S21FE Anu exy kuttan Anu processer bro paranjathu correct Anu day light camera kollam alathe shokam,Mixed Feelings
Entammo ejjathi heat... daily 3 thavana charging... camera kollam... display super....,Mixed Feelings
ഞാൻ എടുത്തത് xynos version ആണ് battery drain ഒഴിച്ചാൽ ഈ വിലക്ക് എത്രയോ നല്ലത് ആണ്,Mixed Feelings
updates sokam aanu.. once in 3 month aanennaanu manasilaayath.. Baakki paranjathellaam eere kure correct aanu.. User experience kollaam.. it's clearly good allrounder phone. very good inhand feel. 30k okke aaneel medikkaam..,Mixed Feelings
Heating And Battery Drain Matti Nirthiyal set Aan,Mixed Feelings
currently എന്റെ mobile ഇതാണ്. But വാങ്ങിയിട്ട് 1 year ആയി. Sound ഗും കുറവ് തന്നെ. Selfie camera ഒക്കെ മഹാബോർ.back camera മാത്രം കുറച്ച് ഗും ഉള്ളൂ,Mixed Feelings
Realme oru kidilan allrounder brand aanu.njn use cheyyunne realme 7 pro aanu.3 years aayi .pubg kalikkumbo full squad rush varumbo cheriya framedrop varum. Vakki okke clean aanu,Mixed Feelings
Throttling test ill persentage mathram nokkunnath seriyalla points koodi nokkanam . Realme throttle aavathirikkan performance kurachittund.. but.. realme is far better than lava,Mixed Feelings
"Realme 7 pro is my phone 3 years till now there is no lag n delay perfect for daily use, 1 day battery back up, only con is restart aayi varan swalpam delay undu",Mixed Feelings
"Guys, front camera kollillla. But back camera and video its superb. Sterio ellam nallath anu Pakshe front cam koodi indarunnenlil its a amazing phone",Mixed Feelings
I bought GT 2 and no such problems,Positive
"ഞാനും oneplus 11 use ചെയ്തിട്ട് 1 month ആയി. But ഈ പറഞ്ഞ കാര്യങ്ങളിൽ ചെറിയ അഭിപ്രായ വ്യത്യാസം ഉണ്ട്. As a normal user, Front camera nice ആണ്. Vloggers youtubers തുടങ്ങിയവർക്ക് അത്ര പോര എന്ന് തോന്നും സ്വാഭാവികം. But ഒരു normal user നു ഇതിന്റെ front camera nice ആണ്. Perfomanace kidu ആണ് ഒരു രക്ഷ ഇല്ല. Maybe the power of new chipset. Battery ഈ പറഞ്ഞ പോലെ 1 day cool ആയി നിൽക്കുന്നുണ്ട്. (ഞാൻ Game കളിക്കാറില്ല) back camera വെട്ടവും വെളിച്ചവും ഉണ്ടെങ്കിലും ഇല്ലെങ്കിലും കിടു ആണ്. Apple 14, Samsung S23 ആയി compare ചെയുമ്പോൾ മാത്രം ആകും ഒരല്പം പോര എന്ന് തോന്നുന്നത്. ബാക്കി എല്ലാം സൂപ്പർ ആണ്. പ്രത്യേകിച്ച് 100W പവർ ചാർജ്. അതാണ് main 👌. പിന്നെ എടുക്കുമ്പോൾ ഈ പറഞ്ഞ പോലെ 128 GB എടുക്കരുത് 256GB variant തന്നെ എടുക്കണം. എല്ലാം കൊണ്ടും oneplus 11 കിടു ആണ്. I love it. ❤️",Positive
ഗുഡ് camera quality ❤❤❤,Positive
റിയലിമി പൊളിക്കുക aanallo,Positive
ഈ വിലക്ക് ഏറ്റവും നല്ലത് iqoo 7 ആണ്..sd870 തന്നെ ആണെങ്കിലും നല്ല optimised ആണ്..benchmark scores ഒക്കെ better ആണ്..പിന്നെ graphics നു വേണ്ടി തന്നെ seperate chipset ഉണ്ട്..cooling system..പിന്നെ camera യുടെ കാര്യത്തിൽ vivo family ആയതുകൊണ്ട് ഒരു വിട്ടുവീഴ്ചയും ഇല്ല😌🔥,Positive
Apple നേക്കാൾ പൊളി SAMSUNG👌👌👌👌👌👌👌,Positive
"camera, വട്ടം വെക്കാൻ ഒരുത്തനും ഇല്ല",Positive
എന്റെയും ഫോൺ honor ആണ്... ഐഫോൺ ആയിട്ട് ഫോട്ടോസ് comppare ചെയ്യാം... 95% ഐഫോൺ 12 ന്റെ ഒകെ ക്ലാരിറ്റി ഉണ്ട്... 50mp macro ക്യാമറ ഒക്കെ പൊളിയല്ലേ... 😄 അതേപോലെ low ലൈറ്റ് il ഫ്രണ്ട് ക്യാമറ പെർഫോമൻസ് 👌,Positive
ഞാൻ 3 വർഷമായി Xperia 1 Mark 2 ഉപയോഗിക്കുന്നു ഒരു കുഴപ്പവുമില്ല,Positive
Xperia 5 ഉപയോഗിക്കുന്നുണ്ട് ക്യാമറ ഇപ്പോഴും പുലിയാണ് ഗെയിം കളിക്കാനും സൂപ്പർ അണ്  മൊത്തത്തിൽ ഫോൺ സൂപ്പർ അണ്,Positive
ശരിക്കും ഈ oneplus ഫോൺ പറയുന്ന ആ ഒരു ക്ലാസ്സ്‌ ഉണ്ടോ. ഞാൻ നേരത്തെ huwai ഫാൻ ആരുന്നു ആ ട്രമ്പോളി ലൂഞ്ചിച്ച കാരണം ആണ് one plus 8 ലോട്ട് മാറിയത്. എനിക്ക് അങ്ങനെ വലിയ ഒരു തൃപ്തി വരുന്നില്ല. ഫാസ്റ്റ്ൽ ആണേലും ശരി ക്യാമറ ആയാലും ശരി.,Negative
ഹെറ്റിംഗ് എന്തേയ് സാംസങ് s10 പ്ലസ് ഒണ്ടു pubg കല്ലിയുമ്പോള് 2 hours കൗണ്ടിന്യൂസ് കളിക്കുമ്പോള് നല്ല ഹെറ്റിംഗ് ആണ്...,Negative
5g bands 2 എണ്ണം ഉള്ളു..ഈ 2 എണ്ണം ഇന്ത്യ യിൽ എന്തോരും സപ്പോർട്ട് ചെയ്യും എന്ന് അറിയില്ല..ബാക്കി ഉള്ള 5g phones മിനിമം 4 എണ്ണം തരും..കള്ള പന്നി oneplus പണി പറ്റിച്ചു.,Negative
One plus മൈര് 🖕,Negative
Main cam കൊള്ളില്ല,Negative
selfie cam വലിയ സുഖം ഇല്ല,Negative
Edge 40 common issues ആണ് Heating 😆,Negative
Budget കുറവായത് കൊണ്ടും stock android ആയതു കൊണ്ടും Moto G40 fusion eduthu. ഒരു game പോലും കളിക്കുന്നില്ല. മിക്കവാറും hang ആയി നിക്കും. ചിലപ്പോൾ മണിക്കൂറുകൾ കഴിയും OK ആവാൻ. പണ്ടത്തെ ഫോണൊക്കെയാരുന്നെങ്കിൽ battery ഊരിയിട്ടാൽ ശരിയാകും. .വേറെ എടുക്കാൻ plan ആണ്.,Negative
One plus വലിയ സൈസ് 🙏,Negative
Using Edge 40 for the past 1 month. Camera വൻ ദുരന്തം ആണ്. Especially video,Negative
iphone13pro ആണോ pixel 7pro ആണോ എടുക്കാൻ നല്ലത്,Neutral
14 pro ആയി ഒരു comparison ചെയ്യാവോ 👍🏽,Neutral
7 lu cinematic mode ഉണ്ടോ?,Neutral
ഗൂഗിൾ pixel 7പ്രൊ ഡീറ്റൈൽഡ് റിവ്യൂ ചെയ്യണേ 🙏🏼🙏🏼💞💞,Neutral
"10,000 രൂപ താഴെ വരുന്ന ഒരു നല്ല phone പറയാമോ ചേട്ടാ .. Plz replay me",Neutral
I phone 14 pro vs pixel 7 pro video വേണം,Neutral
Charger എവിടെ?,Neutral
ബോസേ xs ന്റെ ഒരു റിവ്യൂ ഇടുമോ 2022 ഇൽ,Neutral
Charger ഇല്ലല്ലോ.. അത് പ്രത്യേകം വാങ്ങണോ,Neutral
1day normal using കിട്ടുമോ ?,Neutral
എല്ലാം നന്നായിരുന്നു. താങ്കൾ നഗറ്റീവ് പറയുന്നതിനും കുഴപ്പമില്ല. BUT... ലാസ്റ്റ് പറഞ്ഞത് ഒരുമാതിരി ഊളത്തരമാണ്. ഇയാളു പറയുന്നതിനും കാണിക്കുന്നതിനും നഗറ്റീവ് പറയാൻ പാടില്ലെന്ന്.നിങ്ങളെ പോലെ തന്നെ കാണുന്നവരുടെ ഫ്രീഡം ആണ് അഭിപ്രായങ്ങൾ.,Not_relevant
എന്തായാലും ഒരിത്തിരി മര്യാദ അതുവേണ്ടേ.. Basil and team എടുത്ത effort അതിനൊരു കയ്യടി കൊടുക്കേണ്ടതാണ്.. ഇത് english aha malayalam oho,Not_relevant
<b>ബ്രോ മിന്നൽ മുരളി remove ചെയ്ത എന്തിനാ</b>..Riview ബ്രോ യ്ക്ക് ഇഷ്ടം ഉള്ള പോലെ തന്നെ ഇടണം..അല്ലാതെ ബാക്കി ഉള്ളവന്മാർ എന്തു പറയും എന്നു നോക്കണ്ട❤️,Not_relevant
സ്ഥിരം viwers ഇങ്ങങുപോരെ 🔥🔥,Not_relevant
@Foot ambro ennu രാവിലെ ഉണ്ടായിരുന്നു. പ്രൈസ് error വന്നതാണോ എന്നാണ് സംശയം..,Not_relevant
ഇങ്ങേർടെ expressions കണ്ടാൽ വങ്ങിപ്പോവു.....😂,Not_relevant
Samsung galaxy buds 2 pro റെഡ്മി ഫോണിൽ use ചെയ്യുന്ന ഹതഭാഗ്യൻ 😕😕😕,Not_relevant
​@alan augustian yes. ഞാൻ Noon ൽ നിന്നും വാങ്ങിയതാണ്. Price 428 - 512 aed ഇടയ്ക്കു മാറി മാറി rate change ആകും..,Not_relevant
സത്യം പറയാലോ shazanna ❤ ഞാൻ ഇവിടെ bor അടിച്ചു നിൽക്കന്ന് അപ്പൊ just ഒന്ന് ഇങ്ങളെ video കണ്ടു bor അടി എല്ലും മാറി ❤❤,Not_relevant
nigalk എത്ര age,Not_relevant
over heating anu  baki kuzpm ella,Mixed Feelings
Realme3pro use chyth vdo kaanuna njn.. 5yr aavarayi... 4yr phonin oru kurpvm illrn.. Ipl cheriya kurpngl..,Mixed Feelings
Phone kollam istam ayi. But facebook Instagram use cheyan pattunilla.,Mixed Feelings
I'm Oneplus 7 pro user since 2019..zero hang. super cool.. Pop up camera strip ഒരിക്കൽ പൊട്ടി.. Bcz i used snap chat a lot. Other than that.. Nothing,Mixed Feelings
"Hasselblad is the bugatti of camera industry. Quality maximum, price also maximum",Mixed Feelings
One plus nord front cam 4k video edukkam.. 3+ years ayi use cheyyunnu... Ippo back cam video edukkumbo first kurach slow annu.. Then okeyakum.,Mixed Feelings
നമ്മൾ കണ്ട പഴയ vivo അല്ല ഇപ്പോൾ... camera ആണേൽ natural അല്ല but editing ആവശ്യമേ ഇല്ലാ...,Mixed Feelings
processor good but camera not good.,Mixed Feelings
"I have been using the IQOO 12 for almost a year, and it's a great phone. As you mentioned in your video, the front camera video isn't the best.",Mixed Feelings
"I'm using iqoo for last one and half year, battery drainage is the only issue, speed just mindblowing",Mixed Feelings
Motorola ചവറ്,Negative
Motorola യൂടെ ഒരു ഫോൺ എടുത്ത് പെട്ടുപോയി ക്യാമറ ഓൺ ആക്കിയിട്ടു 2 മിനിറ്റ് വീഡിയോ എടുത്താൽ ഫോൺ നിന്ന് കത്തും .. കിട്ടിയ പൈസക്ക് കൊടുത്തു,Negative
കഴിഞ്ഞ ആഴ്ച എന്റെ ഫ്രണ്ട് ന്റെ oneplus ല്‍ greenline വന്നു.... നല്ല contrast ഉള്ള ഗ്രീന്‍ കളർ ആണ്‌ so use cheyyan nalla ബുദ്ധിമുട്ടുണ്ട്.... BUT ഇപ്പൊ oneplus lifetime screen warranty നല്‍കുന്നുണ്ട്....പക്ഷെ അതിനു പുറകെ നടക്കേണ്ടി വരും,Negative
Oneplus service waste aan edukunhadh njan use cheyunhadh oneplus 8pro and oneplus 9 ഉം ആണ് line issue resale ഇല്ല വേസ്റ്റ് ഫോൺ 👎🏻👎🏻👎🏻👎🏻👎🏻👎🏻,Negative
"Oppo &amp; vivo റിവ്യൂ ചെയ്യാൻ പോലുള്ള വില പോലും ഇല്ല bro, ശത്രുവിനു പോലും gift കൊടുക്കാൻ പറ്റാത്ത items ആണ് 😂",Negative
Storage പോരാ,Negative
ആരും ചുമ്മ തന്നാൽ പോലും realme 10pro+ എടുക്കരുത് 2മാസം ഉപയോഗിച്ച് പണി കിട്ടി ഒരു കാശിനും കൊള്ളില്ല കാശ് പോയി അത്ര തന്നെ,Negative
"Redmi series 10,11 ൽ Motherboard complaint ആവുന്ന കേസ് വന്നിട്ടുണ്ട്",Negative
എന്റെ friendinte redmi update cheyth adichu poyi,Negative
എന്റെ ഫോൺ redmi note 11 pro ആണ് മേടിച്ച് കഴിഞ്ഞ് 1 month കഴിഞ്ഞപ്പോൾ mother board അടിച്ചു പോയി വാറന്റി ഒള്ളതു കൊണ്ടു രക്ഷപെട്ടു,Negative
ഇന്ത്യൻ prize 58000 രൂപക്ക് 128gbവേരിയന്റ് എടുക്കുന്നത് ലാഭമാണോ ????pls reply,Neutral
കുറച്ചു ദിവസം കഴിഞ്ഞപ്പോൾ battery life എങ്ങനെ ആണ് എന്ന് പറയാമോ,Neutral
ബ്രോ ഇതിൽ LiDer Technology ഉണ്ടോ?,Neutral
ഇത് dual sim ആണോ,Neutral
I phone 12 pro/ pro max unboxing ഉണ്ടാകുമോ...❓️,Neutral
കട്ട waiting for 12pro rvw 🤗,Neutral
iphone 12 miniyude display iphone se 2 വിനേക്കാളും ചെറുതാണോ ബ്രോ,Neutral
ബ്രോ iPhone se 2020 ആയി ഒരു comparition venam.Pinne oru battery test venam 🤘,Neutral
എന്താണ്(Product)red,Neutral
ഇത് നല്ല weight ഉണ്ടോ,Neutral
എന്താണ് ബ്രോ റിവ്യൂ കാണുമ്പോൾ അതായിട്ടു കണ്ടാൽ പോരെ .....ഞാൻ ഒരു iphone lover ആണ് iphone 11 nte pros and cons video ചാനലിൽ ചെയ്തിട്ടുണ്ട് ഒന്ന് കണ്ടു നോക്കു (ഞാൻ use ചെയ്യുന്നതും അത് തന്നെ ആണ് ),Not_relevant
<b>എന്റെ ചാനൽ ഒന്ന് subscribe ചെയ്യാമോ</b>,Not_relevant
Pushing ചെയ്യുമ്പോള്‍ നിങ്ങളുടെ മുഖത്ത് അത് കാണാം.. Promo pushing ആവുമ്പോ ആ tone ഒക്കെ formal ആയി മാറും. Review ആണ്‌ നിങ്ങളുടെ forte എന്ന് തോന്നുന്നു. അതാണ് ഞങ്ങള്‍ക്കും ഇഷ്ടം.,Not_relevant
Promotion കുറച്ച് കൂടിപ്പോയോ ...,Not_relevant
അണ്ണൻ ഇപ്പൊൾ full paid promotion anello😂,Not_relevant
നിനക്ക് ഏതെങ്കിലും ഒരു dr കണ്ടൂടെ 😂,Not_relevant
ഇത്രയും പുച്ഛത്തോടെ product unbox ചെയ്യുന്ന ഒരു ചാനൽ അതു ഇതാണ് കമ്പനി കാണണ്ട ഇയാളു പോളിയാണ് ബ്രോ 😂😂😂👍,Not_relevant
ഞാൻ വാങ്ങി Boat ടെ,Not_relevant
എല്ലായിടത്തും ARABIC KUTHU തന്ന 💥🔥,Not_relevant
ഭാവിയിലെ ഒരു meme godine njan kannunu,Not_relevant
എന്തൊക്ക പറഞ്ഞാലും sony യോട് ഒരിഷ്ടം ഉണ്ട് ❤അത് മതി,Positive
ജപ്പാൻകാരെ മൊതലാണ് അത് ഒരു ഒന്നൊന്നര ഫോൺ തന്നെ ആണ്.. എന്തൊ ചെറിയ ഒരു പോരായ്മ ഇത്ര വലുതാക്കി പറഞ്ഞ് ദൈവത്തിനെ ഓർത്ത് വാങ്ങരുത് എന്ന് പറയാൻ മാത്രം ഉള്ള ഒരു പ്രശ്നവും അതിൽ ഇല്ല. കാരണം ഈ ഫോണിൻ്റെ ഒരു പാട് റിവ്യൂ വും s23 ultra and iphone 14 നുമായും താരതമ്യം ചൈതുള്ള കുറേ videos കണ്ടിട്ടുണ്ട് അതിലൊക്കെ നല്ല പെർഫോമൻസാണ് കാണുന്നത് കാമറയിൽ എന്തൊ ചെറിയ കുറവ് ഉണ്ട് എന്നല്ലാതെ വല്യ പോരായ്മ ഒന്നുമില്ല.. പിന്നെ globally 5G ആണ്.. നിങ്ങൾകെങ്ങിനെ 4G കിട്ടീന്നാവൊ.Sony യുടെ first 5 G Phone Xperia 1 Mark 2 ആണ്,Positive
My ഫോൺ is Sony xz2 compact.Sony🔥,Positive
അത്രക്ക് പോരാ എന്ന് പറയാൻ മാത്രം ഉള്ള ക്യാമറ ക്ലാരിട്ടി അല്ലല്ലോ....നല്ല clear ഫോട്ടോസ്,Positive
ഇതു ഒറിജിനൽ തന്നെ ആണോ??.Best night photography ആണെന്ന് ആയിരുന്നു foreign reviews. ഇത് ഡ്യൂപ്പ് ആണെന്ന് ആണ് ബലമായ സംശയം. ഒറിജിനൽ 5G ആണ്.,Positive
"Bro....., ഞാൻ എന്റെ redmi 10 pro miui 13 ലെയ്ക്ക് update ചെയ്തപ്പോൾ android 12 ന്റെ അപ്ഡേറ്റും കിട്ടി.....",Positive
പൊളി sanam,Positive
15k ൽ ഒരു നല്ല ഫോൺ തിരയുകയായിരുന്നു.. ❤️🔥🔥,Positive
Nice... Njan oru redmi lover aanu... Redmi note5 use ചെയ്തിട്ടുണ്ട് ❤❤👌👌👌,Positive
And it has charger കണ്ട് പടി ultre,Positive
"Iqoo quality loss und, iqoo gaming annel eduthal muthalakum",Mixed Feelings
Njan 15 plus upayigikkan thudangeet 4 masam aayi .... gaming inte karyathil ottum moshamalla... 60 hz inte 120 hz intem difference athra notable aayi thonnilla..,Mixed Feelings
"ഞാനും15 Plus User Aan .. But..17.1 Updateചെയ്തപ്പോൾ ചെറിയ Battery Drain Varunnund.. Camara Quality Il Kurach Disappoinment Ind.. Performance Top Notch ആണ്…ക്യാമറ,ഡിസ്പ്ലേ,ഓഡിയോ ക്വാളിറ്റി സൂപ്പർ.",Mixed Feelings
ഞാന്‍ ഒരു 15 pro max user ആണ് ..എനിക് battery യുടെ കര്യതില് നല്ല. experiance അണു ഉള്ളത് .മോഷം എന്നു തൊന്നിയാത് whatsapp voice message സൗണ്ട് കൂട്ടാന്‍ ചില സമയത് സാദികുന്നില്ല,Mixed Feelings
"Anyaaya battery pinne ugran camera. One UI 5.1 is actually good and no lag. Annan paranja polae heating illa. Heating undu, charge ittu game kalichal aakum. ",Mixed Feelings
Using S23 256 gb varient for 2 months.. Outstanding Experiance... 8K videos are .. no heating issues. Paranjapole battery is draining little fast while using 5G,Mixed Feelings
"S22 has heating while taking videos continuously and also below below average battery life, but I would say at 56k 256gb variant was value for money kaaranam, apart from those 2 issues rest all was brilliant...superb video and photos.. smooth performance...flawless phone...",Mixed Feelings
njan s23 256 vaangi for 56k on flipkart after exchange with oneplus phone. s23 is fantastic and the only one drawback is charging is slow bcoz of 25 watt charging,Mixed Feelings
നിങ്ങളുടെ റിവ്യൂ നോക്കി ഞാൻ മേടിച്ചതാണ് S23. പൊളിയാണ്. ബാറ്ററി ആണ് ഒരേയൊരു പ്രശ്നമായി തോന്നിയത് loved it,Mixed Feelings
"bought S23 in the first sale for 56k(including Poco F1 exchange and other offers). ഗ്രേറ്റ്  phone especially if you love കോംപാക്ട് ഡിസൈൻ. Everything is good, only negative I felt is, battery. Since I use dual sim and wifi, yes with moderate usage around one day, but SOT I get 4 - 4.15hrs (100-15%).",Mixed Feelings
Kazhinja July il S23 256gb eduthu. Completely satisfied with this device Performance aayalum camera aayalum ellam kondum set aan. Only kurach shogam battery aan 5g il kurach heating and draining und. Ath pakshe overheating alla. 4g or wifi aanel oru preshnavum illa. Gaming inu ulla phone aanen parayilla but Games ellam well optimised aan. Worth every money.,Mixed Feelings
Watching it on my S22.....apart from mediocre ബാറ്ററി ലൈഫ്  everything is a charm in it......I am getting 7-8 hours battery......,Mixed Feelings
Iphone 13 superb battery backup aayirunu when it comes with ios 15. End of the day battery 40% kitum.But after updating to ios 16 battery van shogam.,Mixed Feelings
"S22 user.. very happy with this phone.. using around 11 months. Thudakathil heating issue undarunnu.. kurach updates oke vannu kazhinjapo ipo illa... but battery average aanu... athariyavunnath kondu aa reethikanu use chyunne so mrng oru 6 -evng 6 aavumpozhek 20-15% rangeil kitum pinne side frameil ninnu paint pokunnundu.. otherwise, it's a superb phone..",Mixed Feelings
Im using s23 plus for about an year. It's a worth buy in my opinion. No lag no Heating no camera issues. ബാറ്ററി back up is soooo great even if I'm using it in battery protect mode on which limits the charging to 80%. This phone is soo under rated. It's not so huge but an apt size. Performance is soo smooth. കാമറ performance in low light is little weird. But other than that clean phone. Happy that i bought this instead of crap iphones ️,Mixed Feelings
"Ith kandu poi S23 8gb ram 256gb eduthu.. 1 week aayi..enik thoniya 2du shokam karyangal face recognition,fingerprint poraa.. battery backup 1 day kittunundu.. performance nyc annu.. kayyil othungiya phone..",Mixed Feelings
"Njan s22+ ahn use Cheyane, yes heavy use il slight heating ond,but other than that everything is nice,specially both rear and front camera",Mixed Feelings
Performance എല്ലാം അടിപൊളി യാണ് But battery backup one day കിട്ടണമെങ്കിൽ Screen Time അത്രയും കുറവായിരിക്കണം Max Screen Time 4.5 hr. Wifi ആണെങ്കിൽ കുറച്ചു കൂടി backup kittum,Mixed Feelings
I'm using Realme 9pro plus. . and Battery is the only issue I'm facing . . Camera is superb,Mixed Feelings
എൻ്റെ പൊന്നു മക്കളെ mobile premium  ആണ് പക്ഷേ വെറ്റിലടക്ക പോലെയുള്ള size ഉള്ളൂ...,Mixed Feelings
redmi ഉയിർ😍😍 redmi y2 ൽ തൊട്ട് redmi phones ഉപയോഗിക്കുന്നു ഇപ്പൊൾ redmi note 9pro max ഉപയോഗിക്കുന്നു. ഒരുപാട് പേർ redmi എടുക്കുന്നതിൽ എന്നെ പറഞ്ഞ് തളർത്തി എങ്കിലും still love redmi 😍😍😍😍 ഇനിയും redmi മാത്രമേ എടുക്കൂ🥰🥰,Positive
ഈ Phone വാങ്ങണം എന്നുണ്ട് കയ്യിലെ പണം എന്നെ അതിന് അനുവദിക്കുന്നില്ല.😬.ആൾക്കാരെ പറ്റിക്കാനായി Budget Phone ഇറക്കുന്ന realme യെക്കാളും ഒരുപാട് നല്ലതാണ് Redme,Positive
ഇപ്പൊ industry യിൽ sony ആണ് ലീഡ് ചെയ്യുന്നത് ഒരുപാട് പേര് sony യിലേക്ക് മാറുന്നുണ്ട് canon ഇൽ നിന്നു photo ആയാലും video ആയാലും ✌️,Positive
Bro കിടിലൻ,Positive
Camera യും ഡിസൈനും കൊള്ളാം....,Positive
"Yes, ഇത് Offline Market ഇൽ നല്ല രീതിയിൽ പോകും....!",Positive
അത് നല്ല deal ആണ് 💥💥,Positive
Shazzam അണ്ണൻ അടിപൊളി ആണെന്ന് പറയണമെങ്കിൽ ഇത്‌ ഒരു ഒന്ന് ഒന്നര item ആണ്.... 😘😘😘😘😘😘,Positive
ആപ്പിൾ 13 പ്രൊ മാക്സിനെ vellunna വിവോന്റെ x70 പ്രൊ പ്ലസ് ന്റെ വീഡിയോ അതും സ്പെഷ്യൽ വീഡിയോ പ്രതീഷിക്കുന്നു night ഫോട്ടോഗ്രാഫില് ഒരേ ഒരു കിങ് വിവോ x70 പ്രൊ പ്ലസ് 😊😊😍,Positive
ബാറ്ററി ബാക്കപ്പ് കുറച്ചു കൂടിയാട്ടുണ്ട് .... പിന്നെ അണ്ണൻ പറഞ്ഞതുപോലെ സംഭവം കുറച്ചുകൂടെ സ്മൂത് ആയിട്ടുണ്ട് ....,Positive
Xiaomi യെ കുറിച്ച് ആഴത്തിൽ അറിയും തോറും എല്ലാവരും സ്വന്തമാക്കി കൊണ്ടിരിക്കും..ഇതൊന്ന് ഞാനും സ്വന്തമാക്കി. I&#39,Positive
അങ്ങനെ ആദ്യായി Xiaomi യെ സമ്മയിച്ച്... ❤️,Positive
Bro നിങ്ങളുടെ റിവ്യൂ കണ്ട് ഞാൻ വാങ്ങി. 256 ജിബി വേർഷൻ 25k കിട്ടി സെയിൽ സമയത്ത്. 👍🏼ഇപ്പോ gaming and multimedia ഇതിൽ തന്നെ.,Positive
സാംസങ് tab s7 fe is better. Larger screen with good performance.,Positive
Realme buds q2 neo ഇപ്പൊ അതാ കൈയിൽ കൊടുത്ത കാശിന് സാധനം പോളി ആണ്,Positive
ഒരേ ഒരു രാജാവു Sony xb series,Positive
ഞാൻ oneplus bullet wireless ഉപയോഗിക്കുകയോ. നല്ല സാധനം ആണ്. പറഞ്ഞ പോലെ 2 ദിവസം ഒക്കെ ബാറ്ററി നിൽക്കും. വേഗം ചാർജും ആവും..Only 2k rupees,Positive
സാധാരണക്കാരുടെ airpod 🥰💕 Oneplus,Positive
beatboxing ഇഷ്ടപ്പെട്ടു 😍😍😍,Positive
ഞാനും വാങ്ങി ഇന്ത്യൻ money 9000 അയതെ ഉള്ളൂ. Nice One,Positive
Realme ippo മൊത്തത്തിൽ base model thott heat ആകുന്നുണ്ട്,Negative
Bro എന്റെ redmi note 10 pro ആണ്. ആദ്യം front camera തുറക്കാൻ പറ്റില്ലായിരുന്നു പിന്നെ ഫ്രണ്ട് camera open ആകുമ്പോ macro camera on ആവാന്... 🥲🥲,Negative
Redmi ടെ ഫോൺ വാങ്ങാൻ ഒരു പേടി ആണ് ഇപ്പൊ.... ഒരു Poco വാങ്ങി പെട്ടതാ.... 🥴,Negative
ente warranty period il thanne അടിച്ച് പോയതാണ് ബ്രോ .!!!!!!,Negative
Hey 1yr വരെ പോകും .. warrenty kazhiyumpozhe അടിച്ചു പോകുള്ളൂ,Negative
എൻ്റെ friend ൻ്റേ Redmi 10 pro Plus ആണ് അടിച്ച് പോയത്..,Negative
Note 12 pro എടുത്തു.. ആകെ തോന്നിയ ഒരു പ്രശ്നം വാട്സ്ആപ്പ് ഓഡിയോ കേൾക്കാൻ ഫോൺ ചെവിയിലേക്ക് വച്ചാലും വലിയ സ്പീക്കറിൽ മാത്രമേ ചില സമയം പ്ലേ അവൊള്ളൂ.. സെൻസർ ഇല്ലാത്തതിന്റെ പ്രശ്നം ഉണ്ട്,Negative
12 pro ഒട്ടും safe alla 😹.മേടിച്ച് 5 ദിവസം കഴിഞ്ഞിട്ടാരിക്കും സോഫ്റ്റ്‌വെയർ update കാരണം ഫോൺ അടിച്ച് പൊന്നെ .So Beware 🙂,Negative
Ys bro. Alpha edayk edayk ഏതേലും bud disconnect ആവുന്നു 🙂,Negative
"Udayipp company, njan warranty കൊടുത്ത item എടുത്തു Matti, vere product inte photo എടുത്ത്, ennikku അയച്ചിട്ട് paraya,we Received different Product so warranty claim rejected ennu",Negative
"Worst product bro ,call polum പോവുന്നില്ല, customer care le vilichapo vere tharam nne parnjitund ,eduth 2 day azhullu",Negative
അണ്ണൻ്റെ വാക്ക് കേട്ട് ഒരു ബോൾട്ട് വാച്ച് എടുത്ത് ( strerling pro kk pakaram crown r pro maari order cheythath ente thett ond but) കിട്ടിയത് ആണെങ്കിൽ കോളിൽ വോയ്സ് വർക് അവാത്ത വാച്ച്. അതിന് റീപ്ലേസ് മെൻ്റ് ചോദിച്ചപ്പോൾ ട്രാക്കിംഗ് ഐ ടി തന്നിട്ട് പോയി 😢 ..Ejjathi സർവീസ് by boult audio,Negative
Undenki thane smartwatchnu enth upakaram aan ulath bro😂...Its just another fancy tech...no real use,Negative
Boult R ശോകം 😆😆😆1000 രൂപയാണ് ബാറ്ററി നിൽക്കില്ല 😆😆😆പറഞ്ഞിട്ട് കാര്യം ഇല്ലാ 1000 രൂപാക്ക് പിന്നെ അവമ്മാർഫുൾ ചാർജ്ജെർ തരുമോ 😆😆😆😆,Negative
Garmin fenix 6x/quatix design കോപി അടിച്ചപോലുണ്ട് 😂,Negative
Boult warrenty claim cheyyyaan പാടാണ്..,Negative
എനിക്കും ആ സീൻ ഉണ്ടായിരുന്നു...ഒന്ന് നിലത്ത് വീണ് ബാക്ക് ഇളകിപോയി വീണ്ടും വെച്ചപ്പോൾ റെഡിയായി 🤔,Negative
ഞാൻ വാങ്ങി call വിളിക്കുമ്പോൾ സൗണ്ട് കുറവാണ് . പുറത്ത് നിന്ന് സംസാരിച്ചാൽ ഒട്ടും കേൾക്കുന്നില്ല . സർവീസ് സെൻ്ററിൽ കൊടുത്തു new buds തന്നു അതിലും same problem....ഇത് എൻ്റെ മാത്രം പ്രോബ്ലം ആണോ...,Negative
Iphone eduthu വെളയിൽ കളയടെ 😂😂,Negative
Sound leak ഉണ്ട്,Negative
ഏതു ആപ്പിൾ ഫോൺ വാങ്ങിയാലും headset free കിട്ടുമോ,Neutral
Product red എന്നുവെച്ചാൽ എന്തുവാ,Neutral
iPhone 10 to iphone 11 pro converting camera sticker use ചെയ്താൽ എന്തെങ്കിലും ദോഷം ഉണ്ടോ.,Neutral
ഞാൻ xr. വാങ്ങി. Single camara ആയതു കൊണ്ട്. Photo clarity. കുറയുമോ 11 ഒപ്പം. കിട്ടുമോ,Neutral
നിങ്ങൾ ഐഫോൺ റെഡ്ഢിനെ കുറിച്ച് പറഞ്ഞപ്പോൾ അതിന്റെ പുറകിൽ prdouct എന്ന് എഴുതിയത് കണ്ടു.. അതിനെ കുറിച്ച് നിങ്ങളുടെ ഫോള്ളോസിന് പറഞ്ഞു കൊടുക്കൻ വിട്ടുപോയി .. red കളർ ഐഫോൺ വിൽക്കുന്നത് അതിന്റെ പ്രോഫിറ്റ് ഒക്കെ ആപ്പിൾ കമ്പിനി hiv രോഗികൾക്കും ചാരിറ്റി ക്ക് വേണ്ടി യാണ് ഉപയോഗിക്കുന്നത്.. 😜,Neutral
Display എങ്ങനെയുണ്ട്? പ്രത്യേകിച്ചു dark mode?,Neutral
ബ്രോ 2021 il എടുക്കണോ (16500 ആണ് rate 256GB ),Neutral
Brother. ഇപ്പൊ ഇത് seconond എടുത്താൽ എത്ര year ഉപയോഗിക്കാം.....?,Neutral
"ഏതിൽ നിന്നാണ് iphone 7 (32gb) വാങ്ങിയത്?Please tell me,..",Neutral
128 gb ക്ക് എത്ര ram ഇണ്ടാവും,Neutral
12 watt ന്റെ Charger ഇതിൽ Support ആവുമോ?,Neutral
I phone 7 second കൊടുക്കാൻ ഉണ്ടോ. കുറഞ്ഞ rate,Neutral
7 plusഇൽ 2 cameras ഉണ്ട്‌,Neutral
I ഫോൺ 6s പ്ലസ് 32 ജിബി review ചെയ്യാമോ please,Neutral
Broo ഐഫോൺ 6s പ്ലസ് 32 ജിബിക്ക് എത്ര രൂപയുണ്ട് ഇപ്പൊ ഒന്നു പറയോ,Neutral
Iphone12 ഇപ്പൊൾ എടുത്താൽ എന്താണ് ഗുണം.https://youtu.be/NjzJe4YchZk,Neutral
Iphone 12 ഉംiphone 11 തമ്മിൽ ക്യാമറ ക്ലാരിറ്റി പ്യാത്യാസമുണ്ടോ? രണ്ടു ഫോണും ഒരേ ക്ലാരിറ്റി ആണോ? രണ്ടു ഫോണിൻ്റെയും ക്യാമറ ക്ലാരിറ്റി ഒരു പോലെ ആണോ? ഏതാണ് നല്ലത്?,Neutral
IPhone 11 ഉള്ളവർ 12 ലേക്ക് maranno അതിനെന്റ് ആവിശ്യം ഉണ്ടോ,Neutral
Speaker sound.... കേൾപ്പിക്...,Neutral
battery ബാക്കപ്പ് review ഇടണേ,Neutral
നിങ്ങൾ suppar,Not_relevant
5 വട്ടം ads close ചെയ്തിട്ടാണ് ഈ video play ആക്കിയത് !!! 😂😂,Not_relevant
ഇതുപോലത്തെ unboxing ഇവിടെയേ കാണാൻ പറ്റൂ 😂😂😂,Not_relevant
ദയവു ചെയ്തു നെഗറ്റീവ് അടിക്കാൻ വരല്ലി pls,Not_relevant
ഇച്ചിരി over ആയില്ലേ..🙂എക്സ്പ്രഷൻ.,Not_relevant
"<a href=""https://www.youtube.com/watch?v=rReLslECbho&amp;t=1m18s"">1:18</a> entammooo..... ആ expression with dance undallo🤣🤣",Not_relevant
"ഇത് പോലെത്തെ unboxing സ്വപ്നങ്ങളിൽ മാത്രം 😂😂 <a href=""http://www.youtube.com/results?search_query=%23callmeshazzamthings"">#callmeshazzamthings</a>⚡️",Not_relevant
ചിലപ്പോ രാവിലെ upload ചെയ്തത് ആവും ഉച്ചക്ക് ശേഷം ആയിരിക്കും complete aayindakuka 😁,Not_relevant
Leo Glimpse Of Antony Das കണ്ടോ bro Bgm🔥സൂപ്പർ 👌,Not_relevant
TWS നും മുൻപ് കണ്ടത് shaz brode തല ആണ് 👀,Not_relevant
"<a href=""https://www.youtube.com/watch?v=-YTe_h7rEik&amp;t=5m32s"">5:32</a> njan speedtest by ഊള enna vayichirunnath 😂",Not_relevant
"ഇത് വരെ തങ്ങളുടെ കണ്ട വീഡിയോ കളിൽ ഏറ്റവും decent professional അവതരണം എന്ന് എന്നിക്ക് വ്യക്തിപരമായി തോന്നി, അഭിനന്ദനങ്ങൾ - മറ്റുപലതിലും valipadi adigam palapoyum bore agunnu -)",Not_relevant
Prithviraj aano Motorolakk sound തന്നത്,Not_relevant
എന്തരായാലും താങ്കളെ കുറിച്ച് എനിക്കുള്ള impression കൊള്ളാം എന്ന് മാത്രമാണ്,Not_relevant
എല്ലാ മൊബൈൽ ഫോൺ കയ്യിൽ ഒതുങ്ങുന്നതാണ്..അല്ലാതെ കാലിനടിയിൽ വെച്ച് ഒതുങ്ങുന്നതല്ല. നാറി...,Not_relevant
വാര ഫലം കേട്ടിട്ടുണ്ടോ സൂര്യ tv.. രാവിലെ 7.30😂 അതെ ശബ്ദം 😂😂😂,Not_relevant
4K കണ്ട് surprised? ഇയാൾക്കു Moto ye പറ്റി ഒരു ചുക്കും അറിയില്ല.. 1 year munne edge 30 യിൽ front camera 4K ആണ്... ചുമ്മാ catalog നോക്കി features വായിക്കാതെ man.....Review ചെയ്യാൻ അറിയില്ലേൽ നിർത്തി പോ...,Not_relevant
Moto alla first phone erakiyat HTC ആണ്,Not_relevant
"shazaam bro, beinga a moto fan boy since 2020, njan എപ്പോളും moto phones reviews nokkarundaayirunnu.. but innu ആദ്യമായി( after moto event) moto phone review ചെയ്യുന്നത് കണ്ട്... Im so happy",Not_relevant
prithvi സംസാരിക്കുന്നത് പോലെ ഉണ്ടല്ലോ,Not_relevant
S21 Fe eduthappo camera okke thee aayirunnu. But after several updations aa thee ellaam kettu. Ippo cheruthayit zoom cheythaal polum focus illa..,Mixed Feelings
"Users ️ 4-5month ayyi use cheyannu base lovers recommended cheyilla bakki okke set vocal okke 🫠 song thalayude ulil padana feel ann enjoy listening sazhh bro happy to see u in iem,audiophile side",Mixed Feelings
"ഞാൻ യൂസർ ആണ്. Apple music ൽ lossless ൽ ആണ് കേൾക്കാറ്. ബേസ് പ്രതീക്ഷിക്കരുത്, ബേസ് ഫ്ലാറ്റ് ആണ്. So അത് മനസ്സിൽ വച്ചേ purchase ചെയാവു. Melody, vocals important ആയതൊക്കെ ആണ് നിങ്ങളുടെ taste എങ്കിൽ മാത്രം ഇത് recommended ആണ്",Mixed Feelings
Finally did it  2 months aayi daily use cheyyunnu with DDHiFi DAC  both are Collab version by HZ  DAC koode use cheyyukayanel nte mwone oru rakshem ullaaa ufff pinne 40% aane sweet spot!!! ath thanne heavy volume aanu wireless earbuds umaayi compare cheyyumbol NB:- Bass lovers aarum ee parisarathekk varandahhh!!! It's purely for raw music lovers,Mixed Feelings
കൂടെ ഒരു DAC വേണം എന്നാലേ പക്കാ performance കിട്ടുകയുള്ളൂ,Mixed Feelings
Njan X70Pro Plus aanu use cheyyane.. 3 years ayi. Oru photo eduthu vere oraale kanikkumbo avar kannum thalli pokunna portraits aanu vivo il kittane.. Ithu vare oru complaintum illa.. Updates oke upto date aanu.. Security patch update vare October 24 aanu..But  Line issue vannarnu..,Mixed Feelings
X100 user.Love this phone..And also suggestioj need some Ui changes,Mixed Feelings
bro kazhinna 5varsham aayitt nan upayokikkunnath huawei nova 7 aanu. google service illatha oru only one problem mathram . but still it is amazing in working,Mixed Feelings
Line issue illel one plus kidu aanu,Mixed Feelings
നല്ല built qwality ആണ് ഇവരുടെ product. നല്ല UI യും. Battery കുറച്ചു ശോകം ആണ്.(എന്റെ ഉപയോഗം കൊണ്ട് ആണോ ന്നു അറിയില്ല.. ന്നാലും battery കുറച്ചു മോശം ആണ്) Built qwality impressive ആണ്.,Mixed Feelings
എന്റെ കയ്യിലും samsung gear s3 മോഡൽ ഉണ്ട്. ഇതേ same മോഡൽ ആണ്. 3 year ആയിട്ടു യൂസ് ചെയുന്നു. ഖത്തറിൽ നിന്നും വാങ്ങിയത് below 14k ആയുള്ളൂ..ഇപ്പോൾ ആ മോഡൽ ഇറങ്ങുന്നില്ല. Wear os ആപ്പ് ഒകെ support ചെയ്യും. Samsung watch best design അതാണെന്നു എനിക്ക് തോന്നിയത്..,Positive
"realme 2 battery life കൂടുതൽ ഉണ്ട് 14 days,boat xtend 7 days,മറ്റുള്ള features രണ്ടു വാച്ച്ചുകളും same തന്നെ",Positive
ഈ മാസം Honor magic watch 2 വാങ്ങിയ ഞാൻ 😂..... But performance awsome aa 14 days batterybackup 🔥🔥🔥🔥🔥 spo2 okke perfect ❤️❤️🎈 strap boring Bakki ellam awsome ❤️,Positive
1+ 11r ഞാനും എടുത്തു കുഴപ്പമില്ല 🔥👍🏻,Positive
ഞാൻ വാങ്ങിയിട്ടുണ്ട് 🥰👍🏼പൊളിയാണ് 🔥🔥🔥spr,Positive
Xiaomi എങ്ങാനും software update കൊടുത്താൽ പിന്നെ പിന്നെ Xiaomi മതി,Positive
Guyz go for BeatXp Vega.. Poli സാധനം ✨️,Positive
Sticker ഊളയാണെങ്കിലും wach പൊളി തന്നെ 😂,Positive
"Ente device honor 10 lite aan..3400maH aan Battery..But average 6hr enkilum PUBG kalikam(low settingsil)..2 വര്‍ഷം aayi vangiyit..Ithuvare hangoo lagoo indayitila(except network issues). .Under ₹10000 6GB ramum kirin 710 processorum kitti..Ipo honor phones athre പച്ച pidichilankilum, .Enik ipo honor daivam pooleyan.",Positive
BATTERY കുഴപ്പം service center ൽ റിപ്പോർട്ട് ചെയ്യു നല്ല service ane ❤️,Positive
raise to wake ചെറിയ lag തോന്നി . . .അത് പോലെ memmory pathetic ആണ് ഒന്നിൽ കൂടുതൽ watch face add cheyyan വളരെ ബുദ്ധിമുട്ട് ആണ് 👎🏻👎🏻 .അങ്ങനെ ഒക്കെ നോക്കുമ്പോൾ Huawei fit ആണ് ഒന്ന് കൂടെ നല്ലത്. . 👍🏼👍🏼,Negative
റെഡ്മി സ്മാർട്ട്‌ ബാൻഡ് പ്രോ ആരും വാങ്ങരുത്..ഇതിന്റെ സ്ട്രാപ്പിന് എന്തെങ്കിലും damage വന്നു കഴിഞ്ഞാൽ പുതിയ സ്ട്രാപ്പ് ഓൺലൈൻ ആയോ ഓഫ്‌ലൈൻ ആയോ വാങ്ങാൻ കിട്ടില്ല. കുറെ അന്വേഷിച്ച് മടുത്തു.,Negative
<b>എല്ലാം ok ആണ് പക്ഷേ അടുത്ത series ഇറങ്ങുമ്പോൾ ഇതിൻ്റെ strap പോലും വാങ്ങാൻ കിട്ടില്ല 😐</b>,Negative
വാങ്ങിയിട്ട്4months ആയി ഇന്ന് വരെ EAR 1 box ഓപ്പൺ ചെയ്യുമ്പോൾ പുറത്ത് (ഡിസ്പ്ലേയിൽ) കണക്റ്റ് ആകുവാൻ കാണിക്കുന്നില്ല,Negative
ആലപ്പുഴ യിൽ ഒരു realme 6 pro പൊട്ടിത്തെറിച്ചു എന്ന് കേട്ടല്ലോ. ഫോൺ പോക്കറ്റിലിട്ട് ബൈക്ക് ഓടിച്ചു പോകുന്ന സമയത്താണ് സംഭവം.,Negative
pebble വാങ്ങിയാരുന്നു.. But ഒരു കൊല്ലം ആകുന്നതിനു മുന്പേ ഡെഡ് ആയി... 😏😏,Negative
Gps kittan സാധ്യത ഇല്ല,Negative
iPhone rear camera മഞ്ഞൾ മുങ്ങിയ പോലെ ഉണ്ട്😂😂😂😂,Negative
Pixel ഒക്കെ maximum 60k അതിൽ കൂടുതൽ കൊടുത്താൽ വളരെ നഷ്ടമാണ്,Negative
എന്ത് മൈരിനാണ് softaware update തള്ളി തരുന്നത്. 1 year warranty period കഴിയുമ്പോ software update ചെയ്ത് കഴിഞ്ഞ് പച്ച ലൈൻ വീണാൽ കമ്പനി മൈൻഡ് ചെയ്യൂല flatship Amo LED dsiplay ഒക്കെ ആണെങ്കിൽ 10k+ കല്ലാവും. പിന്നേ software updation ചെയ്യുമ്പോ ക്യാമറ ക്ലാരിറ്റി പോകും. Perfomance level down ആകും,Negative
US version നാട്ടിൽ കിട്ടുമോ ?,Neutral
Bro US version നാട്ടിൽ കിട്ടുമോ ?,Neutral
IPhone 12 or 12pro ഇതിൽ ഏത് വാങ്ങണം എന്നൊരു കൺഫ്യൂഷൻ,Neutral
I ഫോൺ 11 vs 12 ക്യാമറ റിവ്യൂ ചെയ്യോ 😊,Neutral
ബ്രോ എന്താണ് hdr,Neutral
ക്യാമ review വേണം bro,Neutral
Iphone 12 പ്രോയുടെ unboxing ഉണ്ടാവുമോ,Neutral
5g മില്ലീമീറ്റർ Wave വേണമെങ്കിൽ US version ആണോ എടുക്കേണ്ടത് ?,Neutral
Detail camara review ചെയ്യാമോ ?,Neutral
Gaming review ഇണ്ടോ,Neutral
രാജു അണ്ണന്റെ voice pole alla athu thanneey😂😂,Not_relevant
"അന്നു review ചെയ്യാൻ പറഞ്ഞപ്പോൾ എന്നെ തെറി വിളിച്ചു,...😂ഇപ്പൊ ദേ ഭയങ്കര സംഭവം ആക്കി റിവ്യൂ... കിട്ടാത്തത് കൊണ്ടാവും അല്ലേ",Not_relevant
@⚔പോരാളി⚔ ellarum school ano time kanditu niyum school vitta pole🤣,Not_relevant
"നീ ആദ്യം മനസ്സിലാക്കേണ്ടത് ഈ മൊബൈൽ ഫോൺ എന്ന് പറയുന്നത് game കളിക്കാനുള്ള ഒരു ഉപകരണമല്ല.പിന്നെ ഒരു കാര്യം കൂടി നിനക്ക് ഞാൻ പറഞ്ഞുതരാം moto,Lg,iPhone, Samsung ഈ brand ഫോണുകൾ game കളിക്കാനുള്ള ഫോൺ അല്ല..ഒരു additional features കൊടുത്തിരിക്കുന്നു എന്നേയുള്ളൂ. എന്തിനാണ് മൊബൈൽ ഫോണിൽ game add ചെയ്തിരിക്കുന്നു എന്ന് ആദ്യം മനസ്സിലാക്കണം..ഇതൊന്നും മനസ്സിലാക്കാതെ വായിൽ കോതക്ക് പട്ട് എന്നരീതിയിൽ ഒരുമാതിരി കണ കുണ എന്നുംപറഞ്ഞു വീഡിയോ ചെയ്യരുത്.",Not_relevant
എനിക്ക് ഏറ്റവും ഇഷ്ട്ടപ്പെട്ട ഒരു you tuber aanu താങ്കൾ... താങ്കളുടെ വീഡിയോ കണ്ടു എന്ത് സാധനവും കണ്ണും പൂട്ടി എടുക്കാം...❤❤❤Thanku sir❤️🔥🔥,Not_relevant
E sim postpaid connection ഇല്‍ മാത്രം ഉള്ളതാണ് തോന്നുന്നു....,Not_relevant
താങ്കളുടെ അവതരണം നന്നായിട്ടുണ്ട് പക്ഷെ ഫോണിന്റെ back side മുഴുവനായി ഈ വീഡിയോയിൽ ഒരുതവണപോലും കാണിക്കുന്നില്ല എന്നത് വളരെ disappointing 👎,Not_relevant
നിങ്ങൾ ആളുകളെ പറ്റിക്കുന്ന പരിപാടി നിർത്തി വല്ല പറമ്പ് കിളച്ചു ജീവിക്കാൻ നോക്ക്.വിയർത്തു പണിയെടുക്കണം.നിങ്ങളെ പോലെയുള്ളവരുടെ വിചാരം കുറച്ചു subscribum ലൈക്കും accontil കാശും വന്നു തുടങ്ങിയാൽ എല്ലാ തികഞ്ഞു എന്നാണ്..ഞങ്ങളെപ്പോലെയുള്ള പാവം viewers ഉള്ളത് കൊണ്ട് മാത്രം ജീവിച്ചു പോകുന്ന കുറേ വർഗങ്ങൾ .അറ്റ്ലീസ്റ്റ് ഞങ്ങൾ ഇടുന്ന കമന്റസിനു എങിലും ഒന്നു റിപ്ലേ കൊടുക്കാൻ പഠിക്കൂ.ഞങ്ങൾ ഇല്ലെങ്ങിൽ നിങ്ങൾ ഇല്ല .വെറും പുച്ഛം മാത്രം,Not_relevant
ചേട്ടന് correct excise officer ഉടെ oru look ഉണ്ട്,Not_relevant
Ethra video ayi ഇന്ന് 😂 pratheppettan polikkukayanallo 🤭❤,Not_relevant
bought iPhone 13. Set experience. Smoothness in switching b/w apps and it holds all the apps simultaneous. Only drawback battery and no split screen,Mixed Feelings
"Base variant: 128 GB, UFS 2.0, 60 Hz display. എല്ലാം കിട്ടാന്‍ 1 ലക്ഷം മുടക്കണം...",Mixed Feelings
iPhone 16 Pro is a ഗുഡ് Option Because Of Its 6.3Inch സൈസ് ..but I wish atleast it had a 4200 mah battery,Mixed Feelings
Nice but front camera pora but budget nokumbo ok an,Mixed Feelings
portability ennoru karyam mattiya mini thanne anu sooper.,Mixed Feelings
Design പോരാ but ബാക്കി ഒക്കെ പക്കാ,Mixed Feelings
Selfie camera il 4k 60fps il stability problem und bakhi performance okke top notch thanne,Mixed Feelings
Selfe camera poraa... Ennaan ente opinion baaki ellaam set,Mixed Feelings
"എനിയ്ക്ക് അത്ര ഇഷ്ടമായില്ല,കർവഡ് ഡിസ്പ്ലേ ആയിരുന്നു എങ്കിൽ നന്നായിരിരുന്നു",Mixed Feelings
"ഫോൺ  is perfect as well. But one thing, it is my honest opinion wireless charging not available in this ഫോൺ , may be iqoo 14..",Mixed Feelings
പക്ഷേ 8T ക്ക് ingne ഒരു battery drain issue illa.. 👍🏻,Positive
"bro ഞാൻ normal use ആണ് film ഒക്കെ kanarund music കേൾക്കാറുണ്ട് games ഒന്നും കളിക്കാറില്ല എപ്പോഴും social medias use ചെയ്യും heating issues ഒന്നും ഇതുവരെ ഇല്ല, പിന്നെ wireless charger use ചെയ്യുമ്പോ ചെറുതായി heat ആവുന്നുണ്ട് അല്ലാതെ no issues till the date 👍 Nice ആണ് phone ❤️",Positive
Moto Edge 40 2 മാസം ആയി use ചെയ്യുന്നു കൊള്ളാം ❤️❤️,Positive
മച്ചാനെ Samsung galaxy f54 30k rupeesinu poli camera kittum. 108 mp😁,Positive
Appp HTC oo ENOVATION കിംഗ് 👑👑👑,Positive
Normal Use ആണെങ്കിൽ battery ഒരു ദിവസം കിട്ടും. Speaker and display കിടു ആണ്. Heating എനിക്ക് ഇതുവരെ വലിയ പ്രശ്നം ഉണ്ടായിട്ടില്ല.,Positive
"Oneplus തരുന്ന ഒരു feel അത് വേറെ തന്നെ,",Positive
"Buds pro... കിടിലം സാനം with samsung devices...Audio, call quality കിടിലോസ്‌കി 🔥.അതിന്റെ എല്ലാം ഇക്കോസിസ്റ്റം. പൊളി ആണ്.. Samsung പൊളി. വാച്ചും, budsum, galaxy devisum പൊളി കോമ്പിനേഷൻ വേറെ level like Apple 👍🏻",Positive
"Buds pro use ചെയ്തു നോക്കി. സൂപ്പർ. വോയിസ്‌ ഡീറ്റെക്ഷൻ, anc ഒക്കെ പൊളി.",Positive
"ഹലോ😆 നമുക്ക് പഴയൊരു HTC EVO 3d റിവ്യൂ ചെയ്താലോ, അഡാർ സാധനം, പൊളിക്കും,",Positive
"ഒരു third party gcam- ൽ കിട്ടുന്ന portrait edge detection, ithreyum valiya tech bheeman maraya googlilinte pixelil kittunnilla enn parayunnath not acceptable.",Negative
Aa ombiya island വെച്ച് എങ്ങനെ cinema കാണും😂,Negative
Iphone colour grading bad aanu . Aa selfie video തന്നെ കാണാൻ ബോർ,Negative
ഞാൻ note series യൂസ് ചെയ്ത ആളായിരുന്നു. ബട്ട് ഇപ്പോ ഐഫോൺ 13 ആണ് യൂസ് ചെയ്യുന്നേ. But when it comes to picture mode I am not happy with Iphone. You are well said that.,Negative
ഈ കോണച്ച ബ്രാൻഡ് within 2 - 3 avumvbol dead അവും 😂😂😂 2 ലെച്ചം കൊടുത്ത് overheat avuna phone vanguna fenboys anu mikvarum ente ponu mandanmare android flagship has 8k video 😂 so which is better 4k or 8k?? Use brain😂,Negative
Oneplus weight distribution magic..5000 mah paranj..2000mah battery.ബാക്കി china പൗർബാങ്ക് പോലെ ഡമ്മി 😂😂😂😂😂😂 ആയിരിക്കും..,Negative
Samsung ആണെങ്കിൽ നെടു കൂടി ഹൈവേ 👏👏 super machiii😂,Negative
ഇത് ആവുമ്പോ ഡിസ്പ്ലയിൽ lines കൂടുതൽ ആയിരിക്കും 😂,Negative
Camera ശോകം ആണ്.. 1 1/2 ലക്ഷത്തിന്റെ phone വാങ്ങി ഈ camera aanel .. ശോകം അടിക്കും എന്തൊക്കെ thannalum!,Negative
2 days use ആയപ്പോ crease കുറച്ചൂടി തെളിഞ്ഞു വന്നല്ലോ,Negative
Best ഡിസ്‌പ്ലൈ... സാംസങ് M51 or ആപ്പിൾ 12 pro.. മറുപടി പ്രദീക്ഷിക്കുന്നു,Neutral
Google pixel 5 ചെയ്യാമോ?,Neutral
Bro ഒരു സംശയം... Us model iphone ഇൽ sub6 5g support ആകുമോ?അതിൽ mmwave and sub6 ഇത് 2ഉം ഉണ്ടോ?? Us ഇൽ നിന്ന് ഐഫോൺ വാങ്ങിയാൽ ഇന്ത്യയിൽ ഉപയോഗിക്കാൻ പറ്റുമോ?,Neutral
Bro I phone 12 അമേരിക്കയിൽ നിന്ന് പർച്ചേസ് ചെയ്താൽ ഇന്ത്യയിൽ ഉപയോഗിക്കാൻ കഴിയും മോ.....Please tell me....,Neutral
Bro gulf country യിൽ 12 pro ന് എന്ത് വില വരുന്നുണ്ട്?,Neutral
11 pro max എടുക്കുന്നതിൽ എന്താണ് അഭിപ്രായം,Neutral
dual sim 5G support വന്നോ ?,Neutral
Best ഡിസ്‌പ്ലൈ. M51 or ആപ്പിൾ 12.... ഡിസ്‌പ്ലൈ മാത്രം....,Neutral
Eathu model vare aanu അടുത്ത കൊല്ലം whatsapp discontinue ആവുന്നത്?,Neutral
2022ൽ ഇപ്പൊ വാങ്ങാൻ best ആണോ?,Neutral
10 തവണ iqoo neo 6 ad വന്നു.,Not_relevant
ബീഫും പൊറാട്ടയും നിത്യേന തിന്നാൻ കൈവില്ലാത്തൊരു ത്ത ന് .സാറെ ലോട്ടറി കിട്ടിയാൽ വാങ്ങാം അല്ലേ ☹️,Not_relevant
കയ്യിൽ 5 പൈസ ഇല്ല😒..എന്നാലും ഏതൊക്കെ കാണാൻ ഒരു രസം 😇,Not_relevant
Best Tech Channel in Kerala.Jayarag G Nath💥💥....നല്ല അടിപൊളിയും വറൈറ്റിയും ആയ entertaiment വീഡിയോസ് കാണണമെങ്കിൽ ഇവിടെ കയറി നോക്കു😍🥺,Not_relevant
ചേട്ടാ... ഈ video മറ്റു videosനെ അപേക്ഷിച്ച് ഒരു verity ഉണ്ട്... എനിക്ക് വളരെ ഇഷ്ടപ്പെട്ടു... ചേട്ടന്റെ presentation എനിക്ക് വളരെ ഇഷ്ടമാണ്..😍😘😘😘😘😘,Not_relevant
ജയരാജ്‌ ഏട്ടന്റെ കയ്യിൽ Apple ന്റെ ഒരു തൊട്ടം തന്നെ ഉണ്ടല്ലോ 🙄🤣,Not_relevant
എന്തായാലും jayaraj ഏട്ടൻ എല്ലാ ഫോണും ഉബയോഗിച്ചിട്ടുണ്ടാവും 😃,Not_relevant
1k അവത്തവർ വരൂ നമുക്ക് ഒരുമിച്ചു മുന്നേറാം 💯😌 പക്ഷേ അരും ആരെയും cheat ചെയ്യരുത്🚫🚫⛔,Not_relevant
Iphone 13 ൽ കാണുന്ന ഞാൻ 😅,Not_relevant
ഇത് techno സ്പർക്ഇൽ കാണുന്ന ഞാൻ 🤣⚡️⚡️,Not_relevant
പഴഞ്ചൻ ഡിസൈൻ ഒഴിവാക്കിയാൽ ബാക്കിയെല്ലാം കിടിലം.,Mixed Feelings
as a s23 user എനിക്ക് s23 ടെ wide videography ഇഷ്ടപ്പെട്ടിട്ടില്ല.. Comparing to iphone 15(only wide videography).. But ബാക്കിയൊക്കെ,Mixed Feelings
"bought s24, disappointed with camera.. zooming super, but fotos and videos oru rasamilla kaanan, especially from Gallery..",Mixed Feelings
"Ente realme x7 max 2021 edathaya ippazhum same camera performance poli - battery backup kurachu കുറഞ്ഞു,  മറ്റ്  പ്രോബ്ലം ഇല്ല പൊളി",Mixed Feelings
As a Realme X2 User.....Realme is underrated ee phone ippo aathmavil aa odunnee..... actually ippozhm ok aanu heavy games thagunnillannee ulluuu ......baki k set aaa.,Mixed Feelings
ഇത്രയും വിലയും വലിയ സെറ്റപ്പ് ഒക്കെയുണ്ട് വെള്ളത്തിനടിയിൽ ഫോട്ടോ എടുക്കാൻ പറ്റും ഇതൊക്കെ അടിപൊളിയാണ് പിന്നെ കിടിലൻ Snapdragon 8 elite എല്ലാം സൂപ്പർ പക്ഷേ camera അവിടെ എല്ലാം തീർന്നു front camera കൂടെ 4k ഉണ്ടായിരുന്നെങ്കിൽ  കണ്ണു കിട്ടാതെ ഇരിക്കാനായിരിക്കും,Mixed Feelings
"Been using RealMe GT 2 pro for past 1 year , last update shesham green line issue vannu. Ipo linum kond nadakkunu. December il display stock varmbo maty tharam enn paranjitund. Nokam. Otherwise I'm satisfied",Mixed Feelings
Display attra camera nokkumbol pora,Mixed Feelings
4 g enu parayunath matharam aruno oru down Njan karuthi sim lockoo angane enth enkilum catch arikum enu 6500 inu ithereyum kittuna thane valiya karyama aaa,Mixed Feelings
Poco. Battery ok annu.. Gaming ok.. But camera pora.. Njan poco m2 use chyunu 4 years ayii... Ippzhum oru prashnam ilaa..,Mixed Feelings
Redmi Note 12 pro നിങ്ങളുടെ റിവ്യൂ കണ്ടിട്ട് എടുത്തു 🔥🔥🔥🔥 👍👍👍👍👍👍,Positive
ഞാനും 4 വർഷം 10 മാസം ആയി red mi note 5 pro. ഒരു 100 തവണ നിലത്ത് വീണ് കാണും . display Pottiyilla . ഒരു കുഴപ്പവും ഇല്ല .,Positive
Bro യുടെ video കണ്ട് phone വാങ്ങി പൊളി iteam,Positive
Redmi note 5 pro. എന്റെ ഫോൺ U പോലെ ഒരു സാഹചര്യത്തിൽ വളഞ്ഞു പോയി. അതു കൈ കൊണ്ട് തിരിച് നേരെ ആകിയിട്ടും ഒരു കൊഴപ്പില്ലാതെ 3 കൊല്ലം use ചെയ്ത്. ഒരു scrarch പോലും സ്‌ക്രീനിൽ വന്നില്ല. അന്ന് മുതൽ redmi fan🔥. പിന്നെ note 8 pro വാങ്ങി. ഒരു hang പോലും ഇല്ല. ഇത്ര low budget നല്ല phone redmi തന്നെ 🔥. Next ഇത് വാങ്ങാൻ പോകുന്നു. ആകെ camera outdated ആകുന്നത് കൊണ്ട് next redmi ഞാൻ വാങ്ങാറുള്ളത്,Positive
ഇപ്പൊ വിശ്വസിക്കാൻ പറ്റുന്ന ഒരു ബജറ്റ് rangil ഫോൺ nothing phone 1 മാത്രമേ ഉള്ളൂ. My brother nothing phone 1 വാങ്ങി ഇതുവരെ software പരമായും മറ്റും ഒരു issue യും വന്നിട്ടില്ല,Positive
Redmi ഇത് സൂപ്പർ ആണോ എന്നറിയില്ല പക്ഷെ നാലര വർഷം ആയി REDMI NOTE 5 PRO 💥 ഇപ്പോഴും 🔥......12K കൊടുത്തു വാങ്ങിയത്....,Positive
Redni വേറെ leval a.ആണ്,Positive
ഈ വർഷം Budget Segment REDMI 12 PRO കൊണ്ടുപോകും 🔥🔥😁💞,Positive
അണ്ണന്റെ video കണ്ട് nirvana ion വാങ്ങി....ഇന്ന് വന്നു....അമ്പോ.പൊളി സാനം 💥💥,Positive
ഞാനും... ഈ ചങ്ങായി ടെ വീഡിയോ കണ്ടിട്ട് വാങ്ങിച്ചു.... Super 👌 1820 രൂപക്ക് കിട്ടി....,Positive
"Bro aa സോഫ്റ്റ്‌വെയര്‍ annu പ്രശ്നം അല്ലാണ്ട് display alla, samsunginu വരുന്നില്ലല്ലോ",Negative
poco കൊപണു ഞന്പെട്ടു അരുംവങരുതു,Negative
"Poco M3 പോക്കാ....... നശിച്ച phone,വാങ്ങി 6മാസം കഴിഞ്ഞില്ല Phoneനു കംപ്ലയിന്റ് 😵‍💫",Negative
Nte പൊന്നോ ആരും മെഡിക്കരുതി പണി തരും 100% 🙌🙌🙌😡😡😡 മൂഞ്ചിയ മൊബൈൽ ആണ്.... എനിക്ക് പണി കിട്ടി കൊണ്ട് ഇരിക്കിന് 😡😡😡,Negative
എന്റെ കൈയിൽ ഉണ്ട് poco m3.എന്നാലും അത്ര പോരാ.Poco പോക്ക മക്കളെ 😡😡😡😡,Negative
Njan ee phone ആണ് ഉപയോഗിക്കുന്നത് ഇതിൽ കാൾ റെക്കോർഡിങ് illa ippo heating anu,Negative
E phone nalladahno കുറെ പേർ പറയുന്നു ഒരു കൊല്ലം നല്ലോണം ഉബയോഗിക്കാൻ പറ്റുകയുള്ളു എന്ന്,Negative
6000 mah ഉണ്ടെങ്കിലും ബാക് up ഇല്ല,Negative
എൻ്റെ poco m3 ക്ക് display il white colour കാണിക്കുന്നത് അത്ര പോര വേറെ മൊബൈൽ അടുത്ത് വച്ച് നോക്കുമ്പോൾ നല്ല difference ഉണ്ട്...ചെറിയ ഒരു മങ്ങിയ white കളർ ആണ് ..,Negative
Phon ഇന്നു വന്നു പക്ഷേ ON ആകുന്നില്ല...,Negative
One plus 8t or iphone 11 ഏതാണ് bro best,Neutral
Iphone ഒർജിനലും കോപ്പിയും തമ്മിൽ തിരിച്ചറിയാൻ settingsil എന്തെങ്കിലും മാർഗ്ഗമുണ്ടോ,Neutral
"X or xr ഇതാണ് over all നല്ലത്.......? ( battery, camara, )",Neutral
അളിയാ.... പറ്റുമെങ്കിൽ samsung galaxy m31s Review ചെയ്യണെ,Neutral
ഒരു പഴയ Phone മതി ഒന്ന് തരോ,Neutral
ഞൻ കുറച്ചു നാൾ കൊണ്ട് ചോദിക്കുവാ എനിക്ക് ഒരു iphone തരോ എന്ന്,Neutral
Iphonil apple അല്ലാതെ മറ്റേതാങ്കിലും Bluetooth earphones use cheyyaan pattumo,Neutral
Bro iphon 11 charger ethra സപ്പോര്‍ട്ട് cheyyum,Neutral
11 ന് 20wt charging കേടാണോ,Neutral
iPhone Id ഉപയൊഗിച് mattoralk nammude vivarangal chorthan kazhiyumo?,Neutral
"അവതരണം നന്നായിട്ടുണ്ട്, പ്രഫഷണൽ ആയിട്ട് തോനുന്നു. 👍👍👍....ഞാൻ ഉപയോഗിക്കുന്നത് 12000രൂപയുടെ ഫോൺ ആണ്.അതുകൊണ്ട് തന്നെ എല്ലാം ഒരു കൗതുമായിട്ട് തോനുന്നു.",Not_relevant
വാങ്ങാൻ പൈസ ഇല്ലെങ്കിലും iphone വീഡിയോ കുത്തിയിരുന്ന് കാണും njan,Not_relevant
മോടിക്കാൻ പറ്റിയിലക്കിലും video കാണാൻ മാത്രമോ നമ്മുക്ക് പറ്റൂ,Not_relevant
Ad :ഇഷ്ടം ഇല്ലത്തവർ 😂,Not_relevant
ഇടക്കെ വന്ന JAYARAJ BROO പൊളിച്ചു 😍😍😍,Not_relevant
ജയരാജ് ഏട്ടൻ ഇപോഴും നല്ല product മാത്രം review ചെയ്യാത്തൊള്ളൂ 😊👏,Not_relevant
IQoo ന്റ് ad കണ്ട് വന്നവർ ഉണ്ടോ,Not_relevant
<b>Skip ചെയ്യാതെ വീഡിയോ മുഴുവനും കണ്ടവരുണ്ടോ❣️</b>,Not_relevant
ഏട്ടാ athil onnu giveaway aayi enichu theruo 😬😬😬,Not_relevant
Add വെറും വെറുപ്പിരാണല്ലോ?,Not_relevant
"I am 15 pro max user 1 year. Happy, പക്ഷെ battery gone down. 90% battery health and top of that new update draining battery",Mixed Feelings
Iphone 15 series adipoli anu...no lag...premium..but have ear speaker issues !! Crackling sounds !,Mixed Feelings
സാംസങ് S സീരിസ് കിടു.. S23ulta ️️ വലുപ്പം അല്പം കൂടുതലായി തോന്നിതുടങ്ങി,Mixed Feelings
ഒരൊറ്റ കുഴപ്പമേ ഉള്ളൂ യുഎഫ്എസ്.2.2 ബാക്കിയെല്ലാം കിടുവാണ്,Mixed Feelings
"Iq z9s pro 2 മാസം ആയി ഉപയോഗിക്കുന്നു. All rounder, അടിപൊളി ഫോൺ,  Worth for money , and gaming super ️‍.. Camera athra nallathalla , Lighting kuravanenkil photos valare shokam aanu, Front camera mosam aanu",Mixed Feelings
Chettan paranja pole ellam set anu . Selfi camara and selfi video not good bakki ellam set powereshhh️️️,Mixed Feelings
"I'm using IQOO Z9S PRO From Last 1 Month ഒന്നും പറയാനില്ല പൊളി സാധനം but Tempered glass UV aanu Rs 700+ aavum fix cheyyan. Gum itt ottikkanam pinne warranty kittilla.,",Mixed Feelings
"Njn use cheyyand , Camera athra nallathalla , Lighting kuravanenkil photos valare shokam aanu, Front camera mosam aanu, Tempered glass UV aanu Rs 700+ aavum fix cheyyan. Gum itt ottikkanam pinne warranty kittilla., battery life adipoli aanu average use vach 2 day kittunnund.",Mixed Feelings
നല്ല ഫോൺ ഞാൻ use ചെയ്യുന്നു.... Super👍..but Curved display thazhe veenal pani paalum. Athanu valiya ithile minus ennum parayam.,Mixed Feelings
Front camera ozhich baaki ellaam pakka satisfied,Mixed Feelings
Moto 5g 50 neo.. Njan upayogichittu 2 masamayi.. Nalla all rounder phone aanu .. Phone eduthapol 4300 MAH.. Battery athra neram nilkilla ennu thoni.. Pakshe charge nalla pole nilkunudu,Mixed Feelings
2 മാസം ആയി ഉപയോഗിക്കുന്നു. One of the best phone. Selfie camera is just okay but we can adjust,Mixed Feelings
Selfi camera pora. But portrait nallatha. Video stabilisation kollam.,Mixed Feelings
"Iam using vivo t3pro for 1 month 7 days, nalla battery backup, Good gaming  but not high graphics or powerful games",Mixed Feelings
ഹീറ്റ് ഉണ്ട് ഫോൺ ബാക്കി എല്ലാം ഓക്കേ,Mixed Feelings
"Best phone under 30k but Selfie Cam കൊള്ളില്ല, പിന്നെ WhatsApp-ൽ കോപ്പി ചെയ്യുന്നത് പുറത്ത് പോയി paste ചെയ്യാൻ പറ്റുന്നില്ല.",Mixed Feelings
3 button navigation use cheyyunna timeil chila samayath right side eath switch aano ullath ath work aakunnilla.. Pinne phone off aaki unlock cheythitt use cheyyubo work aakum.. 1 month aayi use cheyyunnu.. Bakki okke ok aanu,Mixed Feelings
"എടുത്തിട്ട് ഒരു മാസം കഴിഞ്ഞു, എല്ലാം അടിപൊളി സെൽഫി ഒഴിച്ച്",Mixed Feelings
"ഞാൻ എടുത്തിട്ടു 1 മാസം ആയി ക്യാമറ potratie moode കിടു ആണ് പക്ഷെ ഫ്രണ്ട് കാമറ വളരെശോകം ആണ് എന്റെ പഴയ realme xt ക്വാളിറ്റി പോലും തരുനില പിന്നെ ലൈറ് weight ആണ് ബാറ്ററി ബാക്കപ്പ് ഉണ്ട്, പക്ഷെ ഇടക് നെറ്റ്വർക്ക് ലഗിങ് ഉള്ളപോലെ തോന്നുണ്ട് പക്ഷെ അത് വൈഫൈ ടെ പ്രശ്നം ആണോ എന്ന് അറിയില്ല",Mixed Feelings
ഒരു ദിവസം ചത്തു കിടന്നു നോക്കിയാലും ബാറ്ററി തീരില്ല. Curved display is the main problem 😢,Mixed Feelings
Njan vivo t3 pro aan use aakunnath parayan vendi onnulla oru average lag und idak pinne bgmi pora normal use kuzhappamilla charge battery life kuzhappamilla,Mixed Feelings
എല്ലാം കൊള്ളാം പക്ഷെ software experience പോര കൊറേ bug ഉണ്ട്.,Mixed Feelings
Wife nu vangi koduthu. Nice display.. Good camera but Editing nu maduppanu... Compressing und..when uploading. 4k videos for editing.,Mixed Feelings
"ഞാൻ IQOO Z9S PRO യൂസർ ആണ്, Launch Date മുതൽ use ചെയ്യുന്നൂ! Overall ok ആണ്, ബാറ്ററി ലൈഫ് സൂപ്പർ, ക്യാമറ(Daylight, Portrait mode super), No lags in loading. Detailed ആയി പറഞ്ഞാൽ സെൽഫി ക്യാം ജസ്റ് Ok ആണ്, ലോ ലൈറ്റ് പൊട്ട്രെയിറ്റ് ഫോട്ടോ ഇച്ചിരി ലാഗ് ഉണ്ട്, picture focus issues ഉണ്ട്. Low ലൈറ്റ് ഫോട്ടോ എടുക്കണമെങ്കിൽ നൈറ്റ് വിഷൻ ഓപ്ഷൻ use ചെയ്യുക.",Mixed Feelings
Front camera mosham aan baki ellam kollam,Mixed Feelings
Bro 12999 indel cmf edukk kidilam performance camera updation shesham kidu ayikn iphone nte level l ethi.  eduth 1.5 year കഴിഞ്ഞപ്പോൾ board poyi..,Mixed Feelings
"കിടിലൻ ️️, chin bezel ഒന്ന് കൂടി ചെറുതാക്കിയിരുന്നെങ്കിൽ പൊളിച്ചേനെ.",Mixed Feelings
"കഴിഞ്ഞവർഷം 21 FE വാങ്ങി പണികിട്ടിയ ഞാൻ കയ്യിൽ ചൂടായ തേപ്പുപെട്ടി കൊണ്ട് നടക്കുന്നത് പോലെയാണ് നെറ്റ്‌വർക്ക് ഇഷ്യൂ ബാറ്ററി ഡ്രൈയിനിങ് ഇല്ലാത്ത complaint ഒന്നുമില്ല എക്സിനോസ് പ്രൊസസർ ഒരു ദുരന്തം തന്നെ , ഫീച്ചറുകൾ എല്ലാം അടിപൊളിയാണ് നല്ല ക്യാമറയും",Mixed Feelings
55k റേഞ്ചിൽ S24 FE കിട്ടുകയാണെങ്കിൽ its good value for money. നിലവിൽ ഈ ഫോണിൽ ഒരേയൊരു drawback fast charging ഇല്ല എന്നതാണ്.,Mixed Feelings
Audio quality താങ്കൾ പറഞ്ഞത് പോലെ തന്നെ അത്ര better ആയി തോന്നിയില്ല.. പിന്നെ ഈ price കൊടുക്കുമ്പോൾ 60Hz display and 128 gb storage  അതു കൂടെ ഒന്ന് മാറ്റിയിരുന്നേൽ i phone 16 നല്ല ഒരു update ആണെന്ന് പറയാമായിരുന്നു,Mixed Feelings
ഈ പ്രൈസ് റേഞ്ചില് ഇതിനു മുകളിൽ വേറെ ഇല്ലാ,Positive
signature മോഡിൽ ഇട്ടാൽ പൊളി ആണ്,Positive
I am purchased.....super......കിടിലൻ ......1week no ചാർജിംഗ് ....,Positive
ഇന്നലെ offline ആയിട്ട് ഒരെണ്ണം വാങ്ങിച്ചു. കിടിലൻ എന്ന് പറഞ്ഞാൽ ഒരു രക്ഷയും ഇല്ല. അത്രക്ക് ക്വാളിറ്റി ഒഇന്നെ bass.. experience ചെയ്യേണ്ട മുതലാണ് nirvana,Positive
Njan use cheyyunnath MIVI F60 ആണ് 2000 ബഡ്ജറ്റ് ഇല്ലാത്തവർക്ക് 1000 rs mivi എടുക്കുന്നതാണ് better 50+ hours backup കിട്ടും....നല്ല compact and light weight um ആണ്.. 1yr aayi still adipoli working 🤞,Positive
boat has a separate fan base🔥..9 മണി കഴിഞ്ഞു കാണുന്നവർ ഉണ്ടോ😻,Positive
ഇറങ്ങിയ സമയത്ത് 2000 ന് കിട്ടി..ബാറ്ററി ബാക്കപ്പ് കിടു..box ഒരല്പം bulky ആണ്..ANC ഇല്ലെങ്കിലും സംഭവം ok ആണ് 100% value for money,Positive
ഞാൻ വാങ്ങി 2000 only പിന്നെ കിടിലൻ സാധനം,Positive
"Nice choice bro 🎉 നല്ല ഒരു ലൈറ്റ് അതിന്റെ ഒരു ഡിഫ്യൂസർ കൂടി വാങ്ങു നല്ല ക്യാമറ , നല്ല ലെൻസ് , നല്ല ലൈറ്റ് .ഈ കോംബോ വർക്ക് ആകുമ്പോൾ ആണ് .നല്ല ഔട്ട്പുട്ട് ഉണ്ടാകുന്നത് ( തീർച്ചയായും കണ്ടന്റ് തന്നെയാണ് രാജാവ് ) Happy Birthday Bro 🥂",Positive
Boult ഇഷ്ട്ടം...🤍,Positive
Nord Buds 2 il കേൾക്കുന്നു 💟..2699/- ന് Offline ന് തന്നെ കിട്ടി...From Croma Store ✌🏻..ഇതിനു മുൻപ് Use ചെയ്തിരുന്നത് Galaxy Buds Live ആയിരുന്നു (ഓഫറിന് കിട്ടിയത്)...അത് വെച്ച് എന്തായാലും Compare ചെയ്യുന്നില്ല...പക്ഷേ 2699/- ന് Worth ആണെന്ന് തോന്നി ✨👌🏻,Positive
"BAND ന്ന് ഞാൻ കേൾക്കൽ തുടങ്ങിയത് mi band ഇറങ്ങിയത്തിന് ശേഷമാണ്.,.Band ന്ന് പറഞ്ഞാൽ ❤MI BAND❤ ആണ്...,.പറയാൻ തന്നെ ഒരു സുഗമുള്ളത് MI BAND ആണ്.., പിന്നെ BAND KING ❤MI BAND ❤",Positive
"ലേ xiaomi: ഈ വാച്ച് ഇനി ബെസ്റ്റ് ഡിസൈൻ ഉണ്ട്, colour,always on display, better battery backup, lot of sensors, user friendly,lot of watch faces, fitness tracker,............ Etc💔.Xiaomi fan ആയ ഞാൻ: കയ്യടിക്കെടാ🥰",Positive
Super ബ്രോ,Positive
Beat പറഞ്ഞത് ആണ് പൊളിച്ചത് 🔥🔥,Positive
കൊള്ളാം Poli sanam,Positive
One plus പോളി അല്ലെ 🔥🔥,Positive
"Aa bezels കൂടെ mininal ആയിരുന്നെങ്കിൽ ,പോളി",Positive
"CMF WATCH PRO .ഞാൻ വാങ്ങിയത് 3999 രൂപയ്ക്ക് അണ്. നല്ല രീതിയിൽ ചാർജ് നിൽക്കുന്നുണ്ട്, ഇതുവരെ charge ചെയ്യേണ്ടി വന്നില്ല (5days). ജിപിഎസ് ഉള്ള വേറെ വാച്ച് 5K താഴെ കിട്ടാൻ ഇല്ല. Watch face okke വേറെ ലെവൽ അണ്. AOD അടിപൊളിയാ. Look and feel okke super. .NEGATIVES.Contacts sync ചെയ്യാൻ സാധിക്കില്ല. 20contact manual ayit add ചെയ്യാൻ മാത്രം പറ്റും..GMail app notification enable cheyyan പറ്റുന്നില്ല..Updateil ready akkum ennu പ്രതീക്ഷിക്കുന്നു...Worth for 3999/-😊",Positive
Oppo air 3 pro വേറെ ലെവൽ 💥 ഐറ്റം under 5k,Positive
Pixal ഒരു രക്ഷയും ഇല്ലാതെ ഫോൺ ആണ് 💯 ഒന്നും പറയാനില്ല 👍🏻💯,Positive
എന്തായാലും മറ്റുള്ള അണ്ണന്മാരെ പോലെ lines ഒന്നും വരത്തില്ല 😂😂,Positive
Pixel ന്റെ nightsight ഒരേ പൊളി ആണ്,Positive
ഞാൻ ഇപ്പൊ യൂസ് ചെയ്യുന്നത് Redmi Note 8 Pro 8 GB 128 GB Varient . 5 വര്ഷം ആയി ഉപയോഗിക്കുന്നു ഇപ്പോഴും സീറോ ലാഗ് ..മേടിച്ച അന്നത്തെ പോലെ തന്നെ perfomance ഇപ്പഴും,Positive
പിക്ചൽ ആണ് രണ്ടു കേമറയിലും Good..,Positive
"Bro videos and Photos സൂപ്പർ ആണ്, ഐഫോണിനെ അപേക്ഷിച്ച് ,നിങ്ങൾക്ക് തെറ്റ് പറ്റി, ഞാൻ എൻ്റെ കണ്ണിനെ വിശ്വസിക്കുന്നു😊😊",Positive
ഡേയ് വീഡിയോയിൽ എന്ത് മാറ്റമാണെടെ ഉള്ളത് എനിക്ക് pixel ആണ് കിടു ആയി തോന്നിയത്,Positive
ബ്രോ ഇതിലെ എനിക്ക് തോന്നിയത് പിക്സൽ ക്യാമറ കുറച്ചുകൂടി നന്നായിട്ട് തോന്നി ഐഫോൺ ക്യാമറ കമ്പയർ ചെയ്തു .. നോക്കുമ്പോൾ ബാക്ക് ക്യാമറ വീഡിയോ നന്നായി തോന്നിയത് പിക്സൽ അതുപോലെതന്നെ നെറ്റ്‌വർക്ക് പ്രശ്ന സുഹൃത്തുക്കളിൽ പിക്സൽ ഫോണുകൾ ഉള്ള അവരോട് ചോദിച്ചപ്പോൾ ആർക്കും നെറ്റ്‌വർക്ക് പ്രശ്നം ഇതുവരെ പറഞ്ഞിട്ടില്ല,Positive
ഭാവിയിൽ pixel ആണ് കിങ്. ഐ ഫോൺ ലെവൽ നേരത്തെ നിന്നത് huwai ആരുന്നേൽ. ഇപ്പൊ സ്വന്തം os സ്വന്തം പ്രോസസ്സർ ആയി pixel മിന്നികേറും,Positive
It’s a very ഡീസന്റ് ഫോൺ  👌,Positive
മച്ചാനെ m3 ക്യാമറ അഞ്ച് പൈസക്കില്ല ഞാന്‍ ഇപ്പൊ വൈഫിന് മേടിച്ചു,Negative
ബ്രോ ഇപ്പോൾ സോഫ്റ്റ്‌വെയർ പ്രോബ്ലം തുടങ്ങി ട്ട കംപ്ലൈന്റ് ചെയ്തിട്ടുണ്ട് 😢,Negative
ഞാൻ പുതിയ ഫോൺ Vagichittu കുറച് ആയുള്ളൂ പെട്ടന്ന് heat ആവുന്നു.....😔😔😔,Negative
Riboot new എന്നാൽ എന്താണ് ഞാൻ POCO എം3 mui അപ്‌ഡേറ്റ് ചെയ്തപ്പോൾ riboott new വന്നു ഓക്കേ കൊടുത്തപ്പോൾ ഫോൺ ഓഫായി 20മിനിറ്റായിട്ടും തുറക്കുന്നില്ല,Negative
എടുക്കരുത് phone പോരാ.. ഞാൻ എടുത്തു 6-128 ഹാങ്ങ്‌ ഉണ്ട്. Charge 6000 mah inte അത്രയും കിട്ടണില്ല,Negative
Camera ശരിയല്ല 48 എന്ന് വെറുതെ പറഞ്ഞ് പറ്റിക്കുന്നത്,Negative
ഈ ഫോൺ സൗണ്ട് play ചെയ്യുമ്പോൾ ക്യാമറയുടെ താഴെ നന്നായി vibrate ചെയ്യുന്നുണ്ട്....Just an irritation....ആർക്കെങ്കിലും same experience ഉണ്ടോ?,Negative
Bro ഊമ്പി phone ആണ് bro 🙏,Negative
ഞാൻ flipkart ൽ നിന്ന് poco m3 എടുത്തു.. Battery back up കിട്ടുന്നില്ല.. ഞാൻ complaint ഒന്ന് register ചെയ്യാൻ ഒരുപാടു കഷ്ടപ്പെട്ടു. Last technician visit ഉണ്ടായി. ഒരു ഭലവും ഉണ്ടായില്ല..Disappointed aahn.,Negative
പക്ഷെ processor പോകാ,Negative
E ഫോണിൽ വാട്ട്സ്ആപ്പിൽ നിന്നും ഗലരിയോ കോണ്ടാക്ട് ലോകേഷണോ rekordingo കമറയോ ഓപ്പണവുന്നില്ല ബിസിനസ്സ് വാട്ട്സ്ആപ്പ് ഉഭയോകിക്കുക്ക്യനെങ്കിൽ അതിൽ കിട്ടും സാധ വാട്ട്സ്ആപ്പിൽ കിട്ടുന്നില്ല ടിക്ടോക് ഓപണവുന്നില്ല സൗദി സിമ്മ ന് ഉഭയോകിക്കുന്നത്,Negative
ഇതിൽ hedset കിട്ടില്ല😲,Negative
Call recording ഇല്ലാത്ത ഊള സാധനം,Negative
Desingn eanik ഇഷ്ട്ട പെട്ടില്ല,Negative
ഇവനന്മാർ ആ notch മാറ്റിയില്ലേ 😐😐,Negative
പുതിയ updatil എന്തെങ്കിലും കുഴപ്പം ഉണ്ടോ എനിക്ക് battery backup problem und,Negative
ഒറ്റ updateill അടിച്ചുപോയ എന്ൻ്റെ Mi A3 😇😇😇,Negative
വാങ്ങിക്കരുത് Dolby Atmos ഒന്നും കിട്ടില്ല പ്രഹസനം മാത്രമാണ്,Negative
Zebronics നു ക്വാളിറ്റി കുറവാണ്..,Negative
"Potta സാധനം ആണ് zebronic soundbar എനിക്ക് രണ്ടു മാസത്തിനുള്ളിൽ 3times service വേണ്ടി വന്നു,,",Negative
Duplicate saathanam....verum ചാത്തന്‍,Negative
1000w ഒക്കെ വെറും തള്ളാണ്,Negative
ടോപ് കത്തി മാസ്റ്റർ .........നല്ല .പൊരിച്ച ഉണ്ട .....സാദനം,Negative
ബ്രോ സെബ്രോണിക്സിൽ വോളിയം 100 ഇല്ലാട്ടോ... 40 ഒള്ളു അതിൽ 35നു മുകളിൽ വച്ചാലാണ് ചെറിയ രീതിയിൽ ക്ലാരിറ്റി പോകുന്നത്...,Negative
"ബാക്കി എല്ലാം തട്ടിപ്പാണ്. ചൈനക്കാർ പണ്ട് പത്താഴം പോലുള്ള ഓഡിയോ set ഇറക്കിയിരുന്നു. അതിൽ എമർജൻസി light മുതൽ radio, ടേപ്പ് റെക്കോർഡർ, night lamp, music light എല്ലാം ഉണ്ട്‌ സൗണ്ട് ലോകം കിടുകുന്ന sound. പക്ഷെ sound ക്വാളിറ്റി very bad.അതുപോലെയാണ് ഈ item എല്ലാം.",Negative
Service kitunnillaa കംപ്ലയിന്റ് വന്നാൽ മിനിമം 7000 രൂപ ചിലവാണ് സ്പെയർ പാർട്സുംകൾ അവൈലബിൾ allaa,Negative
Only in looks. Product has no comparison with JBL in terms of quality output. കൊറേ ഒച്ച കൂടുതൽ കൊടുത്താൽ ആൾക്കാരെ പറ്റിക്കാം എന്ന ഇവരുടെ വിചാരം. This is why I have high criticism for some cinema halls in Kerala which raises voice volume High without any mercy and completely ruins the whole surround effect. The average listener don&#39,Negative
"എൻ്റെ പൊന്ന് ചേട്ടായി, ദയവുചെയ്ത് സിബ്രോണിക്സ് എടുക്കല്ലെ...പാട്ടുകൾ നല്ല എഫക്റ്റിൽ കേൾക്കണമെന്ന് ആഗ്രഹം ഉണ്ടെങ്കിൽ ജേബിയെല്ലോ സോണിയാ അല്ലെങ്കിൽ ഓഡിയോ ടെക്നിക്കയോ എടുക്കു..",Negative
ചെറിയ ആ രണ്ട് speakerill 75 watt sound baril 225 watt വിശ്വസിച്ചു ee parayunna watt kittumonnu thonnunilla azhichu nokkiyal 20 watt kanum athil kooduthalonnum pratheekshikanda,Negative
മൈക്കിന് കുഴപ്പമല്ല അത് ചില സബൂഫർ ന് ബാസ് അമിതമായി കൊടുത്താൽ സബൂഫർ താങ്ങില്ല അതാണ് ഇതിനും സംഭവിച്ചത്,Negative
ഇതിൽ night mode ഉണ്ടോ ?,Neutral
I phone xs ആണോ 11ആണോ നല്ലത് camera നോക്കുമ്പോൾ prize ഏതിനാണ്കൂടുതൽ rply തരണേ,Neutral
ഞാൻ ചോദിച്ചതിന് മറുപടി പറ bro.iphone xs oled display quality കിട്ടുന്നത് പോലെ iphone 11 ഡിസ്പ്ലേയ്ക്ക് കിട്ടുന്നുണ്ടോ?,Neutral
Bro automatic battery percentage 15 % 10% ഉപയോഗിക്കാതെ പോകുന്നുണ്ടോ bro,Neutral
Bro 11 display ശോകം ആണോ? Video നോക്കുമ്പോഴും photo നോക്കുമ്പോഴും ഒക്കെ?,Neutral
Bro 11 pro 11 നേക്കാളും കൊള്ളാമോ?,Neutral
Ok thanks ഇവിടെ 128 ജിബി ക്ക് നാട്ടിലെ 61000 വരും,Neutral
Iphone xs 256 gb ഇപ്പോൾ 71 K വിലയിൽ Amazon ൽ ലഭിക്കുന്നുണ്ട്... ഇതു വാങ്ങുന്നതിൽ bro യുടെ അഭിപ്രായം plz....,Neutral
Bro iPhone 11 മേടിക്കണോ അതോ 12 wait ചെയ്യണോ,Neutral
11 ആണോ atho not 10 plus ആണോ നല്ലത്,Neutral
iPhone SE 2020 അതിന്റെ ഒരു വീഡിയോ ചെയ്യുമോ,Neutral
8 plus ആണോ ഇതാണോ better,Neutral
Oneplus 7t യു മായി compair ചെയ്യൂ plss,Neutral
കൺഫ്യൂഷൻ 13 നോർമൽ അല്ലെ മറ്റേതു പ്രൊ അല്ലെ ബ്രോ ഐഫോൺ 13 നിൽ സിനിമറ്റിക് മോഡ് എഡിറ്റിങ് സിസ്റ്റത്തിലെ പറ്റുമോ ❓️അതിന്റ റെസ്‌ട്രിക്‌ട്ടിൻഷൻ കുറിച് ഒരു വിഡിയോ ചെയ്യു,Neutral
"Bro, ഇത് ഏതാ colour plz reply",Neutral
അങ്ങനെ ആണെങ്കിൽ അമേരിക്കയിൽ ഉള്ള നമ്മുടെ പരിചയക്കാരോട് വരുമ്പോൾ ഒരു ഫോൺ വാങ്ങി വരാൻ പറഞ്ഞ് കൂടെ ?.വിലയും വളരെ കുറഞ്ഞ് കിട്ടും ?😍.Sujestion Plese ....,Neutral
"ബ്രോ , iphone 13 ന്റെ ചാർജിങ് സിസ്റ്റം ഒക്കെ എങ്ങനെ ആണ് . ഒന്ന് വിശദീകരിച്ചു പറയാമോ ..?",Neutral
13 ന്റെ വിലയിൽ അല്ലെങ്കിൽ അതിനും കുറഞ്ഞ വിലയിൽ good condition 11 pro max കിട്ടുവാണേൽ ഏതായിരിക്കും better option?....plz reply brooi🤔,Neutral
ഇപ്പൊൾ samsung s20 fe 5g എടുത്താൽ എങ്ങനെ ഉണ്ടാകും .&#39,Neutral
13 mini ബാറ്ററി ലൈഫ് അടിപൊളി ആയില്ലേ ബ്രോ അതിന്റെ വീഡിയോ പറ്റുവാണെങ്കിൽ ചെയ്യൂ ബാറ്ററി comparison ഒക്കെ വെച്ച്,Neutral
Katta waiting. Pinne. ഇതിൽ ഉണ്ടൊ സിനിമാറ്റിക്. Video,Neutral
Pro models reviews കൂടി ചെയ്യോ ചേട്ടാ?,Neutral
ബാറ്ററി എത്ര MAH ആണ്,Neutral
Full support ഇതിൻറെ detailed review ഇടുമോ.❤️❤️❤️❤️,Neutral
iphone xs edukamo ഇപ്പൊ,Neutral
broo എന്റെ ഇക്കാടെ xs കൊണ്ട് പുഴയിൽ കുളിക്കാൻ പോയി video എടുത്തു .അതിനു ശേഷം ഇക്കാടെ fc id വർക്ക് ആവുന്നില്ല അതിപ്പൊ എന്താ ചെയ്യാ,Neutral
10x max എങ്ങനുണ്ട് bro,Neutral
ഏതെങ്കിലും ഐഫോണിൽ 5g support ഉണ്ടോ....,Neutral
iPhone XS max or iPhone 11 ഏതാണ് കൂടുതൽ better ?,Neutral
"Bro,iphone X or XR.നിങ്ങൾ ഏത് choose ചെയ്യും ?",Neutral
ഞാൻ ഫോണുകളെ പറ്റി പഠനം നടത്തുന്നത് bro ടെ videos കണ്ടിട്ടാണ് bcoz എല്ലാം ഒന്നിനൊന്നു മികച്ചതാണ് താങ്കളുടെ വീഡിയോകൾ 💞💞💞,Not_relevant
Redmi note 9 pro ....... 128 gb. 64 mb camera 6 gb ram ഇത്‌ ഞാൻ ഓർഡർ ചെയ്തു saudi arabia,Not_relevant
@sekhar അതാണ് എറണാകുളം കേരളത്തിലും കേരളം ഇന്ത്യയിലും ആണ് ബ്രോ. I love ♥️ my India. Jaihind,Not_relevant
"ഒരു unit തന്നതിന് ഇത്രക്ക് കൂറ് പുലർത്തുമെന്ന് പ്രതീക്ഷിച്ചില്ല. വളരെ കുറഞ്ഞ വില 🤣🥴🤭. ഇതിനേക്കാൾ മികച്ച രീതിയിൽ shazz, sarath, perfect tech ഒക്കെ റിവ്യൂ ഇടും",Not_relevant
"എടൊ ഗോപാല കൃഷ്ണ,,,,, samsung A53 5g phone നല്ല ഫോൺ ആണെന്നും പറഞ്ഞു ഒരു വീഡിയോ ഇട്ടു,, പിന്നെ ഒരു വീഡിയോയിൽ പറയുന്നു നിങ്ങൾ വാങ്ങാൻ പാടില്ലാത്ത ഫോൺ ആണ് A53 5g,, ഏത് വിശ്വസിക്കണം,, ഇനി അടുത്ത വീഡിയോയു മായി വരുമോ A73 5g വാങ്ങാൻ പാടില്ലാത്ത ഫോൺ ആണെന്നും പറഞ്ഞ്,, ഏതെങ്കിലും ഒന്നിൽ ഒറച്ചു നിൽക്കടെ,,,",Not_relevant
Super അവതരണം,Not_relevant
Hi താങ്കളുടെ അവതരണം വളരെ ഇഷ്ടപെടുന്നുണ്ട് ഒരു ഫോണിന്റെ റിവ്യൂ അത് ലളിതമായി അവതരിപ്പിച്ചു 🙏👍🏻👍🏻👍🏻🌹🌹🌹,Not_relevant
എവിടെയോ ഒരു Naptol വീഡിയോ കാണുന്ന feel. ..Looks artificial/sponsored..Just my opinion..May be because you didn&#40,Not_relevant
ഒരുപാട് കാത്തിരുന്ന ഒരു vedeio ആയിരുന്നു 🥰,Not_relevant
കാത്തിരിക്കായിരുന്നു ഈ Review….കുറെ തവണ തിരഞ്ഞു ഈ റിവ്യൂ…..താങ്ക്സ് പ്രതാപേട്ടാ…,Not_relevant
Shazzam bro മാത്രം ആണ് correct പറയുന്നത് 💯👍,Not_relevant
Yes.. 💯......Friends എൻ്റെ channel ൽ giveaway ഉണ്ട് എല്ലാവരും പങ്കെടുക്കുക,Not_relevant
Bro നിങ്ങൾ പൊളി ആണ് ❤️❤️,Not_relevant
സത പറയട്ടേ ചേട്ടന്റ video ഒരു രക്ഷയും ഇല്ല പൊളി മലയാളത്തിൽ ആരും ഇത്ര വ്യക്തമായി പറഞ്ഞ് തരില്ല👍,Not_relevant
Video അല്പം duration കൂടിയാലും എല്ലാ detailsslum പറയുന്നുണ്ട്..എനിക്കിഷ്ടായി .Subscribe ചെയ്യുന്നു.ഗോപാലൻ.,Not_relevant
"ബ്രോ,,👍👍നല്ല അവതരണം ആണ്,, good one👍👍",Not_relevant
അവതരണ സിമ്മം 👌👌. Subscribe ചെയ്ത ഏക മലയാളം ചാനൽ,Not_relevant
യാത്രകൾ ഇഷ്ട്ടപെടുന്നവർ എന്റെ ചാനൽ ഒന്നു സന്ദർശിച്ചു. ഇഷ്ട്ടപെട്ടെങ്കിൽ subscribe ചെയൂ 😀,Not_relevant
Hiwa... കാത്തിരുന്ന video. ഇച്ചായൊ. ഇങ്ങൾ. മുത്താണ്...😍😍😍😍😘😘😘😘😘,Not_relevant
പഴയ വീഡിയോ അത്ര ഇൻട്രസ്റ്റ് ഇല്ല പുതിയ വീട് കാണാൻ ഒരു വീഡിയോ തന്നെ കുറെ content,Not_relevant
Njan ഈ വീഡിയോ പ്രേതിഷിച്ചു ഞാനും എടുക്കാൻ പ്ലാൻ ഇടുവാ 😁❤️,Not_relevant
ഇങ്ങനെ ഒരു comparison വിഡിയോ ചെയ്യാൻ മുൻപ് ഞാൻ comment ഇട്ടിരുന്നു അത് കണ്ടിട്ടാണോ manushya നിങ്ങൾ വിഡിയോ ചെയ്തത് 🤔ആണെങ്കിൽ onnu പറഞ്ഞൂടെ 😍full support👍🏻👍🏻👍🏻,Not_relevant
Chetta poli റിവ്യൂ 🔥,Not_relevant
പ്രതാപേട്ട പേട്ടൻ brandine താങ്ങി സംസാരിക്കുന്നത് കുറച്ചു കൂടുന്നുണ്ട് ഇനി താങ്ങിയ unsubscribe ചെയ്യും 😁,Not_relevant
"ശരത് ന്റെ vdo കാണാൻ interest ആണ്, simple and humble ❤️",Not_relevant
"ഈ.... വീഡിയോ കണ്ടുകൊണ്ടിരിക്കുന്ന നിങ്ങളുടെ ഈ മൊബൈൽ ഫോണിന് 📱📱പറ്റിയ ഒരു അടിപൊളി.കവർ വേണ്ടേ.. ....ട്രെൻഡിങ് കവർകളുടെ മോഡൽസ് അറിയാൻ ഇവിടെ കമോൺ..,🔥💪👍",Not_relevant
70K മുതൽ താങ്കളെ Subscribe ചെയ്യുന്നുണ്ട് ഇത് വരെ Disappointed Aayitilla👍👍👍👍❤,Not_relevant
Ringtoone 😂😂😂. കേട്ടാൽ വല്ല വൈറസ് കേറിയ പോലെ 😂😂😂😂,Not_relevant
"ഇതിലും മികച്ച ഒരു ഫോൺ unboxing intro, അത് സ്വപ്നങ്ങളിൽ കൂടി ഇല്ല എന്നതാണ് സത്യം😼🔥",Not_relevant
എന്നെ പോലുള്ള ചെറിയ youtubersine സപ്പോർട്ട് ചെയ്യാൻ ആരുമില്ല.. 😌😔💔💔💔😍,Not_relevant
ക്വാളിറ്റിൽ ഒരു വിട്ടുവീഴ്ചയും ചെയ്യാത്ത മോഡൽസ് ആയിരുന്നു realme ഇറക്കാറ്.realme x 7 max 3 കൊല്ലം ആയി ഉപയോഗിക്കുന്നത് കൊണ്ടും. അനിയന് realme narzo 70 turbo suggest ചെയ്തു ദേ വാങ്ങി രണ്ടാമത്തെ ദിവസം ഗ്രീൻ സ്ക്രീൻ വാല്യൂ ഫോർ moneyum qualityum തരുന്ന ബ്രണ്ടായിരുന്നു ഇപോൾ എന്തു പറ്റിയോ ആവോ,Mixed Feelings
കൊള്ളാം പക്ഷെ എന്തോ കുറച്ചു പോരായിമ ഉള്ളത് പോലെ,Mixed Feelings
പവർഫുൾ chipset കുത്തികേറ്റി തട്ടി മുട്ടി ഒരെണ്ണം അങ്ങ് ഇറക്കി.,Mixed Feelings
phone ok but primium look illa atanu preshnm,Mixed Feelings
ക്യാമറ ആവറേജ് ആണ് അപ്ഡേറ്റ് കിട്ടിയാൽ ഇമ്പ്രൂവ് ആവും ഞാൻ ഇത് യൂസ് ചെയുന്നുണ്ട് ഓവർ ഓൾ കൊള്ളാം നൈസ് ആണ് സെൽഫി പോരാ കൊറേ ഇമ്പ്രൂവ് അവനുണ്ട്,Mixed Feelings
Lava nalla powerful chipset odu koodi ithiri price koodiyath irakkirunnenki polichene..for gamers( oru valiya audience)...SD 800+ or Dimensity 9000+ ...pinne ithireem koodi better camera venam..,Mixed Feelings
ɴᴊᴀɴ ᴇᴅᴜᴛʜʜᴜ ᴠᴇʀᴀ ᴋᴜᴢʜᴀᴘᴘᴀᴍ ᴇʟʟᴀ sᴇᴛ ᴜᴘ sᴄᴇɴᴇ ɪɴ ᴠʟᴏɢɢɪɴɢ  ᴀʙsᴏʟᴜᴛᴇʟʏ ᴄᴀᴍᴇʀᴀ ᴅɪsᴘʟᴀʏ,Mixed Feelings
"storage കൂടുതൽ ഒന്നും ഇല്ല. System storage കുറഞ്ഞെങ്കിലും , അതിനു അടിയിൽ ഉള്ള other storage ഇരട്ടിയിൽ കൂടുതൽ ആയിട്ടുണ്ട്.",Mixed Feelings
"Am using Huawei mate 10 lite since 2018.Amazing durability. Decent battery, even with Android 8,its awesome. No lags, no heating. But am forced to switch because of outdated Android. Hoping to find equal or better quality phone.",Mixed Feelings
യുസ് അക്കുന്നെ s24 അൾട്രാ ആണ്...s25 അൾട്രാ വരുന്നത് ഒരു മാനസിക വിഷമം ഒക്കെ ഉണ്ടായിരുന്നു...പക്ഷെ ഡിസൈൻ കണ്ടപ്പോ അത് പോയി കിട്ടി എനിക്ക് കോർണർ റൗണ്ട് ഉള്ളത് ഇഷ്ടം അല്ല,Mixed Feelings
Corner curved aayathu ok... Side frame flat aakiyathu tholvi aayi poyi... Athaarunny sugham,Mixed Feelings
S23 Fe no heating.   Super camera .   Phone adipoli Aan Aarum game kalikkan vendi vangaruth. Exynos Aan gypset ۔athyavashyam kuyappamillandvkalikkan okke patrum,Mixed Feelings
Using S21FE for last 2 years. Excellent experience. Best display and haptic feedback. One UI . Decent and natural feeling camera. Low light selfies are not great.,Mixed Feelings
S23fe Otherthan battery the phone is perfect And Still BGMI is on 60fps,Mixed Feelings
S23fe good but battery 😢,Mixed Feelings
"Ive been using S23 ultra for past 1.5 years. Still top notch in every aspects. Zero lag, zero battery issue, superior best performance. Only issue I felt is its size to my hands",Mixed Feelings
എൻ്റെ കയ്യിൽ 15 w ൻ്റെ സാംസങ്ങ് original ചാർജർ ആണ് എനിക്ക് അത് കുഴപ്പമില്ലാതെ തോന്നി അത്യാവശ്യം സ്പീഡ് ഉണ്ട്. പക്ഷേ ഡാറ്റാ കേബിൾ ഓപ്പോ വൂക്ക് ചാർജറിൻ്റെ ആണ്,Mixed Feelings
s24 ultra poli look aanu but kurachu neram use cheyyumbol nalla vedhana und...pinne camera is better than 15 pro max but grains varunnund photos il,Mixed Feelings
ഞാൻ ഈ ഫോൺ എടുത്തിട്ട് ഇതുവരെ ഒരു കുഴപ്പവും ഉണ്ടായിരുന്നില്ല എന്നാൽ ഇപ്പൊ കുറച്ചു ദിവസം ആയിട്ട് എൻ്റെ ഫോണിൻ്റെ ബാക്ക് ബോഡി പൊളിഞ്ഞു പോരുന്നു,Mixed Feelings
"2 month aayi use aakkunnu, screen protector use aakkunnond finger print scanner slow aan, battery backup il cheriyoru korav thonnunnund, otherwise 🔥",Mixed Feelings
4 months ആയി മേടിച്ചിട്ട്. ബാറ്ററി പെർഫോമൻസ് കുറച്ചു കുറഞ്ഞതായി ഫീൽ ചെയ്യുന്നുണ്ട്. പിന്നെ സ്ക്രീൻ guard യൂസ് ചെയ്യുന്നത് കൊണ്ട് ഫിംഗർ പ്രിന്റ് സ്കാന്നർ ഭയങ്കര സ്ലോ ആണ്..ബാക്കി പെർഫോമൻസ് പൊളി ആണ്..,Mixed Feelings
"പുല്ല്, weight കാരണം call ചെയ്യുമ്പോൾ ഒക്കെ കൈ swap ചെയ്യേണ്ടി വരുന്നുണ്ട്. S24U showroom റിൽ ചെന്നു എടുത്തുനോക്കിയപ്പോൾ it's light weight when compared to Vivo. 5400mAh battery, 1"" sensor + floating telephoto ഒക്കെ ഉള്ളതുകൊണ്ടാണ് ഇത്രയും weight വരുന്നത് കൂടാതെ വലിയ camera ആയതുകൊണ്ട്, weight balance നടക്കില്ല. That's why it's heavy But ബാക്കി എല്ലാം except software + updates VIVO better ആയിട്ടാണ് എനിക്ക് തോന്നിയത് ❤",Mixed Feelings
നാല് മാസം ആയി ഉപയോഗിക്കുന്നു എല്ലാം കൊണ്ടും ഒന്നൊന്നര മൊതൽ 🔥 ❤️ .. ️Battery backup kuravanu and heating issue um undd,Mixed Feelings
Front cam low light conditions valare mosham aan. Iq 12 ithilum better ann. Bakki software side s24 is the best,Mixed Feelings
WhatsApp um instagram um phone call um maathram use cheyyunna njn ippozhum nthinu ee phone vaangeenn manasilaavunnilla. anyway its nice. Sometimes the video clarity is not upto the mark. The screen auto brightness in some lightinh conditions it's struggle to auto bright.,Mixed Feelings
corners എനിക്ക് ഇഷ്ടപ്പെട്ടു than curve idk the unique look makes s series outstanding even though maybe hurts in palms,Mixed Feelings
Njn recently S24 ultra vangichu from UAE. Everything is good except the screen is little bit grainy under dark room under low brightness(especially dark gray background). Vere arkelum similar issues undo?....checked with the models in Samsung and sharaf dg showroom too...they too have this issue...,Mixed Feelings
എനിക്ക് ബാറ്ററി drain ആവുണ്ട് എന്ന് തോന്നുന്നു ആഫ്റ്റർ 6.1 അപ്ഡേഷൻ nu ശേഷം ഐ യൂസ്ഡ് 45w charger അതുകൊണ്ട് എനിക്ക് ചാർജിങ് വലിയ prshNamതോന്നുന്നില്ല,Mixed Feelings
Gaming പ്രാധാന്യം ഇല്ലാത്ത ബാക്കി alround performance ഒക്കെ മികച്ച oru phone,Mixed Feelings
S24 Ultra is a Good ഫോൺ. But.. almost every smartphone become Tablet size. So.. Samsung S24 Ultra Tablet,Mixed Feelings
android ലേക്ക് മാറിയ ശേഷം ചാർജിന്റെ കാര്യത്തിൽ ഒരു ആശ്വാസം ഉണ്ട് 😂😂,Positive
എന്തൊക്കെ കഴിഞ്ഞാലും s23 ultra. 😁,Positive
എല്ലാവരും പറയുന്നു ബാറ്ററി ബാകപ്പ് ഇല്ലെന്ന് എന്റെ 14 pro ആണ് ഫുൾ ടൈം ഹെവി യൂസർ ആണ് എനിക്ക് ഒരു ദിവസം ഫുൾ ഡേ ചാർജ് നിക്കുന്നുണ്ട് അത് പോലെ തന്നെ എല്ലാവരും പറയുന്നു സ്ലോ ചാർജിങ് ആണെന്ന് എനിക്ക് എന്താന്ന് അറിഞ്ഞൂടാ മാക്സിമം പോയാൽ 30 മിനുട്ട് ചാർജ് ഫുൾ ആവുന്നുണ്ട്,Positive
എടാ shazzame നീ എന്തിനാ s23അൾട്രാ ചുരുക്കം മാറ്റമേ ഉള്ളു എന്ന് പറഞ്ഞു കളി ആക്കിയേ ആണ് ചുരുക്കം മാറ്റം കാരണം ഐഫോൺ നേക്കാൾ ചാർജു നിക്കുന്ന കിടിലൻ ക്യാമറ ഫോൺ ആണ്,Positive
ഞാൻ ഇപ്പോൾ എടുത്തത് വൺ പ്ലസിന്റെ ഫോൾഡ് ഫോൺ ആണ് നല്ല ഫോൺ ആണ്.സാംസങ്ങിനെക്കാൾ ബെറ്റർ,Positive
"I am a OnePlus user 11 ആണ് ഇപ്പൊ use ചെയ്യുന്നത് , for me onepluse കൊടുക്കുന്ന ക്യാഷ് ന് മുതലാണ്, heating issue illa , super speed.",Positive
oraimo tws വാങ്ങി. pwoli സാനം,Positive
Poco m3 അടിപൊളി ഫോൺ,Positive
നല്ല ഫോൺ ആണ്.. ഞാൻ വാങ്ങിയിട്ട് 10 mnth ആയി...,Positive
ഒന്നും പറയാനില്ല.. നല്ല ഫോൺ aanu👍🏻,Positive
Poco M3 വാങ്ങി polli phone,Positive
bro ഇതിൽ Goggle Assistand ഉണ്ടല്ലോ ❤️😅😅goggle ചേച്ചി Uyir 😅,Positive
mi a1 എടുത്തോ സുപ്പെര് ക്യാമറ,Positive
poco m2 ഈസ്‌ good,Positive
നീ വാകുന്നുടക്കില്ല ഇത് വാങ്ങണം ഇത് ഞാൻ 6 month ആയി ഉപയോഗിക്കുന്നു ഒരു കുഴപ്പവും ഇല്ല,Positive
Njan ee video kandu വാങി.അസ്സല്ല phoneaa,Positive
Same phone ആണ് കയ്യിൽ .Yellow colour .. നല്ല പെർഫോർമൻസ് . ചാർജിൽ കാര്യം പറയണ്ട പൊളിയാ ..ഞാൻ recommend ചെയ്യുന്നു ഈ phone.,Positive
Ee video kandu inn phone വാങ്ങി 👌nalla review,Positive
പക്ഷെ പോക m3 നല്ല ബെസ്റ്റ് ഫോൺ aanu,Positive
"ചേട്ടാ ഫോൺ കൈയിൽ കിട്ടി ട്ട...അടിപൊളി ഫോൺ,100% ബഡ്ജറ്റ് ഫ്രണ്ട്‌ലി + പവർപാക്കറ്റ്....ചേട്ടന്റെ വിഡിയോ കണ്ടിട്ടാണ് ഫോൺ അവസാനം എടുത്തത് ✌..എല്ലാ വീഡിയോസ് കാണാറുണ്ട്.അവതരണം സൂപ്പർ ആണ് 👍",Positive
Poco M3yil (yellow) വീഡിയോ കാണുന്ന ഞാൻ. ഫോൺ കിടു ആണ്,Positive
Poco എന്നും ഹീറോ തന്നെ ആണല്ലോ...,Positive
ചോട്ട ഞാൻ പുതിയ mobile മെടച്ചു Po co m3 പൊളി mobile super,Positive
എന്റെ ഫോൺ Poco F1...3 വർഷായി ഉപയോഗിക്കുന്നു... ഒരു പ്രോബ്ലം ഇല്ല...,Positive
Yellow പൊളി സാനം,Positive
Ente phonil 0% vechaalum അത്യാവശ്യം bright kittum,Positive
അടിപൊളി ഫോൺ . പക്ഷേ പറഞ്ഞിട്ട് എന്ത് കാര്യം കയ്യിൽ പൈസ വേണ്ടെ.Mmm.... ആഗ്രഹിചിരിക്കാം .ഒരു ഫോൺ ഉണ്ടായിരിനെങ്കിൽ .mmm,Positive
പോക m3 superr,Positive
🌹👍 poco m2 ഞാനെടുത്തു നല്ല ഫോണാണ് ഇപ്പോൾ m3 ഇറങ്ങി good,Positive
Poco M3 Super എനിക്ക് ഇഷ്ട്ടപ്പെട്ടു,Positive
ഇത് വെറും ചവർ company ആണേ,Negative
തേങ്ങ പത്തരച്ചാലും താളല്ലേ കറി...Zeberonic 😆,Negative
Refresh rate 60 ആണ്.കണ്ണിനു അത്ര നല്ലതല്ല,Negative
"Samsung m,s, series ഭയങ്കര കംപ്ലയിന്റ് ആണ് മെയിൻ ആയി മദർബോർഡ് ഇഷ്യൂ ഒരു വർഷം കഴിഞ്ഞപാടെ ₹9500 മദർബോർഡിന്റെ വില",Negative
കറക്റ്റ് ഒരു വർഷം കഴിഞ്ഞ് മദർബോർഡ് പോകും,Negative
സാംസങ്ങ് ഫോൺ കണ്ടമാനം ഹീറ്റ് ആകുന്നു F41 ഫോൺനെറ്റ് ഓൺ ചെയ്താൽ യൂറ്റൂബ് കണ്ടാൽ ഭയങ്കരമായി ചൂടാകും,Negative
Camera പോരാ,Negative
A 70 വാങ്ങി ചതിയിൽപെട്ട ആളാണൂ ഞാൻ വാങ്ങി യട്ടൂ 6 മാസം ആയിട്ടില്ല ഇപ്പോൾ മൊബിയിലിൽ ചാർജ് കയറൂന്നില്ല എന്താണൂ ചെയ്യണ്ടതെ,Negative
7000 അല്ല 70000 mah battery ഉണ്ടെങ്കിലും ഒരു ദിവസത്തിൽ കൂടുതൽ ബാറ്ററി നില്ക്കില്ല,Negative
Jayeta എന്റെ ഫോണില്‍ all ways on display work ചെയ്യുന്നില്ല,Negative
നിങ്ങളുടെ ഒക്കെ dialogue അടി കേട്ട് 6GB RAM Variant എടുത്തു. Net continues use ചെയ്യുമ്പോൾ ബല്ലാണ്ട് heating ആകുന്നുണ്ട്. ചുരുക്കിപ്പറഞ്ഞാൽ ഞാൻ പെട്ടു.,Negative
ജയരാജേട്ടാ m 51 ബാറ്ററി ഒരു ദിവസം പോലും നോർമൽ യൂസ് ചെയ്താൽ പോലും നിൽക്കില്ല.. ഈ വീഡിയോ കണ്ടു ഞാൻ വാങ്ങി പണി കിട്ടി നിൽക്കുവാ.. ബാക്കി ഒക്കെ ഒക്കെ ആണ് ഇതിന്റെ 7000mah നു പകരം ഒന്നര ദിവസം കൂടുതൽ നിൽക്കും most അദർ 4500/5000 mah ബാറ്ററി വിവോ റിയൽ മി mi ഫോണിന്റെ.. s amoled ആണ് ബട്ട്‌ saturation പ്രോബ്ലെം ond ഇൻ സ്ക്രീൻ.. red/യെല്ലോ ഫീലിംഗ്.. ഫേസ് unlock സ്ലോ ആൻഡ് sometimes not വർക്കിംഗ്‌.. i m ആ റെഗുലർ viewer of your വീഡിയോസ് ബട്ട്‌ this i got very dissappointed.,Negative
SAR Value 1.381 കുറച്ച് കൂടുതൽ അല്ലെ,Negative
7000 mAh ബാറ്ററി സപ്പോർട്ടിന് 25000 കൊടുക്കേണ്ട ആവശ്യം ഇല്ല. ആ വിലക്കുള്ള രൂപക്കുള്ള കാര്യമായ ഒന്നും തന്നെ ഇതിൽ ഇല്ല. Samsung ഫോണിൻറെ exclusive App ആയ Samsung Pay പോയിട്ട് അവരുടെ Mini Pay കൂടി തന്നിട്ടില്ല. മറ്റു മോഡലുകളിൽ നിന്നും 25000 കൂടുതൽ performance കിട്ടുന്നില്ല.,Negative
Stereo വേണ്ടിയിരുന്നു..കേസ് കൂടി ഇട്ടാൽ കാൽ കിലോയുടെ മേലെ ആകുമോ ആവോ,Negative
A/M മാറ്റി ആളെ പറ്റിക്കാൻ വേണ്ടി samsung വീണ്ടും വന്നിരിക്കുന്നു 7000 mh.. നല്ല ഹീറ്റ് ഉണ്ടാവും,Negative
5g ഇപ്പൊത്തന്നെ വരില്ലേ... പിന്നെ എന്നതിനാ 4g മൊബൈൽ,Negative
Lcd display phone ഇനി എന്ത് പറഞ്ഞിട്ടും കാര്യമില്ല,Negative
5G ആവണമായിരുന്നു,Negative
Samsung users ഫേസ് ചെയൂന്ന ഒരു മെയിൻ issue ആണ് after 1 year now samsung cameras are very poor quality..,Negative
തള്ളി മറക്കലെ ഭീകര ഫോൺ പോലും .Same price.Nord - SD 765+ &amp,Negative
ഇത് എന്ത് കോപ്പി നാ പറ്റാ 5G എറങ്ങിയപ്പം ഈ കോപ്പായിട്ട് വന്നേക്കാണ് .ആളെമെനക്കെടുത്താൻ ഒരേ അച്ചിൽ 50 ബ്രാൻ്റ അടിക്കും എന്നിട്ട് കുറെ ഇംഗ്ലളീഷ് അക്ഷരം ഇടും കോപ്പൻമാർ,Negative
Ir blast ഇല്ല... 😶,Negative
അങ്ങനെ M സീരീസും വില കൂട്ടി തുടങ്ങി,Negative
Earphone ഇല്ലാത്തത് മോശമായി പോയി,Negative
ഇത് 4g ആണ്... അത് ഒരു വലിയ പോരായ്മ തന്നെയാണ് 😔,Negative
M51 ന് 5g ഇല്ലല്ലോ 👎,Negative
ഷോകം exynos processor,Negative
"Friends ഈ മൊബൈൽ unboxing review വീഡിയോ ഒന്നും കണ്ട് ഫോൺ മേടിക്കല്ലേ. ഞാൻ ഒരു samsung m21 മേടിച്ചു local സാധനം. Review കണ്ടപ്പോ 6000 mah, വേറെയും features. കുറവ് rate. ഇപ്പൊ 2 month ആയി ഒടുക്കത്തെ heating, 6000 mah പേരിനുമാത്രം. ഒരു 4000 mah പെർഫോമൻസ് ഉള്ളു. Service centre പറയുന്നത് ഇത് common ആണ്. Chineese phone എടുക്കേണ്ട എന്നുവെച്ചു മേടിച്ചതാ. ഒരു കാര്യവും ഇല്ല. എന്റെ 2 ഫ്രണ്ട്സും ഇതേ ഫോൺ എടുത്തർന്നു. അവർക്കും ശോകം ആണ് അവസ്ഥ. ഈ ഫോൺ reviewers ഒക്കെ unboxing സമയത്തെ excitement കൊണ്ട് നല്ല അഭിപ്രായമേ പറയു. Online മേടിച്ചാൽ മൊബൈൽസ് return ചെയ്യാൻ പണിയാണ്. Amazon return ചെയ്യാൻ india post വഴി ചെയണം. India post ഇപ്പൊ delivery ലാഗ്ഗ് ആണ്. Customersine ചതിക്കുയാണ് ഈ companies ചെയുന്നത്.",Negative
"M31s ഒരു ദിവസമേ charge നില്കുന്നുള്ളു, എന്താ ചെയ്യുക",Negative
Iphone xs ആണോ one plus 8 pro ആണോ ഏതാണ് best,Neutral
XS vs 11 comparison video വേണം bro... please 😭😭😭😭😭,Neutral
<b>ഇത് apple store vanggan കിട്ടില്ലേ. ഇല്ലേ ഇതിന്റെ manufacture നിർത്തിയോ.new കിട്ടുമോ offlineൽ. please reply</b> ☺️☺️,Neutral
I PHONE Xs ippo discontinue ചെയ്താലോ അപ്പോ enghaneya ഇത് onlinl പുതിയത് കിട്ടുമോ,Neutral
ഞാൻ 10 r എടുക്കാൻ നിക്കുവാ ബ്രോ... ഡിസ്പ്ലേ എന്തെങ്കിലും കുഴപ്പം ഉണ്ടാവുമോ...,Neutral
Xs ഇപ്പോൾ ഇറങ്ങുന്നുണ്ടോ.....,Neutral
Enk puthiya iphone vaangan plan ellam kondum se2 7plus 8plus ivayil mikacha oru option ഏതാണ് ബെറ്റർ ആയിട്ടുള്ള ഒരു മോഡൽ പറയു,Neutral
2022 eduthal oru 3year vare update കിട്ടോ?,Neutral
iphone 7 2022ൽ edkaavo?,Neutral
32 gb യിൽ system storage kazhinj bakki ethra ndavum,Neutral
Broi ഐഫോൺ se 2020 ആണോ സെക്കന്റ്‌ ഐഫോൺ x ആണോ നല്ലത്,Neutral
മുന്നേ ഇറങ്ങിയ ഐഫോൺ 6 or 7 നെ അപേക്സിച്ചു ഐഫോൺ 7+ ബാറ്ററി backep നല്ലോണം ഉണ്ടന്ന് കേട്ട് ഉപയോഗിച്ചുവർ പറയോ 👍👍,Neutral
Bro iphone 7 plus or xr ഏതാണ് better,Neutral
Pubg ഒരു കളിക്ക് എത്ര ചാർജ് പോകും..?,Neutral
ഞൻ ഒരു 7plus fresh എടുക്കാൻ നിൽക്കുവാന് but ഇപ്പോ 1yer warranty ഒള്ളു എന്ന് പറയുന്നു adhenda copy ആവുന്നോണ്ടാണോ,Neutral
IPhone 7 Plus Underwater Photographykk പറ്റുമോ??? Underwater shots clear ആയിട്ട് കിട്ടണ०. ഇത് പറ്റിലെങ്കിൽ വേറെ ഏത് phone ആണ് ഈ Price Rangeൽ ആ Purposeന് പറ്റുന്നത്??? GoPro വേണ്ട. I need only a Phone. Underwater Photographykk മാത്രമായി ഒരു Phone.,Neutral
I phone 7 plus vs i phone 6s plus ആണോ ബെറ്റർ please reply,Neutral
iPhone 7 and 8 ഏകദേശം ഒരുപോലെ അല്ലെ ?,Neutral
8plus 2020 ൽ എടുക്കാമോ,Neutral
Xr-ൽ 3d touch ille ????,Neutral
ഇതിന്റെ seconont മിനിമം എത്രയാണ് 128 gb black,Neutral
Bro yde വീഡിയോ കണ്ടതിനു ശേഷം iphone 11 128 എടുക്കാൻ പ്ലാൻ ഉണ്ട്...... but online purchase (uae) ചെയ്യുമ്പോൾ എന്തെങ്കിലും warranty issue ഉണ്ടണ്ടാകുമോ അതോ ഷോപ്പിൽ നിന്നെടുക്കുന്നതാണോ better...... plz rply,Neutral
bro iphone xr ഇൽ potrite ഉണ്ടോ,Neutral
Online class ന് പറ്റിയ ഫോണാണോ?,Neutral
LED ഡിസ്പ്ലേ അയൽ പൊളിച്ചെന്നെ,Neutral
Redmi8 infinix hot pro ithil eathan nallath nalla camera quality ullath ഏതാ plz റിപ്ലൈ,Neutral
A 71 review ചെയ്യാമോ,Neutral
iphone se plus വരുന്നുണ്ടോ,Neutral
"Dear I phone SE 2 userse pls reply,.ഇപ്പോൾ ഓഫറിൽ 128 30k വരുന്നുള്ളു .എടുക്കാൻ ആഗ്രഹം ഉണ്ട് , battery ശോകമാണെന്ന് പരക്കെ പറഞ്ഞു കേൾക്കുന്നത്. Whats your opinion",Neutral
7+ ആണോ ബെറ്റർ S E ആണോ ബെറ്റർ,Neutral
"No രണ്ട് ദിവസം മുമ്പ് വേറെ രണ്ട് മലയാളം chanenlil unboxing review വന്നിരുന്നു,, എന്നാലും ഇതും മുഴുവൻ കണ്ടു ❤️",Not_relevant
Intro ഇജ്ജാതി ഊക്ക്🤣.ശരത് അണ്ണന്റെ പ്രതികാരം💥😂,Not_relevant
കൊറേ വീഡിയോയിൽ unbox തപ്പി പ്പോയി അവസാനം മ്പളെ ശരത് മച്ചാന്റെ വീഡിയോയിൽ unbox കണ്ടു തൃപ്പിതിയായി 😂❤⚡️,Not_relevant
എന്റെ പൊന്നോ അഹ് intro🔥 കൊല്ലാതെ കൊന്നു 😎,Not_relevant
ആ intro seen❤️❤️🤣🤣🤣🤣🤣🤣🤣🤣🤣🤣🤣🤣🤣🤣🤣,Not_relevant
First time മച്ചാൻ്റെ വീഡിയോ കാണുന്നത് പൊളി ഐറ്റം🔥🔥,Not_relevant
Intro കണ്ടപ്പോ nostu അടിച്ചു പോയി😅🤭🤭😅 .ഉത്സവ സ്ഥലത്ത് കിട്ടുന്ന ധൂം പ ചാലെ..ധൂം പ ചാലേ...ഫോൺ ഓർമ വന്നു😂,Not_relevant
Bro 🔥🔥 ആണല്ലോ,Not_relevant
Indro അടിപൊളി super wow അല്ല ഒരു രസവും ഇല്ല over over,Not_relevant
ചേട്ടൻ്റെ contact number. ഒന്നു തരുമോ,Not_relevant
"ഈ.... വീഡിയോ കണ്ടുകൊണ്ടിരിക്കുന്ന നിങ്ങളുടെ ഈ മൊബൈൽ ഫോണിന് 📱📱പറ്റിയ ഒരു അടിപൊളി.കവർ വേണ്ടേ.. ....ട്രെൻഡിങ് കവർകളുടെ മോഡൽസ് അറിയാൻ ഇവിടെ കമോൺ..,🔥💪👍",Not_relevant
Jayaraj ചേട്ടന്റെ റിവ്യൂസ്.കിടിലന്‍,Not_relevant
ഈ ഒരു വീഡിയോ കൊണ്ട് redmi k50i യെ വെറുത്തവർ ഉണ്ടോ .എന്തൊരു add ആണ് എനിക് 4 വട്ടം വന്നു,Not_relevant
Redmi k50 i ന്റെ add 7 പ്രാവിശ്യം വന്നു 😇😶,Not_relevant
😂🔥🔥🔥🔥🔥 njn 5+ തവണ kandu,Not_relevant
ചേട്ടൻ്റെ intro കാത്തിരിരുന്ന്,Not_relevant
ജയരാജേട്ടാ intro annyayam 😂🔥,Not_relevant
വീഡിയോ മുഴുവനായും കാണുമ്പോഴേക്കും Mi K 50i യുടെ ad 6 തവണ വന്നു. അതും skip option ഇല്ലാതെ 😃,Not_relevant
Intro വെറൈറ്റി👍,Not_relevant
Intro ചുമ്മാ പൊളി😍😍,Not_relevant
Hlo ജയരാജ്ചേട്ടാ പിന്നെ നിങ്ങൾ എടുക്കുന്ന ഫോട്ടോസ് bit aaki ഗൂഗിൾ drive aaki ഡിസ്ക്രിപ്ഷൻ ബോക്സിൽ ഇട്ടൂടെ,Not_relevant
ഇനി Shazam koode review ഇട്ടാൽ കോളം പൂർത്തിയാവും😁,Not_relevant
Intro💝😂 ഇത്രയും വിശദമായ റിവ്യൂ 👍🏻🌹💙,Not_relevant
Unboxing section ഇത്രേം cuts vendayrunnu. അതിന്റെ ഒരു ഇത് പോയി,Not_relevant
എന്നെ പോലുള്ള ചെറിയ youtubersine സപ്പോർട്ട് ചെയ്യാൻ ആരുമില്ല.. 😌😔💔💔💔😍😭,Not_relevant
ഇങ്ങള് ഒരു വല്ലാത്ത പഹയൻ തന്നെ മൻസ്യ..... Intro പൊളിച്ചു 🔥🔥🔥,Not_relevant
Nothing phone 1 ന്റെ പല ഇൻട്രോയും കണ്ടു🙄 പക്ഷെ ഇത് ഒരു ഒന്നൊന്നര ഇൻട്രോ... 👌പൊളി ജയരാജേട്ടാ....👌 ആ കിട്ടി എന്ന് പറഞ്ഞു ഒരു acting.. 😂😂പൊളിച്ചു 🥰,Not_relevant
വീഡിയോയുടെ length ഒന്ന് കുറക്കാമായിരുന്നു....,Not_relevant
ഇൻട്രോ കിടുക്കി.ഇഷ്ടപ്പെട്ടു❤️🔥,Not_relevant
"ബാക്കി എല്ലാ channelil ലും phone ന്റെ കാര്യം മാത്രം കണ്ടു..എവിടെ accessories അടക്കം..😃😊 charger, case ഇപ്പോഴാ ഒരു videoil കാണുന്നെ",Not_relevant
"Used Pixel 4a, Pixel 6a and now using Pixel 8. Once a pixel user, then going back to other phone is difficult. Heating and minor network issue is there. Rest good",Mixed Feelings
ചാർജിഗ് ബാറ്ററി മേഖലകൾ രണ്ടും ഒഴിച്ച് വെച്ചാൽ പിക്സൽ അടിപൊളി ആണ്. പിക്സൽ 7 യൂസർ,Mixed Feelings
Pixel 6  ❤  hand feed pack pakka . Cam super an heating issue mathre negative ullu,Mixed Feelings
Using pixel 6 for the last 2 years. Very good experience. Okay with this phone. Good user experience. Pakshe phone will be a little hot if we use high end performance in outside the temperature,Mixed Feelings
First battery backup kittilla.. pinne kurachu weeks kazhiyumbo.. athyavasyam nalla backup undu... Pinne upadation varumbol onnude adipoly akum.. Pixel 6a .. using 2 years..,Mixed Feelings
"Replaced my Pixel 3a with Pixel 8 during Bbd sale, got it for around 32k , ഗ്രേറ്റ് ഫോൺ ,  loved everything except the weight . No network issues or overheating so far",Mixed Feelings
"Bro njan pixel 8 edthu 20k exchange offeril Suberb phoon aan haptic feedback,camera,inhand feel 10/10 aan battery 5g offakiyaal one day kittum on aanenkil 2 times charge cheyyanam display 🥵  superb. phone i really love it .don't take it if your a heavy gamer bcoz efootball kalikumbo 60fps high resolution kalikaam butt 40 ⁰ c vare povum Fingerprint center aaahn smooth aahn pinne 25k under kittukaayanenkil edtho best phone aahn. Ente previous device s21 fe aayrunnu so charger entel ndayrnnu allel 1.5k charger nu venam .",Mixed Feelings
എൻ്റെ കയ്യിൽ pixel 4a ആണ് ഞാൻ ഇപ്പോഴും ഉപയോഗിക്കുന്നത്.4 കൊല്ലമായി ഇപ്പഴും എൻ്റെ കയ്യിൽ.കുറെ സമയം ഉപയോഗിച്ചാൽ ഫോൺ ചൂടാവും അത് മാത്രമേ എനിക് ഇതുവരെ ഒരു പ്രശ്നമായി തോന്നുന്നുള്ളൂ.വേറെ ഒരു പ്രശ്നവും ഇതുവരെ വന്നിട്ടില്ലാ...,Mixed Feelings
Pixel 7 user. heating allathe vere issue onnumilla cam nice aahn,Mixed Feelings
Pixel is Very good device Pakshe heating  😢 Performance king🎉,Mixed Feelings
"8 ആണ് എൻ്റെ കയ്യിൽ.design,haptic,ai,softwear,display ഒക്കെ ഇഷ്ടപ്പെടൂ.പക്ഷേ ക്യാമറ photos over sharpness,over processed pole ആണ്.ഒരു മാതിരി എക്സ്ട്രാ കറുപ്പ്, Sketch പോലെ എല്ലാ അതിക ഫോട്ടോസിലും വരുന്നു.",Mixed Feelings
ഞാൻ pixel 9 pro XL എടുത്തു... പ്രോ XL ബാറ്ററി കിടു ആണ്.. ഞാൻ നല്ലത് പോലെ ഫോൺ ഉപയോഗിക്കുന്ന ആൾ ആയിട്ട് കൂടെ ഒരു ഫുൾ ഡേ ബാക്ക് up കിട്ടും.. പിന്നെ ചാർജിങ് ഫാസ്റ് ആണ്.. but ചെറിയ സൗണ്ട് ക്ലീരിറ്റി കുറവ് ഉള്ളത് പോലെ തോന്നി..,Mixed Feelings
My favorite brand was OnePlus and with my first salary I bought OnePlus 7t . It was such an gem. Performance camera display❤  i used it for 4 years . But now I am scared to bought a one plus device.hope they will solve this problems. Still a OnePlus fan boy😊,Mixed Feelings
one plus 5 year use cheyyunnu Battery back up kuravann Bakhi ellam good,Mixed Feelings
"One plus Nord 2 3 years aayi upayogikunnu. Ella software updations um cheythu. Ipozhum nannayi work cheyyunnu. Nalla heavy user aanu njan. Ipo Battery il kurach backup kuranju, pinne camera performance kurach degrade aayi. Baki ellam ok aanu.",Mixed Feelings
6 വർഷം ആയി Asus phones യൂസ് ചെയ്യുന്നു. അവർ അപ്ഡേറ്റ്സും തരാറില്ല ഒരു complaints ഇല്ല .,Mixed Feelings
"കഴിഞ്ഞ 7 വർഷത്തോളം ആയി pixel യൂസ് ചെയ്യുന്നു. ഈ പറയുന്ന antutu score ഒന്നും daytoday ലൈഫിൽ അങ്ങനെ ഫീൽ ചെയ്യുന്നില്ല. But, 7pro നല്ല heating ഉണ്ട്. അതൊഴിച്ചാൽ വേറെ പ്രോബ്ലെംസ് ഒന്നും ഉണ്ടായിട്ടില്ല.",Mixed Feelings
"I have been using the pixel 4a with jio e sim since 2020, No problem, great and clean UI , buttery smooth, Great camera performance even with single camera,I am a great fan of pixel phones.Only issue with the chipset",Mixed Feelings
"Everything is outstanding but If any problem happens, there's no service center available in kerala.",Mixed Feelings
OCD Scene ആണ്. ആ ക്യാമറ താഴെ കുറച്ചു താഴെ ആണേൽ ഞാൻ അവിടെ തന്നെ നോക്കി നിക്കും 😂😅,Mixed Feelings
Wow പൊളി,Positive
"ഒരു വർഷം മുന്നേ ഇറങ്ങിയ redmi note 8 അടിപൊളി ആണ്...അതും വെറും 9,999 rs... അതിന് മുന്നിലും പിന്നിലും ഗോറില്ല ഗ്ലാസ് 5 ആണ്... ...അത് പോലെ  mikacha Snapdragon 665 proecssorum ... ",Positive
ഫോൺ കൊള്ളാം adipoli 💖💖👍👍❤️❤️❤️,Positive
"Poco ഇറക്കുന്ന എല്ലാ ഫോണുകളും ഒരേ പോളി💥💥.<a href=""https://www.youtube.com/watch?v=nvlbjX29hOk&amp;t=3m53s"">3:53</a> അത് realme alle 😊",Positive
"എന്റെ zeb 9400pro ഇന്ന് കയ്യിൽ കിട്ടി . ഈ ബിഗ് ബില്യൺ സെയിലിൽ 10000 രൂപയ്ക്ക് കിട്ടി ..ആദ്യം തന്നെ ഒരു ഭക്തിഗാനം ഇടാമെന്നു കരുതി വടക്കുംനാഥനിലെ കളഭം തരാം ഇട്ടു..സത്യം പറയാല്ലോ..അന്നേരം പറന്നു പോയ കിളിയൊന്നും ഇതുവരെ കൂട്ടിൽ കയറിയിട്ടില്ല ...My rating 100/100.Bt, aux r.എല്ലാം ചെക്ക് ചെയ്തു ...പക്കാ .6 hrs burning ചെയ്തു ..Hdmi വഴി കമ്പ്യൂട്ടറിൽ കൊടുത്തിട്ട് പ്ലേ ആയില്ല ..എന്തോ error കാണിച്ചു",Positive
athu us brand ആണ് .പിന്നെ rate 40kplus വരും .ആ വിലക്കുള്ള മുതൽ ഉണ്ട് .സൗണ്ട് വേറെ ലെവൽ 🔥🔥,Positive
Vizio 5.1 dolby atmos soundbar നെ വെല്ലാൻ ഇതുവരെ ഒന്നും ഇല്ല .വെടിക്കെട്ട് ഐറ്റം 🥰🔥,Positive
ഇതിന്റെ sound real ആയിട്ട് കേൾക്കണം bro. Next level 🧨🧨🧨,Positive
Zebronics powliyalle കുറഞ്ഞ വിലയിൽ മികച്ച ക്വാളിറ്റി 😍,Positive
bro നല്ല ഐറ്റമാണ് ആമസോൺ വഴിയാണ് ഞാൻ വാങ്ങിയത്,Positive
ഞാനും വാങ്ങി കിടിലൻ സാധനം🔥🔥best sound quality💕,Positive
sony s20r ഞാനും കേട്ടു... 100il വെച്ചാലും gd qlty sound ആണ് 👍🏼 but zerbn കേട്ടില്ല ഇത് വരെ,Positive
"ഞാനിത് വാങ്ങിയിട്ട് ഒരു വർഷം കഴിഞ്ഞു. നല്ല സൗണ്ട് ക്വാളിറ്റി , സൂപ്പർ ബാസ്, ഫുൾ വോളിയം വെയ്ക്കാൻ പറ്റില്ലാ..... 40 പോയിന്റാണ് ഫുൾ വോളിയം മാക്സിമം ഒരു <a href=""https://www.youtube.com/watch?v=47z6KjtythI&amp;t=30m31s"">30:31</a> അത്രയാകുമ്പോഴക്കും ഭയങ്കര സൗണ്ടാണ്.!",Positive
സത്യമാണ് Bro മൾട്ടിമീറ്റർ വെച്ച് ചെക്ക് ചെയ്ത് ഉറപ്പാക്കിയിട്ട് വാങ്ങിച്ചോളൂ. അടിപൊളിയാണ്..! ❤️,Positive
zebronics നല്ല കമ്പനി ആണ്,Positive
Ha njan satisfied n pinne itherum പ്രതീക്ഷിച്ചില്ല,Positive
ഇത് നല്ല കമ്പനി ആണ് bro ഞൻ use ചെയ്യുന്നു gud quality,Positive
"ബ്രോ പാട്ട് കേൾക്കാൻ സൂപ്പർ ആണ്... ബസ്സ്‌ -3ൽ വച്ചാൽ തന്നെ വീട് കുലുങ്ങും, HDMI ARC സപ്പോർട്ട് ഉള്ള ടിവിയിൽ നിന്നും ഔട്ട്‌ എടുത്ത് സിനിമ കണ്ടാൽ ഡോൽബി അറ്റ്മോസ് ആസ്വാധിക്കാൻ സാധിക്കും ഏറെക്കുറെ... പ്ലേ ചെയ്യുന്ന സിനിമ 5.1 ആയിരിക്കണം... 😍",Positive
"ബാസൊക്കെയുണ്ട് ബ്രോ... അതിനെക്കാൾ എടുത്തു പറയേണ്ട ഒന്ന് പെർഫോമൻസാണ് ഒരേ പൊളിയാണ്, ക്ലാരിറ്റി പക്കയാണ്...💯",Positive
Super ആണ് ബ്രോ ഇത്.boat Avante യും പോളി ആണ്.,Positive
5g illa വില കൂടി,Negative
Samsung അല്ലേ..6 മാസം കൊണ്ട് നല്ല മാറ്റം വന്നോളും..😀,Negative
അയ്യോ വേണ്ട ഇനിയൊരു പരീക്ഷണത്തിനില്ല. ലോക്ക് ഡൌൺ കാലത്ത് ഒരു ഫോൺ വാങ്ങിക്കേണ്ടതായി വന്നു. ഓൺലൈൻ ക്ലാസ്സ്‌ അറ്റൻഡ് ചെയ്യാൻ ഒരു ഫോൺ വേണമായിരുന്നു വാങ്ങിക്കാൻ ചെന്നപ്പോൾ ഫോൺ കിട്ടാനില്ല അവസാനം ഒരെണ്ണം കണ്ടെത്തി samsung galaxy M11 വേറെ ഓപ്ഷനില്ലായിരുന്നു വാങ്ങിക്കേണ്ടിവന്നു. (പ്രശ്നം മീഡിയ സൗണ്ട് )സൗണ്ട് വളരെ കുറവാണ് വാങ്ങിച്ച കടയിൽ ചെന്ന് കംപ്ലയിന്റ് പറഞ്ഞപ്പോൾ അവിടെ നിന്ന് പറഞ്ഞത് ആവശ്യത്തിനുള്ള സൗണ്ട് ഉണ്ടല്ലോ.. ഇതിൽ കൂടുതൽ . എന്നാ സൗണ്ട് വേണം. ഞാൻ ചോദിച്ചോട്ടെ യഥാർത്ഥത്തിൽ മറ്റ് ബ്രാൻഡുമായി കംപേർ ചെയ്യുമ്പോൾ സാംസങ് ഫോൺ സൗണ്ട് കുറവാണോ..?,Negative
"Vivo y12(190g, 5000mah) ഉള്ള ഞാൻ തന്നെ കഷ്ടപ്പെടുകയാണ് ഭാരത്തിൽ.. ഇതു അതുക്കും മെല്ലെ, ദൈവമേ ഹൊള്ളോ ബ്രിക്‌സ് കൈയിൽ വച്ചപോല്ലേ ഇരികുമായിരിക്കും 😜😜",Negative
"പതിവു പോലെ ഈ ഫോണും over price ചെയ്യാൻ സാംസങ്ങിന് കഴിഞ്ഞു🙄 best, if priced between 20 to 22K",Negative
ഡിസ്പ്ലേ പോയാൽ... aഅ ഫോൺ വിറ്റാൽ പോലും കിട്ടാത്ത വില കൊടുക്കണം... 🤣🤣🤣🤣🤣🤣🤣,Negative
"M31s ന്റെയും ഇതിന്റെയും വില കൂടുതൽ ആണ് എന്ന് തോന്നുന്നു. 25k ക്കു കുറച്ചുകൂടി നല്ല full metal design, gorilla glass5 , back cover, 35w charger എന്നിവ നൽകാമായിരുന്നു",Negative
25000 രൂപ മുടക്കി ഈ ഫോൺ മേടിക്കുമ്പോളും 4g മാത്രം ആണ് ഉള്ളത്. എന്ത് കൊണ്ടും 3000 രൂപ കൂടെ ഇട്ട് one plus nord വാങ്ങുന്നതാണ് നല്ലത്.,Negative
Set aaki set aaki vanatha appo വില kettappo allam poyi,Negative
Samsung റേഞ്ച് കുറവാണു മറ്റ് ചൈന ഫോണുകൾ vechu നോക്കുമ്പോൾ വളരെ കുറവാണു. ഞാൻ a30 ആണ് യൂസ് ചെയുന്നത്.,Negative
5 G ഇല്ല എന്നുള്ള കുറവ് ണ്ട്,Negative
എക്സിനോസ് ആയിരിക്കും എന്ന മുൻവിധിയോടെയാണ് കണ്ടത്.. 😁 .ഇനി മാറ്റേണ്ടത് ആ പ്ലാസ്റ്റിക് ബോഡി ആണ്..കുറഞ്ഞത് സെറാമിക് എങ്കിലും ആക്കണം.,Negative
ജീവൻ ഉണ്ടേൽ സാംസങ് എടുക്കല്ലേ മക്കളെ ...UI INTERFACE ഹാങ്ങ്‌ ..ബാറ്ററി ദുരന്തം... നിലവിൽ A50s ഉപയോഗിച്ച് ഊഞ്ഞാലാടി ഇരിക്കുന്ന ഒരു ഡൈ ഹാർഡ് സാംസങ് ഫാൻ ആയിരുന്ന ഒരു പാവം,Negative
ഭീകര ഫോൺ ആയിട്ടില്ല ആവണമെങ്കിൽ സ്റ്റീരിയോ സ്പീക്കറും 5g ഉം കൂടി കൊണ്ടു വരണം prosasor snapdragan 730g+ ഉം വേണം,Negative
Led ഡിസ്പ്ലേ ഉള്ള മിക്ക ഫോണുകളും ഇപ്പൊ ഡിസ്പ്ലേ ബർണിങ് എന്നാ ഇഷ്യൂ ഫേസ് ചെയ്യുന്നുണ്ട്.. എന്റെ S8 പ്ലസ് (AMOLED )ഉം ഈ സെയിം ഇഷ്യൂ ഇൽ ആണ്. എന്നാൽ കമ്പനി ഇതിനു ഒരു റീസൺ തരുന്നതും ഇല്ല.. 🙄,Negative
towerinte 300 മീറ്റർ പരിധിക്കപ്പുറത് നിന്നും ഉപയോഗിക്കുമ്പോൾ തീരെ സിഗ്നൽ കിട്ടാത്ത ലോകത്തിലെ ഏറ്റവും മോശം മൊബൈൽ സാംസങ് ആയിരിക്കും..,Negative
"ഈ ഒരു ഫോൺ ആരും എടുക്കരുത്.Board complaint വരുന്നുണ്ട്.3month use ചെയ്യുമ്പോ തന്നെ ബോർഡ് complaint വരുന്നുണ്ട്.ഞാൻ ഒരു smart phone technician ആണ്.ഒരുപാടു പേര് complaint ആയിട്ട് കൊണ്ടുവരുന്നുണ്ട്.കൊണ്ടുവരുന്നതൊക്കെ board ആണ് പ്രെശ്നം.ഫോനിന്റെ പകുതിയിൽ അധികം പൈസ വരും board മാറ്റാൻ.കറക്റ്റ് 1year കഴിഞ്ഞു complaint വന്നൊരു ഫോൺ ഈ അടുത്തായി കിട്ടിയിരുന്നു.1year ആയതു കൊണ്ട് തന്നെ warrenty ഉം കഴിഞ്ഞു.പിന്നെ പെട്ട് പോകും.Redmi 9,9pro,9pro max, എല്ലാത്തിനും ഈ complaints ഉണ്ട്.",Negative
"Redmi note 9 pro ദയവുചെയ്ത് ആരും എടുക്കരുത് കാരണം ഫോൺ ഹാങ്ങ്‌, call ചെയ്യുബോൾ ഹാങ്ങ്‌, ബാറ്ററി പെട്ടെന്ന് തിരുന്നുണ്ട് ഞാൻ പെട്ട് ഇരിക്കുകയാണ് ഈ ഫോൺ എടുത്തിട്ട് YouTube കണ്ട് ആരും ഫോൺ എടുക്കരുത് ഞാൻ കൂട്ടി വച്ച പൈസ ക്ക് വാങ്ങി പെട്ട് ഇരിക്കുകയാണ് network തീരെ കിട്ടില്ല പ്ലീസ്",Negative
കൊണ്ടു പോയി പുഴുങ്ങി തിന്ന്. കച്ചറ സാധനം. After sale service nahi hey bhai... pls dnt promote,Negative
Finger print സൈഡിൽ ആയതു വെറുപ്പിക്കൽ ആണ്..,Negative
Se എടുത്തു ഒരു സംശയം doul സ്പീക്കർ left side സൗണ്ട് ഇല്ല അത് normaly അങ്ങ്നെ ആണോ,Neutral
E size il android fones വന്നിരുന്നെങ്കിൽ.. മുൻപ് ഇറങ്ങിയ റെഡ്മീടെ 5a പോലുള്ളവ.,Neutral
IPhone 4s ന്റെ ഒരു വീഡിയോ കഴിയുമെങ്കിൽ ചെയ്യണേ bro.അല്ലെങ്കിൽ old iphone Se .ഇനിക്ക് ഇഷ്ടപെട്ട രണ്ടു iphone designs model ആണ് .,Neutral
UAE യിൽ നിന്ന് ഫോൺ വാങ്ങയൽ country lock ആകുമോ ? നാട്ടിൽ use ചെയ്യാൻ ആണ്,Neutral
ഒരു സംശയം കൂടി 10മിനിറ്റ് 4k വീഡിയോ ഐഫോൺ se യിൽ ഷൂട്ട്‌ ചെയ്താൽ എത്ര mb വരും,Neutral
ഞാൻ ഒരു ഫോൺ എടുക്കാൻ ആലോജിക്കുവാണ് flagship ആണ് താൽപര്യം .iPhone 11.OnePlus 7T pro.Samsung S10+.Or any other?,Neutral
Bro.... അതെന്താ Back Panel ൽ Product എന്ന് എഴുതിയിരിക്കുന്നേ?,Neutral
@ചാർലി -ബ്രോ bro ethra GB varient aanu 32 gb ippo use cheyyan nallathano,Neutral
2nd വാങ്ങിയാൽ പെടുമോ ബ്രോ 🤔🤔,Neutral
Battery case എന്താണ്?,Neutral
"2021ലേക്ക് 6s, 6+ എടുക്കാവോ ??",Neutral
Bro 7 price ethre ഉണ്ടാകും,Neutral
ബാറ്ററി case ഇട്ടാൽ എന്താണ് ബ്രോ ഗുണം,Neutral
ഈ വരുന്ന ios 14 software കിട്ടും ഐഫോൺ 6ൽ,Neutral
Ios14 6s ഇൽ കിട്ടുമോ??,Neutral
"PayTm siteൽ കണ്ടു ,Refurbished iphones with 6 monthട warranty. Apple ൻ്റെ official refursbished ഫോണുകൾ കിട്ടുന്ന Site ഏതാന്നെന്ന് പറയാമോ?",Neutral
വാറൻ്റിയുള്ള refurbished iphone വാങ്ങിയാൽ എങ്ങനെയുണ്ടാകും? പണി കിട്ടുമോ?,Neutral
ചാർജിങ് എങ്ങനെ ചെയ്യുന്നത്... full ആക്കണോ 80%ൽ നിർത്തണോ,Neutral
Bro charge ഒക്കെ എങ്ങനെ ചെയ്യേണ്ടത് .ഒന്ന് പറഞ്ഞു തരുമോ,Neutral
<b>Bro Battery Case എന്താ സാധനം എന്ന് പറഞ്ഞ തരുമോ പ്ലീസ്</b> 👆👆,Neutral
"ഇങ്ങനെപോയാൽ ജയരാജ്‌ ഏട്ടൻ ബിഗ് സ്‌ക്രീനിൽ കാണാൻ പറ്റും, എജ്ജാതി item intro 🔥",Not_relevant
Intro 🔥🔥🔥 റിപീറ്റ് അടിക്കുന്നു,Not_relevant
Intro അന്യായം 😂😂👌👌👌,Not_relevant
Late ആയി വന്നാൽ എന്താ.. 😃 വരവ് ഒരു fully entertainment entry ആയില്ലേ.. intro ചുമ്മാ seeeen സാനം... 😍😂😂,Not_relevant
കുറെ കാലമായി ചാനൽ കാണുന്നു ഇതുവരെ കമന്റ് ഒന്നും അടിച്ചിട്ടില്ല....പക്ഷെ ഇന്നത്തെ intro പറയാതിരിക്കാൻ വയ്യ... 😂 നമിച്ചു,Not_relevant
"ജയരാജേട്ടാ, ഇത്രയും നല്ല രീതിയിൽ review ചെയ്തേ അടിപൊളി ആയിട്ടുണ്ട്... big thanks for you!😊",Not_relevant
Intro കിടു 🔥🔥✌️,Not_relevant
Intro പോളി ......,Not_relevant
Intro പൊളിയായിട്ടുണ്ട്,Not_relevant
Intro..🔥🔥😍 .ജയേട്ടന്റെ അഭിനയം സൂപ്പർ..😊,Not_relevant
Intro വേറെ ലെവൽ,Not_relevant
Intro പൊളി 😃😃❤️❤️❤️👌🏻,Not_relevant
Chata എനിക്കൊരു phone taramo pubg kalikana😔😔😔😔,Not_relevant
"ഈ.... വീഡിയോ കണ്ടുകൊണ്ടിരിക്കുന്ന നിങ്ങളുടെ ഈ മൊബൈൽ ഫോണിന് 📱📱പറ്റിയ ഒരു അടിപൊളി.കവർ വേണ്ടേ.. ....ട്രെൻഡിങ് കവർകളുടെ മോഡൽസ് അറിയാൻ ഇവിടെ കമോൺ..,🔥💪👍",Not_relevant
Evan chumma പറയുന്നതാ അത് കേൾക്കാൻ കുറെ വഴകൾ,Not_relevant
Bro ningade review വളരെ jenuine ആയിട്ടാണ് തോന്നിയിട്ടുള്.,Not_relevant
ഇതെന്താ ചായ ക്ലാസാണോ നിലത്തുവീണാൽ പൊട്ടൻ... He he he... 😂😿,Not_relevant
ഫോൺ റിവ്യൂ king ❤❤,Not_relevant
Shaz അണ്ണൻ ന്ത് late ആയിപ്പോയ 😊,Not_relevant
July12വിന് nothing phone1ഉം July 13നിന് എന്റെ birthdayയും 😃😃😃,Not_relevant